{
"type": "FeatureCollection",
"name": "CivicLeagues",
"crs": { "type": "name", "properties": { "name": "urn:ogc:def:crs:OGC:1.3:CRS84" } },
"features": [
{ "type": "Feature", "properties": { "OBJECTID": 1, "UID": 1, "LEAGUE": "Algonquin Park and North Shore Point", "PRES_ADDRE": "No Information Available", "MTG_FREQUE": "Announced", "MTG_TIME": "unknown", "MTG_LOCATI": "Church of the Good Shepherd", "SHAPE_LENG": 10763.3059507, "NAME1": "Algonquin Park/", "NAME2": "North Shore Point", "PRESIDENT": "Will Redfern", "E_MAIL": "willredfern@hotmail.com", "created_user": null, "created_date": null, "last_edited_user": "WTILGHM", "last_edited_date": "2024-02-19T19:11:07Z", "Shape_Length": 0.033393963098966778, "Shape_Area": 6.3911739180579489e-05 }, "geometry": { "type": "MultiPolygon", "coordinates": [ [ [ [ -76.293821926999954, 36.911622585000032 ], [ -76.29380770399996, 36.911534730000028 ], [ -76.293801151999958, 36.911535412000035 ], [ -76.293726377999974, 36.911543196000025 ], [ -76.293722902999946, 36.911543558000062 ], [ -76.293740885999966, 36.911658175000071 ], [ -76.293745145999935, 36.911685326000054 ], [ -76.293576257999973, 36.911703523000028 ], [ -76.29357457499998, 36.911693381000077 ], [ -76.293556317999958, 36.911583318000055 ], [ -76.293552662999957, 36.911561283000026 ], [ -76.293385151999985, 36.911579884000048 ], [ -76.293320020999943, 36.911590472000057 ], [ -76.293316449999963, 36.911557977000029 ], [ -76.293123301999969, 36.910386560000063 ], [ -76.292753270999981, 36.910423480000077 ], [ -76.292074395999975, 36.910491808000074 ], [ -76.289842635999946, 36.910716397000044 ], [ -76.289427926999963, 36.910757867000029 ], [ -76.289427278999938, 36.910757931000035 ], [ -76.289426351999964, 36.910757978000049 ], [ -76.289413212999989, 36.910758644000055 ], [ -76.289449572999956, 36.910638629000061 ], [ -76.289452906999941, 36.910611536000033 ], [ -76.289277613999957, 36.910189744000036 ], [ -76.288844967999978, 36.908836085000075 ], [ -76.288249103999988, 36.908035006000034 ], [ -76.288173178999955, 36.907533313000044 ], [ -76.288125951999973, 36.907213974000058 ], [ -76.288412366999978, 36.90649701600006 ], [ -76.288431919999937, 36.90635848200003 ], [ -76.288530793999939, 36.905776391000074 ], [ -76.288525921999963, 36.905776242000059 ], [ -76.288577177999969, 36.905467587000032 ], [ -76.288668099999938, 36.904650342000025 ], [ -76.288679470999966, 36.904572785000028 ], [ -76.289525953999942, 36.904142233000073 ], [ -76.290980726999976, 36.904226334000043 ], [ -76.293629741999951, 36.904539154000076 ], [ -76.296191686999975, 36.905376399000033 ], [ -76.297703071999933, 36.905989917000056 ], [ -76.298993097999983, 36.906687184000077 ], [ -76.300104917999988, 36.908244794000041 ], [ -76.300114115999975, 36.908257680000077 ], [ -76.299875172999975, 36.908546009000077 ], [ -76.299397104999969, 36.909150885000031 ], [ -76.298343247999981, 36.910482162000051 ], [ -76.297851040999944, 36.911049071000036 ], [ -76.297850294999989, 36.911049132000073 ], [ -76.297700894999934, 36.911061621000044 ], [ -76.297507047999943, 36.91109563200007 ], [ -76.297126926999965, 36.911165052000058 ], [ -76.296724272999938, 36.911268821000078 ], [ -76.29661899499996, 36.911295952000046 ], [ -76.296595837999973, 36.911301921000074 ], [ -76.296312391999948, 36.91136743800007 ], [ -76.296304745999976, 36.911369363000063 ], [ -76.296061174999977, 36.91141586100008 ], [ -76.295240276999948, 36.911568162000037 ], [ -76.294875795999985, 36.911638932000074 ], [ -76.294738854999935, 36.911669581000069 ], [ -76.294735697999954, 36.911670287000049 ], [ -76.294676056999947, 36.91166159800008 ], [ -76.294611404999955, 36.91163775900003 ], [ -76.294599561999974, 36.911633391000066 ], [ -76.294416066999986, 36.91157056600008 ], [ -76.294325328999946, 36.911539478000066 ], [ -76.294230381999967, 36.911489020000033 ], [ -76.294180352999945, 36.911495120000041 ], [ -76.294149518999973, 36.911498880000067 ], [ -76.294146077999983, 36.91149929900007 ], [ -76.294158832999983, 36.91158729600005 ], [ -76.294165770999939, 36.911630338000066 ], [ -76.294188894999934, 36.911773786000026 ], [ -76.29399919399998, 36.911792211000034 ], [ -76.293849364999971, 36.911806763000072 ], [ -76.293821926999954, 36.911622585000032 ] ] ] ] } },
{ "type": "Feature", "properties": { "OBJECTID": 2, "UID": 2, "LEAGUE": "Attucks and Barberton and Church", "PRES_ADDRE": "No Information Available", "MTG_FREQUE": "2nd Saturday, monthly", "MTG_TIME": "10:00 am", "MTG_LOCATI": "Blyden Branch Library", "SHAPE_LENG": 8611.7409148900006, "NAME1": "Attucks/ Barberton/", "NAME2": "Church Street", "PRESIDENT": "No Information Available", "E_MAIL": "No Information Available", "created_user": null, "created_date": null, "last_edited_user": "WTILGHM", "last_edited_date": "2024-02-20T04:13:07Z", "Shape_Length": 0.026405939529550067, "Shape_Area": 2.7837532775430016e-05 }, "geometry": { "type": "MultiPolygon", "coordinates": [ [ [ [ -76.277895942999976, 36.859439458000054 ], [ -76.27789360099996, 36.859428435000041 ], [ -76.277855871999975, 36.85943252900006 ], [ -76.27762469299995, 36.859458442000061 ], [ -76.277294723999944, 36.85949542700007 ], [ -76.276843462999977, 36.859546006000073 ], [ -76.276514854999959, 36.859582837000062 ], [ -76.276377425999954, 36.859598240000025 ], [ -76.276073847999953, 36.859551011000065 ], [ -76.276050691999956, 36.859547409000072 ], [ -76.275992024999937, 36.859528354000076 ], [ -76.275696254999957, 36.85943228800005 ], [ -76.275446005999981, 36.859351007000043 ], [ -76.275285191999956, 36.859298773000035 ], [ -76.274689991999935, 36.859105446000058 ], [ -76.27413596599996, 36.858925490000047 ], [ -76.273763484999961, 36.858804500000076 ], [ -76.272792940999977, 36.85848924000004 ], [ -76.272725615999946, 36.858467336000047 ], [ -76.273587187999965, 36.856671214000073 ], [ -76.273617221999984, 36.856606261000024 ], [ -76.273872446999974, 36.85606437000007 ], [ -76.274494215999937, 36.854681860000028 ], [ -76.274596535999933, 36.854457139000033 ], [ -76.274669907999964, 36.854286819000038 ], [ -76.274707029999945, 36.854303320000042 ], [ -76.274712352999984, 36.854306056000041 ], [ -76.274729934999982, 36.85431518200005 ], [ -76.274734149999972, 36.854317369000057 ], [ -76.274754159999986, 36.854328252000073 ], [ -76.274784328999942, 36.85434874200007 ], [ -76.274798775999955, 36.854357884000024 ], [ -76.274831319999976, 36.854378480000037 ], [ -76.274848060999943, 36.85439047300008 ], [ -76.274868239999989, 36.854401845000041 ], [ -76.274895172999948, 36.854416092000065 ], [ -76.275046836999934, 36.854490397000063 ], [ -76.275162145999957, 36.854546808000066 ], [ -76.275178283999935, 36.854554703000076 ], [ -76.275309947999972, 36.854611950000049 ], [ -76.275604142999953, 36.854739864000067 ], [ -76.276016082999945, 36.854918971000075 ], [ -76.276232367999967, 36.855013009000061 ], [ -76.27632844599998, 36.855054781000035 ], [ -76.276332789999969, 36.855056671000057 ], [ -76.276332856999943, 36.855056699000045 ], [ -76.276345952999975, 36.85506239800003 ], [ -76.276358761999973, 36.855067972000029 ], [ -76.276359795999952, 36.855068422000045 ], [ -76.276359957999944, 36.855068492000044 ], [ -76.27636040799996, 36.855068688000074 ], [ -76.276384876999941, 36.855079335000028 ], [ -76.276385756999957, 36.855079717000024 ], [ -76.276389404999975, 36.855081305000056 ], [ -76.276422563999972, 36.855095734000031 ], [ -76.276423343999966, 36.855096073000027 ], [ -76.276423592999947, 36.855096182000068 ], [ -76.276424417999976, 36.85509654100008 ], [ -76.27642551699995, 36.855097018000038 ], [ -76.276615337999942, 36.855179616000044 ], [ -76.276615422999953, 36.85517965300005 ], [ -76.277889018999986, 36.855733817000043 ], [ -76.278354844999967, 36.855937692000055 ], [ -76.279191957999956, 36.856305187000032 ], [ -76.279307707999976, 36.85635510700007 ], [ -76.279316877999975, 36.856359062000024 ], [ -76.279258507999941, 36.85648433700004 ], [ -76.278900201999988, 36.857252401000039 ], [ -76.278890074999936, 36.857274109000059 ], [ -76.279306045999988, 36.85742964700006 ], [ -76.279742339999984, 36.857591747000072 ], [ -76.279786338999941, 36.857607002000066 ], [ -76.279810016999988, 36.857615692000024 ], [ -76.279860849999977, 36.857631077000065 ], [ -76.279884567999943, 36.857638393000059 ], [ -76.279911723999987, 36.857645088000027 ], [ -76.279962637999972, 36.85765772700006 ], [ -76.280013590999943, 36.857668993000061 ], [ -76.280404620999946, 36.857742319000067 ], [ -76.280418187999942, 36.857746010000028 ], [ -76.280431715999953, 36.857751073000031 ], [ -76.280445222999958, 36.857756823000045 ], [ -76.280455293999978, 36.857763195000075 ], [ -76.280465323999977, 36.85777094000008 ], [ -76.280471897999973, 36.857779993000065 ], [ -76.280478509999966, 36.857787673000075 ], [ -76.280481644999952, 36.857797349000066 ], [ -76.280488177999985, 36.857807775000026 ], [ -76.280487876999985, 36.857818072000043 ], [ -76.280487898999979, 36.857818159000033 ], [ -76.280490931999964, 36.857830492000062 ], [ -76.280487133999941, 36.857843471000024 ], [ -76.280460220999942, 36.857945302000076 ], [ -76.28035347499997, 36.85832173600005 ], [ -76.280227552999975, 36.858769239000026 ], [ -76.280193663999967, 36.858758981000051 ], [ -76.279986072999975, 36.859426791000033 ], [ -76.279978957999958, 36.859436272000039 ], [ -76.279971821999936, 36.859446440000056 ], [ -76.279964767999957, 36.859453862000066 ], [ -76.279954294999982, 36.859461219000025 ], [ -76.279943861999982, 36.859467204000055 ], [ -76.279933449999987, 36.859472502000074 ], [ -76.279923078999957, 36.859476427000061 ], [ -76.279909310999983, 36.859479601000032 ], [ -76.279898997999965, 36.859481466000034 ], [ -76.279885268999976, 36.85948326700003 ], [ -76.279871600999968, 36.85948300900003 ], [ -76.279027066999959, 36.85943291600006 ], [ -76.279021746999945, 36.859432601000037 ], [ -76.279109869999957, 36.859801255000036 ], [ -76.279162649999989, 36.860079066000026 ], [ -76.279176382999935, 36.860183975000041 ], [ -76.279174591999947, 36.860284429000046 ], [ -76.279186089999939, 36.860358825000048 ], [ -76.279231147999951, 36.860465146000024 ], [ -76.279239168999936, 36.860561005000079 ], [ -76.279436891999978, 36.861574011000073 ], [ -76.279449559999989, 36.861696059000053 ], [ -76.27937051899994, 36.86176690700006 ], [ -76.279267077999975, 36.861796546000051 ], [ -76.27894469499995, 36.861830288000078 ], [ -76.278574147999961, 36.861874107000062 ], [ -76.278386061999981, 36.861888130000068 ], [ -76.27838066399994, 36.86188853200008 ], [ -76.278280600999949, 36.861355450000076 ], [ -76.278109948999941, 36.860446308000064 ], [ -76.277895942999976, 36.859439458000054 ] ] ] ] } },
{ "type": "Feature", "properties": { "OBJECTID": 3, "UID": 3, "LEAGUE": "Azalea Acres and Azalea Lakes", "PRES_ADDRE": "5809 Townley Ave", "MTG_FREQUE": "1st Monday, monthly", "MTG_TIME": "7:00 pm", "MTG_LOCATI": "Norfolk Apostolic Church", "SHAPE_LENG": 11280.666726199999, "NAME1": "Azalea Acres/", "NAME2": "Azalea Lakes", "PRESIDENT": "Barbara James", "E_MAIL": "aa.al.civicleague@gmail.com", "created_user": null, "created_date": null, "last_edited_user": "WTILGHM", "last_edited_date": "2024-02-19T19:11:07Z", "Shape_Length": 0.035080742609579663, "Shape_Area": 7.023420210795886e-05 }, "geometry": { "type": "MultiPolygon", "coordinates": [ [ [ [ -76.216441976999988, 36.895590617000039 ], [ -76.216170468999962, 36.895519403000037 ], [ -76.21595850999995, 36.895515283000066 ], [ -76.215927865999959, 36.895510567000031 ], [ -76.215519487999984, 36.895440812000061 ], [ -76.214888465999934, 36.895494481000071 ], [ -76.214839894999955, 36.89546830200004 ], [ -76.214302784999973, 36.895178814000076 ], [ -76.213688139999988, 36.894689494000033 ], [ -76.213260780999974, 36.894115211000042 ], [ -76.212717940999937, 36.893627281000079 ], [ -76.212549513999988, 36.893087570000034 ], [ -76.212298693999969, 36.892784593000044 ], [ -76.211679751999952, 36.892325399000072 ], [ -76.211288240999977, 36.891810876000079 ], [ -76.211163005999936, 36.890973908000035 ], [ -76.210925691999989, 36.890224047000061 ], [ -76.210663192999959, 36.889175601000034 ], [ -76.210663954999973, 36.889150382000025 ], [ -76.210689289999948, 36.888311359000056 ], [ -76.210862373999987, 36.887449981000032 ], [ -76.211586311999952, 36.88680882400007 ], [ -76.212050686999987, 36.886453386000028 ], [ -76.212198180999962, 36.88625408300004 ], [ -76.212388263999969, 36.885892349000073 ], [ -76.212755874999971, 36.885713483000075 ], [ -76.213043744999936, 36.886183283000037 ], [ -76.213855726999952, 36.886627162000025 ], [ -76.214687499999968, 36.887081848000037 ], [ -76.21505504299995, 36.887278563000052 ], [ -76.21572615499997, 36.88763446400003 ], [ -76.215829601999985, 36.887689788000046 ], [ -76.216428537999946, 36.887956513000063 ], [ -76.216471469999988, 36.887972020000063 ], [ -76.216498962999935, 36.887984116000041 ], [ -76.216771734999952, 36.888080469000045 ], [ -76.216937210999959, 36.888138920000074 ], [ -76.216940066999939, 36.888141266000048 ], [ -76.216944482999963, 36.888142860000073 ], [ -76.216975913999988, 36.888170706000039 ], [ -76.217497915999957, 36.888633166000034 ], [ -76.217933357999982, 36.889031770000031 ], [ -76.218789432999984, 36.889761982000039 ], [ -76.218810786999939, 36.889780195000071 ], [ -76.219127212999979, 36.890039346000037 ], [ -76.219167841999933, 36.89007248300004 ], [ -76.219636129999969, 36.890357046000076 ], [ -76.219984805999957, 36.889823217000071 ], [ -76.220420981999951, 36.890440148000039 ], [ -76.221225949999962, 36.891578669000069 ], [ -76.221674002999976, 36.892212366000024 ], [ -76.221723362999967, 36.892276887000037 ], [ -76.221797255999945, 36.892373474000067 ], [ -76.221858473999987, 36.892453497000076 ], [ -76.221895261999975, 36.892501583000069 ], [ -76.222112264999964, 36.892785233000041 ], [ -76.222302128999956, 36.893044972000041 ], [ -76.222493222999958, 36.893306390000077 ], [ -76.222529445999953, 36.893355945000053 ], [ -76.223012045999951, 36.894016140000076 ], [ -76.221597190999944, 36.894444043000078 ], [ -76.221064924999951, 36.894626727000059 ], [ -76.220964957999968, 36.894652263000069 ], [ -76.219764513999962, 36.894986825000046 ], [ -76.219316515999935, 36.895096958000067 ], [ -76.219199043999936, 36.895363237000026 ], [ -76.21822629199994, 36.895519501000024 ], [ -76.217814851999947, 36.895551349000073 ], [ -76.217368128999965, 36.895618913000078 ], [ -76.216852659999972, 36.895697504000054 ], [ -76.216441976999988, 36.895590617000039 ] ] ] ] } },
{ "type": "Feature", "properties": { "OBJECTID": 4, "UID": 4, "LEAGUE": "Ballentine Place", "PRES_ADDRE": "No Information Available", "MTG_FREQUE": "3rd Thursday, monthly", "MTG_TIME": "7:00 pm", "MTG_LOCATI": "Trinity Word of Faith Baptist Church", "SHAPE_LENG": 20700.261317699998, "NAME1": "Ballentine", "NAME2": "Place", "PRESIDENT": "Sikaiadah Newton", "E_MAIL": "BallentinePlaceCivicLeague@gmail.com ", "created_user": null, "created_date": null, "last_edited_user": "RFRASHE", "last_edited_date": "2025-03-03T21:54:00Z", "Shape_Length": 0.069137818745941507, "Shape_Area": 0.00014009442875411693 }, "geometry": { "type": "MultiPolygon", "coordinates": [ [ [ [ -76.251988964999953, 36.87519194500004 ], [ -76.251933834999988, 36.874859830000048 ], [ -76.251466492999953, 36.874936055000035 ], [ -76.250811454999962, 36.875023082000041 ], [ -76.250237384999934, 36.875099326000054 ], [ -76.249896864999982, 36.873639788000048 ], [ -76.249759929999982, 36.873201941000048 ], [ -76.249720254999943, 36.873217210000064 ], [ -76.24956567299995, 36.873275283000055 ], [ -76.249381124999957, 36.873344613000029 ], [ -76.249275935999947, 36.873385058000054 ], [ -76.249056949999954, 36.873469252000064 ], [ -76.248776995999947, 36.87357651800005 ], [ -76.248217236999949, 36.873786650000056 ], [ -76.246624426999972, 36.874408402000029 ], [ -76.246350464999978, 36.873213629000077 ], [ -76.246350228999972, 36.873212597000077 ], [ -76.247004145999938, 36.872994017000053 ], [ -76.246898046999945, 36.872856283000033 ], [ -76.246798097999942, 36.872728227000039 ], [ -76.246724589999985, 36.872630334000064 ], [ -76.246592790999955, 36.872454813000047 ], [ -76.246399199999985, 36.872197266000057 ], [ -76.246362762, 36.872147293000069 ], [ -76.246199807999972, 36.871930275000068 ], [ -76.246105366999984, 36.871976945000029 ], [ -76.245895182999959, 36.871821914000066 ], [ -76.24565264499995, 36.871653981000065 ], [ -76.244509560999973, 36.870838505000052 ], [ -76.244494638999981, 36.870826997000052 ], [ -76.244448211999952, 36.870794738000029 ], [ -76.244376515999988, 36.870743589000028 ], [ -76.244316162999951, 36.87070501900007 ], [ -76.24437999099996, 36.870696724000027 ], [ -76.244327844999987, 36.870658440000057 ], [ -76.244334979999962, 36.87064558000003 ], [ -76.244365707999975, 36.870627761000037 ], [ -76.244418829999972, 36.870599069000036 ], [ -76.244523926999989, 36.870540772000027 ], [ -76.244528973999934, 36.870538080000074 ], [ -76.245658279999986, 36.870004852000079 ], [ -76.24619301499996, 36.869752358000028 ], [ -76.248052386999973, 36.868874357000038 ], [ -76.249249849999956, 36.868291557000077 ], [ -76.249396845999968, 36.868220012000052 ], [ -76.249775237999984, 36.868069103000039 ], [ -76.249847882999973, 36.868058008000048 ], [ -76.249846272999946, 36.867997009000078 ], [ -76.248325102999956, 36.866699939000057 ], [ -76.247894607999967, 36.866327483000077 ], [ -76.247309661999964, 36.865818823000041 ], [ -76.247090575999948, 36.865631313000051 ], [ -76.246501110999986, 36.86512182000007 ], [ -76.246428808999951, 36.865059261000056 ], [ -76.245150402999968, 36.863968485000044 ], [ -76.244786299999987, 36.863651804000028 ], [ -76.244189114999983, 36.863102938000054 ], [ -76.246476782999935, 36.862059566000028 ], [ -76.248126894999984, 36.861183198000049 ], [ -76.249718488999974, 36.860048542000072 ], [ -76.249746783999967, 36.860031163000031 ], [ -76.251785751999989, 36.858591471000068 ], [ -76.251935850999985, 36.858503466000059 ], [ -76.252086105999979, 36.85866347800004 ], [ -76.252200325999979, 36.858788780000054 ], [ -76.251917957999979, 36.858974427000078 ], [ -76.251847041999952, 36.859016394000037 ], [ -76.251946311999973, 36.859105455000076 ], [ -76.251954375999958, 36.859113510000043 ], [ -76.252083208999977, 36.859243030000073 ], [ -76.252375006999955, 36.85953801800008 ], [ -76.252467583999987, 36.859631870000044 ], [ -76.25252078799997, 36.859699568000053 ], [ -76.252640520999989, 36.859734862000039 ], [ -76.253022419999979, 36.859847999000067 ], [ -76.253076957999951, 36.859865745000036 ], [ -76.25316533199998, 36.859895829000038 ], [ -76.253173445999948, 36.859898591000047 ], [ -76.253199065, 36.859907306000025 ], [ -76.253229730999976, 36.859917918000065 ], [ -76.253235768999957, 36.859919792000028 ], [ -76.253503870999964, 36.860003005000067 ], [ -76.253512044999979, 36.860005281000042 ], [ -76.253524140999957, 36.860009296000044 ], [ -76.253583963999972, 36.860019978000025 ], [ -76.253639428999975, 36.860028831000079 ], [ -76.253659919999961, 36.860032728000078 ], [ -76.25366506499995, 36.86003327700007 ], [ -76.253719569999987, 36.860042731000078 ], [ -76.253397423999957, 36.860228751000079 ], [ -76.25340426799994, 36.860279982000066 ], [ -76.25419029699998, 36.863574031000041 ], [ -76.254196082999954, 36.863598273000036 ], [ -76.253371534999985, 36.863721514000076 ], [ -76.253364954999938, 36.863722498000072 ], [ -76.25382011399995, 36.865366150000057 ], [ -76.25461194899998, 36.86570776700006 ], [ -76.255151635999937, 36.865611590000071 ], [ -76.25543556699995, 36.86554546800005 ], [ -76.25670512399995, 36.865271610000036 ], [ -76.25821866299998, 36.865106518000061 ], [ -76.258466326999951, 36.864925020000044 ], [ -76.258906509999974, 36.864645618000054 ], [ -76.259861414999989, 36.865129392000028 ], [ -76.260396888999935, 36.865190390000066 ], [ -76.260824860999946, 36.865256373000079 ], [ -76.261335722999945, 36.865323801000045 ], [ -76.261338168999941, 36.86532412400004 ], [ -76.261810430999958, 36.865469354000027 ], [ -76.261940816999982, 36.865508639000041 ], [ -76.262063855999941, 36.865561588000048 ], [ -76.261081529999956, 36.86642889500007 ], [ -76.26049915599998, 36.866998832000036 ], [ -76.259780989999967, 36.867697622000037 ], [ -76.258846707999965, 36.868610238000031 ], [ -76.258161284999971, 36.869587592000073 ], [ -76.258043373999953, 36.869800922000024 ], [ -76.257700281999973, 36.870204605000026 ], [ -76.25734321799996, 36.870665944000052 ], [ -76.256156868999938, 36.871736201000033 ], [ -76.256038308999962, 36.871858574000044 ], [ -76.255748562999941, 36.872164700000042 ], [ -76.255748448999952, 36.872164821000069 ], [ -76.255748361999963, 36.872164913000063 ], [ -76.255592415999956, 36.872329672000035 ], [ -76.255463276999933, 36.872500220000063 ], [ -76.255411381999977, 36.872568754000042 ], [ -76.255357365999942, 36.872625471000049 ], [ -76.255061969999986, 36.872935630000029 ], [ -76.255052019999937, 36.872944579000034 ], [ -76.255051726999966, 36.872944885000038 ], [ -76.254678695999985, 36.873282432000053 ], [ -76.254083030999936, 36.873997044000077 ], [ -76.25349319299994, 36.87451463900004 ], [ -76.253153371999986, 36.874903764000067 ], [ -76.252702862999968, 36.875402318000056 ], [ -76.252324127999941, 36.875767755000027 ], [ -76.252136269999937, 36.875875430000065 ], [ -76.252033338999979, 36.87598932700007 ], [ -76.25201974099997, 36.875538019000032 ], [ -76.25201237899995, 36.875324954000064 ], [ -76.251988964999953, 36.87519194500004 ] ] ] ] } },
{ "type": "Feature", "properties": { "OBJECTID": 5, "UID": 5, "LEAGUE": "Bayview", "PRES_ADDRE": "PO Box 8707", "MTG_FREQUE": "3rd Tuesday no meeting July or August", "MTG_TIME": "7:00 pm", "MTG_LOCATI": "Christ United Methodist Church", "SHAPE_LENG": 25744.848655500002, "NAME1": "Bayview", "NAME2": "", "PRESIDENT": "Lori Latchford", "E_MAIL": "bayviewcivicleague@gmail.com", "created_user": null, "created_date": null, "last_edited_user": "WTILGHM", "last_edited_date": "2024-02-16T14:20:51Z", "Shape_Length": 0.087717060760782825, "Shape_Area": 0.00035210400063703898 }, "geometry": { "type": "MultiPolygon", "coordinates": [ [ [ [ -76.242444184999954, 36.947445426000058 ], [ -76.241549623999958, 36.946805750000067 ], [ -76.241230541999983, 36.947095685000079 ], [ -76.240903894999974, 36.94686074100008 ], [ -76.240815289999944, 36.946940174000076 ], [ -76.239609196999936, 36.946077410000044 ], [ -76.239497866999955, 36.94617783700005 ], [ -76.239369135999937, 36.946087368000065 ], [ -76.239546336999979, 36.945927524000069 ], [ -76.239405146999957, 36.945830386000068 ], [ -76.239020050999954, 36.945557996000048 ], [ -76.237853297999948, 36.944865890000074 ], [ -76.237718014999984, 36.944779878000077 ], [ -76.236750116999985, 36.944213688000048 ], [ -76.236061332999952, 36.943806466000069 ], [ -76.23475644399997, 36.943038219000073 ], [ -76.234278368999981, 36.94275194100004 ], [ -76.234233920999941, 36.942724870000063 ], [ -76.234316681999985, 36.942628915000057 ], [ -76.233400528999937, 36.942161024000029 ], [ -76.233216330999937, 36.942393680000066 ], [ -76.232954340999981, 36.94226261600005 ], [ -76.233140212999956, 36.942028365000056 ], [ -76.232580018999954, 36.94174490100005 ], [ -76.23115351499996, 36.941018006000036 ], [ -76.231001248999974, 36.941207360000078 ], [ -76.23080906499996, 36.941110219000052 ], [ -76.230973160999952, 36.940918625000052 ], [ -76.229967427999952, 36.940403945000071 ], [ -76.229824639999947, 36.940583315000026 ], [ -76.229680204999966, 36.940509401000043 ], [ -76.22982276099998, 36.940329912000038 ], [ -76.229678326999988, 36.940255998000055 ], [ -76.229592827999966, 36.940363647000027 ], [ -76.229211035999981, 36.940168258000028 ], [ -76.229238699999939, 36.940101453000068 ], [ -76.22913669899998, 36.940066562000027 ], [ -76.228862536999941, 36.939961140000037 ], [ -76.228709916999946, 36.939902454000048 ], [ -76.228244598999936, 36.939723539000056 ], [ -76.227582292999955, 36.939468647000069 ], [ -76.227445670999941, 36.939418113000045 ], [ -76.227215012999977, 36.939330503000065 ], [ -76.226960340999938, 36.939233775000048 ], [ -76.226003598999966, 36.93891190800008 ], [ -76.225893055999961, 36.938867788000039 ], [ -76.225735489999977, 36.938814292000075 ], [ -76.225420354999983, 36.938707300000033 ], [ -76.225302178999982, 36.93866717700007 ], [ -76.22518400499996, 36.938627054000051 ], [ -76.224947654999937, 36.938546808000069 ], [ -76.224790086999974, 36.938493310000069 ], [ -76.224632521999979, 36.938439814000049 ], [ -76.224317389999953, 36.93833281700006 ], [ -76.224271888999965, 36.938317632000064 ], [ -76.223761388999947, 36.938143579000041 ], [ -76.223530810999989, 36.938064963000045 ], [ -76.223326482999937, 36.937995293000029 ], [ -76.222718606999933, 36.937788033000061 ], [ -76.22252799499995, 36.937724595000077 ], [ -76.221859724999945, 36.93750015300003 ], [ -76.221731336999937, 36.937461981000069 ], [ -76.221287980999989, 36.937316334000059 ], [ -76.221256308999955, 36.937305929000047 ], [ -76.220914321999942, 36.937193581000031 ], [ -76.220755991999965, 36.937141567000026 ], [ -76.220717986999944, 36.93712908100008 ], [ -76.220527963999984, 36.937066714000025 ], [ -76.220518495999954, 36.937063544000068 ], [ -76.220337993999976, 36.937004244000036 ], [ -76.220280997999964, 36.936985520000064 ], [ -76.220122661999937, 36.936933502000045 ], [ -76.219964331999961, 36.936881486000061 ], [ -76.219647675999965, 36.936777456000073 ], [ -76.219552676999967, 36.936746245000052 ], [ -76.219489340999985, 36.936725437000064 ], [ -76.219331010999952, 36.936673419000044 ], [ -76.219167152999944, 36.936617499000079 ], [ -76.218939508999938, 36.936542413000041 ], [ -76.218738367999947, 36.936476069000037 ], [ -76.218553988999986, 36.936415252000074 ], [ -76.218547408999939, 36.936413082000058 ], [ -76.218167471999948, 36.936287763000053 ], [ -76.218107569999972, 36.936268004000055 ], [ -76.217885484999954, 36.936194748000048 ], [ -76.217788396999936, 36.936162723000052 ], [ -76.217605109999965, 36.936102262000077 ], [ -76.217599423999957, 36.936100386000078 ], [ -76.217598412999962, 36.936100052000029 ], [ -76.217598288999966, 36.936100012000054 ], [ -76.217219657999976, 36.935975116000066 ], [ -76.216993355999989, 36.935900468000057 ], [ -76.216839946999983, 36.935849864000033 ], [ -76.216688732999955, 36.935799984000028 ], [ -76.216312916999982, 36.935677565000049 ], [ -76.216202496999983, 36.935555466000039 ], [ -76.216091105999965, 36.935432295000055 ], [ -76.216099377999967, 36.935414190000074 ], [ -76.216098940999984, 36.935414063000053 ], [ -76.215737284999989, 36.935308647000056 ], [ -76.216218969999943, 36.934218350000037 ], [ -76.216224245999967, 36.934068278000041 ], [ -76.216714583999988, 36.932968721000066 ], [ -76.216764764999937, 36.932837063000079 ], [ -76.217453319999947, 36.932579800000042 ], [ -76.217694896999944, 36.931520362000072 ], [ -76.218762114999947, 36.931189339000071 ], [ -76.220130418999986, 36.93033504400006 ], [ -76.221113665999951, 36.929721138000048 ], [ -76.221726516999979, 36.929901462000032 ], [ -76.221979223999938, 36.930010665000054 ], [ -76.222469989, 36.929922726000029 ], [ -76.222470207999947, 36.929922504000047 ], [ -76.222471851999956, 36.92992220900004 ], [ -76.22267895899995, 36.929710148000026 ], [ -76.222617223999976, 36.92937308300003 ], [ -76.222906076999948, 36.929099129000065 ], [ -76.223247398999945, 36.928904790000047 ], [ -76.226778854999964, 36.928288122000026 ], [ -76.226780763999955, 36.928380278000077 ], [ -76.227114511999957, 36.928175830000043 ], [ -76.227867599999968, 36.92819933100003 ], [ -76.22808865199994, 36.928025565000041 ], [ -76.228580448999935, 36.92786852100005 ], [ -76.228853408999953, 36.927880408000078 ], [ -76.229148400999975, 36.927759336000065 ], [ -76.229288748999977, 36.927490340000077 ], [ -76.229502415999946, 36.927326189000041 ], [ -76.229924687999983, 36.927166751000073 ], [ -76.230502095999952, 36.926779927000041 ], [ -76.230650169999933, 36.926741354000058 ], [ -76.23070738399997, 36.926744967000047 ], [ -76.230704937999974, 36.926752038000075 ], [ -76.230665297999963, 36.927398446000041 ], [ -76.232901810999977, 36.928217882000069 ], [ -76.234031118999951, 36.928104649000034 ], [ -76.23446845999996, 36.92808210000004 ], [ -76.236317324999959, 36.928329949000045 ], [ -76.237690615999952, 36.928528486000062 ], [ -76.237855051999986, 36.928524938000066 ], [ -76.23854769999997, 36.928625944000032 ], [ -76.238855011999988, 36.928694226000061 ], [ -76.239624945999935, 36.928865289000044 ], [ -76.240333085999964, 36.928960472000028 ], [ -76.240476613999988, 36.929047018000063 ], [ -76.240894323999953, 36.929094583000051 ], [ -76.241240062999964, 36.92913395100004 ], [ -76.241266990999975, 36.929134845000078 ], [ -76.241428626999948, 36.92911992900008 ], [ -76.24152473099997, 36.92911067700004 ], [ -76.241579193999939, 36.929341803000057 ], [ -76.241672816999937, 36.929584910000074 ], [ -76.242205673999933, 36.929458675000035 ], [ -76.242414318999977, 36.929422030000069 ], [ -76.242773798999963, 36.929407344000026 ], [ -76.243101546999981, 36.929474064000033 ], [ -76.243335357999968, 36.929517214000043 ], [ -76.243646873999978, 36.92947844400004 ], [ -76.243675062999955, 36.929658568000036 ], [ -76.243849972999953, 36.930765632000032 ], [ -76.244004287999985, 36.931724627000051 ], [ -76.244013430999985, 36.931781447000049 ], [ -76.244072261999975, 36.932177775000071 ], [ -76.244202078999933, 36.933001089000072 ], [ -76.244243627999936, 36.933264595000026 ], [ -76.244332081999971, 36.933825570000067 ], [ -76.245176151999942, 36.939388056000041 ], [ -76.245362133999947, 36.940614212000071 ], [ -76.245544803999962, 36.941836869000042 ], [ -76.245682255999952, 36.942546175000075 ], [ -76.245718635999935, 36.942777295000042 ], [ -76.245799396999985, 36.94322481100005 ], [ -76.245799447999957, 36.943225106000057 ], [ -76.245800524999936, 36.943231059000027 ], [ -76.245672273999958, 36.943534452000051 ], [ -76.245641534999947, 36.94360284000004 ], [ -76.24563397299994, 36.943620926000051 ], [ -76.245425985999987, 36.944082384000069 ], [ -76.245200709999949, 36.944590981000033 ], [ -76.244749402999958, 36.945556006000061 ], [ -76.244387057999973, 36.946326780000049 ], [ -76.244127960999947, 36.946884126000043 ], [ -76.243830556999967, 36.947532084000045 ], [ -76.243586892999986, 36.948092321000047 ], [ -76.243352905999984, 36.948639359000026 ], [ -76.243099877999953, 36.948472457000037 ], [ -76.242738126999939, 36.948209428000041 ], [ -76.24210298099996, 36.947753220000038 ], [ -76.242444184999954, 36.947445426000058 ] ] ] ] } },
{ "type": "Feature", "properties": { "OBJECTID": 6, "UID": 6, "LEAGUE": "Beacon Light Berkley", "PRES_ADDRE": "No Information Available", "MTG_FREQUE": "3rd Monday, monthly", "MTG_TIME": "6:30 pm", "MTG_LOCATI": "Berkley Service Center", "SHAPE_LENG": 16799.246410399999, "NAME1": "Beacon Light Berkley", "NAME2": "", "PRESIDENT": "Christie Banks", "E_MAIL": "ladolce74@gmail.com", "created_user": null, "created_date": null, "last_edited_user": "WTILGHM", "last_edited_date": "2024-02-20T05:41:09Z", "Shape_Length": 0.05538972931757509, "Shape_Area": 0.00012660554287324404 }, "geometry": { "type": "MultiPolygon", "coordinates": [ [ [ [ -76.274737740999967, 36.832698142000027 ], [ -76.273754858999951, 36.832828564000067 ], [ -76.273455808999984, 36.832877826000072 ], [ -76.273448515999974, 36.832850312000062 ], [ -76.273388930999943, 36.832660647000068 ], [ -76.273120405999975, 36.831305531000055 ], [ -76.273105414999975, 36.831234947000041 ], [ -76.272923478999985, 36.830378314000029 ], [ -76.272882711999955, 36.830179097000041 ], [ -76.272877025999946, 36.830143996000061 ], [ -76.272865619999948, 36.830094348000046 ], [ -76.272832161999986, 36.829871108000077 ], [ -76.272832482999945, 36.829869010000039 ], [ -76.272862274999966, 36.829669016000025 ], [ -76.272921821999944, 36.829270402000077 ], [ -76.272948017999965, 36.829186924000055 ], [ -76.273000039999943, 36.829014690000065 ], [ -76.27307411399994, 36.828783065000039 ], [ -76.273103710999976, 36.828703673000064 ], [ -76.273124564999989, 36.828647108000041 ], [ -76.273125282999956, 36.828645798000025 ], [ -76.273228555999935, 36.828461530000027 ], [ -76.273488830999952, 36.827997104000076 ], [ -76.273672081999962, 36.827682215000038 ], [ -76.274230660999933, 36.827896119000059 ], [ -76.274706433999938, 36.828104322000058 ], [ -76.274713240999972, 36.828097159000038 ], [ -76.274741350999989, 36.828110065000033 ], [ -76.274741364999954, 36.828110072000072 ], [ -76.27481798499997, 36.828146273000073 ], [ -76.274818552999989, 36.828145512000049 ], [ -76.274818809999942, 36.828145630000051 ], [ -76.274819541999989, 36.828145966000079 ], [ -76.27642349599995, 36.825997478000033 ], [ -76.276847051999937, 36.825445613000056 ], [ -76.277079536999963, 36.825143647000061 ], [ -76.277073051999935, 36.825127810000026 ], [ -76.277072805999978, 36.825127211000051 ], [ -76.277054022999948, 36.825081348000026 ], [ -76.277054509999971, 36.825080720000074 ], [ -76.27706127099998, 36.825072022000029 ], [ -76.277068228999951, 36.825063072000034 ], [ -76.27705961199996, 36.825049888000024 ], [ -76.276901415999987, 36.824807841000052 ], [ -76.27691348999997, 36.824799966000057 ], [ -76.277486727999985, 36.824426048000078 ], [ -76.279182877999972, 36.823337216000027 ], [ -76.279363977999935, 36.823221131000025 ], [ -76.279458667999961, 36.823138440000037 ], [ -76.279736384999978, 36.823107289000063 ], [ -76.280099292999978, 36.823434908000024 ], [ -76.28017959899995, 36.82361019700005 ], [ -76.280508734999955, 36.823807363000071 ], [ -76.283032342999945, 36.826092778000032 ], [ -76.283401027999957, 36.826457584000025 ], [ -76.283688234999943, 36.826686917000075 ], [ -76.285156557999983, 36.828016191000074 ], [ -76.285203272, 36.828394568000078 ], [ -76.285347340999976, 36.828603206000025 ], [ -76.285643896999943, 36.829034840000077 ], [ -76.285834723999983, 36.829457378000029 ], [ -76.285931550999976, 36.829771634000053 ], [ -76.286018136999985, 36.830121087000066 ], [ -76.286045951999938, 36.830318671000043 ], [ -76.286063857999977, 36.83061170600007 ], [ -76.286062130999937, 36.830864516000076 ], [ -76.286057793999987, 36.831499480000048 ], [ -76.285690160999934, 36.831989595000039 ], [ -76.285526070999936, 36.832164017000025 ], [ -76.285389499999951, 36.832303455000044 ], [ -76.285247415999947, 36.832329177000076 ], [ -76.285101926999971, 36.832520016000046 ], [ -76.28509659499997, 36.832528989000025 ], [ -76.28547700699994, 36.832697787000029 ], [ -76.285431431999939, 36.832769733000077 ], [ -76.285249047999969, 36.833150405000026 ], [ -76.285072902999957, 36.83350994400007 ], [ -76.28587388699998, 36.833760655000049 ], [ -76.286061561999986, 36.834446266000043 ], [ -76.285592004999955, 36.834573554000031 ], [ -76.285101730999941, 36.834715403000075 ], [ -76.285076250999964, 36.834685250000064 ], [ -76.28484401299994, 36.834218177000025 ], [ -76.284392303999937, 36.834371171000043 ], [ -76.284159802999966, 36.834786206000047 ], [ -76.284381627999949, 36.834847704000026 ], [ -76.284349037999959, 36.835039404000042 ], [ -76.284293322999986, 36.835487292000039 ], [ -76.284287139999947, 36.835604142000079 ], [ -76.28441238399995, 36.835637424000026 ], [ -76.28451393499995, 36.835666152000044 ], [ -76.284845270999938, 36.83574991100005 ], [ -76.284890326999971, 36.835818430000074 ], [ -76.28485941799994, 36.835847800000067 ], [ -76.284468263999941, 36.835740899000029 ], [ -76.284302342999979, 36.835695786000031 ], [ -76.284157266999955, 36.836030746000063 ], [ -76.284256869999979, 36.836061426000072 ], [ -76.28424684099997, 36.836113386000079 ], [ -76.284204792999958, 36.836255563000066 ], [ -76.283556914999963, 36.836071172000061 ], [ -76.283267733999935, 36.836752215000047 ], [ -76.283128284999975, 36.837128755000037 ], [ -76.282592245999979, 36.836993429000074 ], [ -76.282268668999961, 36.836897886000031 ], [ -76.282125646999987, 36.837223103000042 ], [ -76.281396945999973, 36.837030472000038 ], [ -76.281120048999981, 36.837621459000047 ], [ -76.281049586999984, 36.838001707000046 ], [ -76.280981750999956, 36.838799357000028 ], [ -76.280971010999963, 36.839465913000026 ], [ -76.280955481999968, 36.839657488000057 ], [ -76.280706475999978, 36.839623866000068 ], [ -76.279449853999949, 36.839399554000067 ], [ -76.277774369999975, 36.839100451000036 ], [ -76.277417356999933, 36.839043555000046 ], [ -76.27749093999995, 36.834899810000024 ], [ -76.277406782999947, 36.834155738000049 ], [ -76.277243281999972, 36.834139557000071 ], [ -76.277307957999938, 36.832870830000047 ], [ -76.276574598999957, 36.832468834000053 ], [ -76.275517631999946, 36.832601615000044 ], [ -76.274737740999967, 36.832698142000027 ] ] ] ] } },
{ "type": "Feature", "properties": { "OBJECTID": 7, "UID": 7, "LEAGUE": "Bel-Aire", "PRES_ADDRE": "PO Box14442", "MTG_FREQUE": "3rd Tues - Jan, Mar, Jul, Aug, Sep, Nov", "MTG_TIME": "6:30 pm", "MTG_LOCATI": "Tarralton Recreation Center", "SHAPE_LENG": 8618.9518513799994, "NAME1": "Bel-Aire", "NAME2": "", "PRESIDENT": "Mo Hayes", "E_MAIL": "mhayes@cox.net", "created_user": null, "created_date": null, "last_edited_user": "WTILGHM", "last_edited_date": "2024-02-19T18:21:55Z", "Shape_Length": 0.027196480074053821, "Shape_Area": 4.4823647054379187e-05 }, "geometry": { "type": "MultiPolygon", "coordinates": [ [ [ [ -76.229642556999977, 36.917451737000079 ], [ -76.229772231999959, 36.917068475000065 ], [ -76.229815008999935, 36.91689690100003 ], [ -76.229860146999954, 36.916897354000071 ], [ -76.229919858999949, 36.916896749000045 ], [ -76.229980551999972, 36.916897084000027 ], [ -76.230005417999962, 36.91689662400006 ], [ -76.230013472999985, 36.916896612000073 ], [ -76.230212016999985, 36.916893578000042 ], [ -76.230285709999976, 36.916891434000036 ], [ -76.23139473599997, 36.916818190000072 ], [ -76.231958335999934, 36.916746905000025 ], [ -76.232181451999963, 36.916712485000062 ], [ -76.232890334, 36.916577799000038 ], [ -76.233634723999955, 36.916399836000039 ], [ -76.234147643999961, 36.916276366000034 ], [ -76.23419619799995, 36.916413625000075 ], [ -76.234267338999985, 36.916630735000069 ], [ -76.234344221999947, 36.91686536800006 ], [ -76.234474776999946, 36.917195942000035 ], [ -76.234725399999945, 36.917135925000025 ], [ -76.234736212999962, 36.917161093000061 ], [ -76.23476255199995, 36.917232384000044 ], [ -76.234873217999962, 36.917205516000024 ], [ -76.235019756999975, 36.917169938000029 ], [ -76.235092634999944, 36.917356595000058 ], [ -76.235456364999948, 36.917290333000039 ], [ -76.235484092999968, 36.917547050000053 ], [ -76.235486636999951, 36.917562367000073 ], [ -76.235491195999941, 36.917607780000026 ], [ -76.235486840999954, 36.917618976000028 ], [ -76.235485009999934, 36.917623683000045 ], [ -76.235484317999976, 36.917625461000057 ], [ -76.235485126999947, 36.917642373000035 ], [ -76.235512688999961, 36.917717719000052 ], [ -76.235517160999962, 36.917732264000051 ], [ -76.235627816999965, 36.918088865000072 ], [ -76.235698566999986, 36.91827543100004 ], [ -76.235746085999949, 36.918398995000075 ], [ -76.235752910999963, 36.918418735000046 ], [ -76.235751462999986, 36.918427547000078 ], [ -76.235770087999981, 36.918501169000024 ], [ -76.235790107999946, 36.91858030700007 ], [ -76.23580117299997, 36.918626462000077 ], [ -76.235802543999966, 36.918633579000073 ], [ -76.235818052999946, 36.918714040000054 ], [ -76.235830667999949, 36.918814381000061 ], [ -76.235835786999985, 36.918896393000068 ], [ -76.235836396999957, 36.918921927000042 ], [ -76.235835776999977, 36.918995248000044 ], [ -76.235831000999951, 36.919073227000069 ], [ -76.235823640999968, 36.919139417000054 ], [ -76.235813788999963, 36.919202251000058 ], [ -76.235806056999934, 36.919242226000051 ], [ -76.235781165999981, 36.919344260000059 ], [ -76.235761852999985, 36.91940025100007 ], [ -76.235728465999955, 36.919497043000035 ], [ -76.235712355999965, 36.919539946000043 ], [ -76.235703598999976, 36.919563269000037 ], [ -76.235660370999938, 36.919654225000045 ], [ -76.235651925999946, 36.919671995000044 ], [ -76.235635658999968, 36.919706805000033 ], [ -76.235557927999935, 36.919830887000046 ], [ -76.235285086999966, 36.920133185000054 ], [ -76.235063208999975, 36.920369462000053 ], [ -76.234784718999947, 36.920666012000027 ], [ -76.23461459899994, 36.920847165000055 ], [ -76.234595212999977, 36.920876758000077 ], [ -76.234415881999951, 36.92115059200006 ], [ -76.233910379999941, 36.922100021000062 ], [ -76.233613018999961, 36.922565337000037 ], [ -76.232762398999967, 36.92381344000006 ], [ -76.232656152999937, 36.923954089000063 ], [ -76.230782624999961, 36.925559910000061 ], [ -76.230744765999987, 36.925592981000079 ], [ -76.229828495999982, 36.924290083000074 ], [ -76.228629364999961, 36.92364673700007 ], [ -76.22821817099998, 36.92338047100003 ], [ -76.228000454999972, 36.923213151000027 ], [ -76.228041575999953, 36.923053107000044 ], [ -76.227947024999935, 36.923036549000074 ], [ -76.228474234999965, 36.921218081000063 ], [ -76.229042254999968, 36.919277024000053 ], [ -76.22936975999994, 36.91825798900004 ], [ -76.229642556999977, 36.917451737000079 ] ] ] ] } },
{ "type": "Feature", "properties": { "OBJECTID": 8, "UID": 8, "LEAGUE": "Belvedere", "PRES_ADDRE": "113 South Arden Circle", "MTG_FREQUE": "2nd Tuesday, bi-monthly", "MTG_TIME": "7:00 pm", "MTG_LOCATI": "Trinity Lutheran Church 6001 Granby Street", "SHAPE_LENG": 11129.186224900001, "NAME1": "Belvedere", "NAME2": "", "PRESIDENT": "Melissa Rogers", "E_MAIL": "", "created_user": null, "created_date": null, "last_edited_user": "RFRASHE", "last_edited_date": "2024-11-14T13:23:12Z", "Shape_Length": 0.039245915976094919, "Shape_Area": 7.5488410374126343e-05 }, "geometry": { "type": "MultiPolygon", "coordinates": [ [ [ [ -76.277991045999954, 36.897211761000051 ], [ -76.277972423999984, 36.897201494000058 ], [ -76.277971693999973, 36.897201486000029 ], [ -76.277942305999943, 36.897201194000047 ], [ -76.277673773999936, 36.897199881000063 ], [ -76.277270077999958, 36.897195227000054 ], [ -76.277234337999971, 36.897202195000034 ], [ -76.27632364599998, 36.897394822000024 ], [ -76.275036364999949, 36.897669356000051 ], [ -76.275035145999937, 36.89766736100006 ], [ -76.274771852999947, 36.897236813000063 ], [ -76.273928789999957, 36.896945705000064 ], [ -76.273923330999935, 36.896945602000073 ], [ -76.273921517999952, 36.896944978000079 ], [ -76.27384701699998, 36.896939236000037 ], [ -76.273787787999936, 36.896827273000042 ], [ -76.273431441999946, 36.896143366000047 ], [ -76.273429562, 36.896139768000069 ], [ -76.272978571999943, 36.895276682000031 ], [ -76.273274976999971, 36.893121032000067 ], [ -76.273539684999946, 36.891195786000026 ], [ -76.275176539999961, 36.890432110000063 ], [ -76.276385955999956, 36.889161524000031 ], [ -76.278567932999977, 36.888584636000076 ], [ -76.279690564999953, 36.889025515000071 ], [ -76.279889073999982, 36.888904259000071 ], [ -76.28196903099996, 36.890102471000034 ], [ -76.284050588999946, 36.891301528000042 ], [ -76.286516503999962, 36.892721895000079 ], [ -76.286559391999958, 36.892746597000041 ], [ -76.284573570999953, 36.893769169000052 ], [ -76.283215102999975, 36.89446866000003 ], [ -76.282863581999948, 36.894952928000066 ], [ -76.282820321999964, 36.895012523000048 ], [ -76.282679138999981, 36.895088380000061 ], [ -76.282463674999974, 36.895204149000051 ], [ -76.282308612999941, 36.89529765900005 ], [ -76.282000505999974, 36.895479393000073 ], [ -76.281843398999968, 36.895571823000068 ], [ -76.281439622999983, 36.895526775000064 ], [ -76.281175309999981, 36.895491764000042 ], [ -76.281057502999943, 36.895476159000054 ], [ -76.280947452999953, 36.895461582000053 ], [ -76.280950796999946, 36.895498899000074 ], [ -76.28077727699997, 36.895520630000078 ], [ -76.280706308999982, 36.895529517000057 ], [ -76.280470254999955, 36.895553691000032 ], [ -76.280469903999972, 36.895559121000076 ], [ -76.280469356999959, 36.895559190000029 ], [ -76.280462005999937, 36.895662882000067 ], [ -76.280440307999982, 36.895880042000044 ], [ -76.28042163899994, 36.896046585000079 ], [ -76.280271914999958, 36.896039183000028 ], [ -76.280131428999937, 36.89604034000007 ], [ -76.280081676999941, 36.896044047000032 ], [ -76.280064978999974, 36.896043732000066 ], [ -76.280022172999963, 36.896048480000047 ], [ -76.279967914999986, 36.896052522000048 ], [ -76.27977107199996, 36.896076335000032 ], [ -76.279679118999979, 36.896086535000052 ], [ -76.279603122999958, 36.895646580000061 ], [ -76.279323150999971, 36.895680121000055 ], [ -76.279323472999977, 36.895682462000025 ], [ -76.279380753999988, 36.896099635000041 ], [ -76.279565755999954, 36.89714095100004 ], [ -76.27964776999994, 36.897610926000027 ], [ -76.279669429999956, 36.897805713000025 ], [ -76.279642559999957, 36.89792861400008 ], [ -76.279619423999975, 36.898082726000041 ], [ -76.279597783999975, 36.89818576600004 ], [ -76.27957156399998, 36.898392167000054 ], [ -76.279467122999961, 36.898379632000058 ], [ -76.279269625999973, 36.898324608000053 ], [ -76.279281071999947, 36.898288792000073 ], [ -76.279263703999959, 36.898147258000051 ], [ -76.279178653999963, 36.897989333000055 ], [ -76.279168724999977, 36.89797089800004 ], [ -76.279091513999958, 36.897963778000076 ], [ -76.278796683999985, 36.897786718000077 ], [ -76.278736131999949, 36.897758306000071 ], [ -76.278691185999946, 36.897731957000076 ], [ -76.278662840999971, 36.89771395300005 ], [ -76.278651088999936, 36.89770648800004 ], [ -76.278590220999945, 36.897669085000075 ], [ -76.278504332999944, 36.897605917000078 ], [ -76.278480457999933, 36.897588957000039 ], [ -76.278380529999936, 36.897523937000074 ], [ -76.278311392999967, 36.897474292000027 ], [ -76.278154388999951, 36.89733579600005 ], [ -76.278144, 36.897317628000053 ], [ -76.278011108999976, 36.89722282200006 ], [ -76.277991045999954, 36.897211761000051 ] ] ] ] } },
{ "type": "Feature", "properties": { "OBJECTID": 9, "UID": 9, "LEAGUE": "Bollingbrook", "PRES_ADDRE": "No Information Available", "MTG_FREQUE": "2nd Tuesday, monthly", "MTG_TIME": "7:00 pm", "MTG_LOCATI": "1st Baptist Church of Bollingbrook", "SHAPE_LENG": 4792.7027460899999, "NAME1": "Bollingbrook", "NAME2": "", "PRESIDENT": "Ada Blair", "E_MAIL": "AgBlair1@verizon.net", "created_user": null, "created_date": null, "last_edited_user": "WTILGHM", "last_edited_date": "2024-02-18T12:58:40Z", "Shape_Length": 0.016133947296790765, "Shape_Area": 1.1425001598000666e-05 }, "geometry": { "type": "MultiPolygon", "coordinates": [ [ [ [ -76.275841363999973, 36.906453178000049 ], [ -76.271428061999984, 36.905280701000038 ], [ -76.271368559999985, 36.905264892000048 ], [ -76.271059486999945, 36.905238302000043 ], [ -76.270418650999943, 36.905234905000043 ], [ -76.270019017999971, 36.904967752000061 ], [ -76.269973591999985, 36.904623627000035 ], [ -76.270223734999945, 36.904079835000061 ], [ -76.270315618999973, 36.904014910000058 ], [ -76.27046175299995, 36.903911652000033 ], [ -76.271155130999944, 36.903423762000045 ], [ -76.272349775999942, 36.903646146000028 ], [ -76.273138323999945, 36.903905886000075 ], [ -76.274137303999964, 36.904118406000066 ], [ -76.274468718999969, 36.904184071000032 ], [ -76.275361403999966, 36.904378806000068 ], [ -76.275464603999978, 36.904401317000065 ], [ -76.27611885999994, 36.904544034000025 ], [ -76.276124746999983, 36.904545318000032 ], [ -76.276082610999936, 36.904646318000061 ], [ -76.276245365999955, 36.904690562000042 ], [ -76.276406728999973, 36.904734430000076 ], [ -76.27637886499997, 36.904801085000031 ], [ -76.276692071999946, 36.904886205000025 ], [ -76.276759226999957, 36.904956533000075 ], [ -76.27634279199998, 36.905902190000063 ], [ -76.276112234999971, 36.906425737000063 ], [ -76.275916483999936, 36.906378859000029 ], [ -76.275892020999947, 36.906466635000072 ], [ -76.275891971999954, 36.906466809000051 ], [ -76.275841363999973, 36.906453178000049 ] ] ] ] } },
{ "type": "Feature", "properties": { "OBJECTID": 10, "UID": 10, "LEAGUE": "Brandon Place", "PRES_ADDRE": "No Information Available", "MTG_FREQUE": "No Information Available", "MTG_TIME": "unknown", "MTG_LOCATI": "No Information Available", "SHAPE_LENG": 9627.2582001600003, "NAME1": "Brandon", "NAME2": "Place", "PRESIDENT": "No Information", "E_MAIL": "No Information Available", "created_user": null, "created_date": null, "last_edited_user": "WTILGHM", "last_edited_date": "2024-02-19T19:54:15Z", "Shape_Length": 0.030683736708242201, "Shape_Area": 4.9590374982385201e-05 }, "geometry": { "type": "MultiPolygon", "coordinates": [ [ [ [ -76.232335998999986, 36.890048963000027 ], [ -76.232025864999969, 36.890011383000058 ], [ -76.231023615999959, 36.890210671000034 ], [ -76.229973823999956, 36.890203326000062 ], [ -76.229957082999988, 36.890203209000049 ], [ -76.229956760999983, 36.890203206000024 ], [ -76.229495033999967, 36.889485769000032 ], [ -76.228888079999933, 36.888585401000057 ], [ -76.228723546999959, 36.888341325000056 ], [ -76.227902707999988, 36.887298797000028 ], [ -76.22747829399998, 36.886759744000074 ], [ -76.227356818999965, 36.886641629000053 ], [ -76.227254406999975, 36.886542048000024 ], [ -76.226660070999969, 36.88614102400004 ], [ -76.226275601999987, 36.88588160300003 ], [ -76.226606451999942, 36.885762051000029 ], [ -76.226883856999962, 36.885659761000056 ], [ -76.226888966999979, 36.885659519000058 ], [ -76.226897226999938, 36.885656521000044 ], [ -76.227026893999948, 36.885650362000035 ], [ -76.227099276999979, 36.885651402000065 ], [ -76.227103720999935, 36.885651288000076 ], [ -76.227189371999941, 36.885652697000069 ], [ -76.227215469999976, 36.885648422000031 ], [ -76.227475205999951, 36.885605574000067 ], [ -76.227692565999973, 36.885573642000054 ], [ -76.227809092999962, 36.885547233000068 ], [ -76.227813209999965, 36.885546300000044 ], [ -76.22792586099996, 36.885523082000077 ], [ -76.228063750999979, 36.885494562000076 ], [ -76.22827141199997, 36.885451611000065 ], [ -76.228582966999966, 36.885387170000058 ], [ -76.22865792999994, 36.885370859000034 ], [ -76.228911058999984, 36.885319308000078 ], [ -76.229158015999985, 36.88526822700004 ], [ -76.229212164999979, 36.885254837000048 ], [ -76.229436613999951, 36.885201712000026 ], [ -76.230909398999984, 36.884887484000046 ], [ -76.231282859999965, 36.884807366000075 ], [ -76.231357190999972, 36.88479284400006 ], [ -76.231609226999979, 36.884738593000066 ], [ -76.231922942999972, 36.884670048000032 ], [ -76.232260399999973, 36.884597651000036 ], [ -76.23252972399996, 36.884538818000067 ], [ -76.232530598999972, 36.884538721000069 ], [ -76.232530725999936, 36.884538694000071 ], [ -76.232541554999955, 36.884536252000032 ], [ -76.23254418199997, 36.88453566000004 ], [ -76.232959001999973, 36.884433911000031 ], [ -76.233326099999942, 36.884347867000031 ], [ -76.234606978999977, 36.88407907800007 ], [ -76.234646444999953, 36.884071559000063 ], [ -76.234736104999968, 36.884016152000072 ], [ -76.234918619999974, 36.884279186000072 ], [ -76.235053388999972, 36.884473410000055 ], [ -76.235085173999948, 36.884519216000058 ], [ -76.235418195999955, 36.885022882000044 ], [ -76.235845946999973, 36.885615980000068 ], [ -76.235853198999962, 36.88562603500003 ], [ -76.236514391999947, 36.886542792000057 ], [ -76.236599124999941, 36.886662192000074 ], [ -76.23683368899998, 36.886992729000042 ], [ -76.236937866999938, 36.88713953000007 ], [ -76.236961660999953, 36.887173059000077 ], [ -76.236980720999952, 36.887199919000068 ], [ -76.237065366999957, 36.887319193000053 ], [ -76.237114868999981, 36.887388949000069 ], [ -76.237145539999972, 36.887432169000078 ], [ -76.237297479999938, 36.887646613000072 ], [ -76.237300119999986, 36.887650321000024 ], [ -76.237380214999973, 36.887762854000073 ], [ -76.237567990999935, 36.888027448000059 ], [ -76.237917452999966, 36.888527400000044 ], [ -76.238084926999989, 36.888767963000078 ], [ -76.238102824999942, 36.888793685000053 ], [ -76.238105279999957, 36.888797215000068 ], [ -76.238110240999958, 36.888804342000071 ], [ -76.238112556999965, 36.888807672000041 ], [ -76.238114939999946, 36.888811095000051 ], [ -76.238116219999938, 36.888812936000079 ], [ -76.238116595999941, 36.888813476000053 ], [ -76.238116728999955, 36.888813668000068 ], [ -76.238117356999965, 36.888814569000033 ], [ -76.238123970999936, 36.888824062000026 ], [ -76.238137030999951, 36.88884280700006 ], [ -76.238137062999954, 36.888842853000028 ], [ -76.238137333999987, 36.888843240000028 ], [ -76.238138606999939, 36.888845070000059 ], [ -76.238138785999979, 36.888845329000048 ], [ -76.238139034999961, 36.888845724000078 ], [ -76.23824686599994, 36.889018243000066 ], [ -76.238320729999941, 36.889136948000044 ], [ -76.238550789999977, 36.889506674000074 ], [ -76.238684995999961, 36.88972235600005 ], [ -76.238661405999949, 36.889736301000028 ], [ -76.238685206999946, 36.889722695000046 ], [ -76.238697173999981, 36.889741926000056 ], [ -76.23869737299998, 36.889742245000036 ], [ -76.238709934999974, 36.889762433000044 ], [ -76.238671383999986, 36.889775873000076 ], [ -76.238641695999945, 36.889786222000055 ], [ -76.238547486999948, 36.889819063000061 ], [ -76.238516372999982, 36.889830140000072 ], [ -76.238504918, 36.889832677000072 ], [ -76.233868061999942, 36.890859469000077 ], [ -76.233706469999959, 36.890887260000056 ], [ -76.233487583999988, 36.890886472000034 ], [ -76.233334450999962, 36.890860166000039 ], [ -76.233158372999981, 36.89080044800005 ], [ -76.232960213999945, 36.890678487000059 ], [ -76.232840596999949, 36.890560788000073 ], [ -76.232600451999986, 36.890241576000051 ], [ -76.232335998999986, 36.890048963000027 ] ] ] ] } },
{ "type": "Feature", "properties": { "OBJECTID": 11, "UID": 11, "LEAGUE": "Broad Creek", "PRES_ADDRE": "No Information Available", "MTG_FREQUE": "2nd Monday, monthly", "MTG_TIME": "6:00 PM", "MTG_LOCATI": "Jordan Newby Library", "SHAPE_LENG": 9932.7737176299997, "NAME1": "Broad Creek", "NAME2": "", "PRESIDENT": "Stella Council", "E_MAIL": "momo33176@netscape.com", "created_user": null, "created_date": null, "last_edited_user": "WTILGHM", "last_edited_date": "2024-02-20T04:49:32Z", "Shape_Length": 0.037052231653256218, "Shape_Area": 6.7266197124269723e-05 }, "geometry": { "type": "MultiPolygon", "coordinates": [ [ [ [ -76.257478406999951, 36.850535216000026 ], [ -76.259961049999959, 36.850510475000078 ], [ -76.259979361999967, 36.852089885000055 ], [ -76.25997455199996, 36.852831587000026 ], [ -76.25996620799998, 36.854460797000058 ], [ -76.259983473999966, 36.854592425000078 ], [ -76.259983345999956, 36.854617556000051 ], [ -76.258646736999935, 36.854838931000074 ], [ -76.258640027999945, 36.854839881000032 ], [ -76.258076156999948, 36.855063334000079 ], [ -76.257512283999972, 36.855286785000033 ], [ -76.256844011999988, 36.855572115000029 ], [ -76.256265041999939, 36.855843350000043 ], [ -76.255792317999976, 36.856105624000065 ], [ -76.254958415999965, 36.856557430000066 ], [ -76.254229151999937, 36.857054504000075 ], [ -76.253445204999935, 36.857550527000058 ], [ -76.252904852999961, 36.857902159000048 ], [ -76.252556846999937, 36.858108423000033 ], [ -76.252257672999974, 36.85828196600005 ], [ -76.25212514499998, 36.858365895000077 ], [ -76.25196195999996, 36.858485378000069 ], [ -76.251935850999985, 36.858503466000059 ], [ -76.251785751999989, 36.858591471000068 ], [ -76.249746783999967, 36.860031163000031 ], [ -76.249718488999974, 36.860048542000072 ], [ -76.249714873999949, 36.860050763000061 ], [ -76.249705210999934, 36.860018431000071 ], [ -76.249598788999947, 36.859530668000048 ], [ -76.249409813999989, 36.858772825000074 ], [ -76.249346830999968, 36.858482450000054 ], [ -76.249109297999951, 36.857534920000035 ], [ -76.248951194999961, 36.856748189000029 ], [ -76.248914664999973, 36.856013848000032 ], [ -76.24858723899996, 36.854720417000067 ], [ -76.248414054999955, 36.853849085000036 ], [ -76.248116961999983, 36.852996340000061 ], [ -76.248770769999965, 36.852872431000037 ], [ -76.249641688999986, 36.852712361000044 ], [ -76.250398590999964, 36.85255102800005 ], [ -76.251357011999971, 36.852439934000074 ], [ -76.251303127999961, 36.852298156000074 ], [ -76.251128995999977, 36.851492847000031 ], [ -76.251129742999979, 36.851467627000034 ], [ -76.251195722999967, 36.851413146000027 ], [ -76.251154313999962, 36.850638892000063 ], [ -76.252823302999957, 36.850615203000075 ], [ -76.255176481999968, 36.850575722000031 ], [ -76.257478406999951, 36.850535216000026 ] ] ] ] } },
{ "type": "Feature", "properties": { "OBJECTID": 12, "UID": 12, "LEAGUE": "Broad Creek Shores", "PRES_ADDRE": "No Information Available", "MTG_FREQUE": "4th Thursday, quarterly", "MTG_TIME": "7:00 pm", "MTG_LOCATI": "Neighbor's homes", "SHAPE_LENG": 4624.3318399399996, "NAME1": "Broad Creek", "NAME2": "Shores", "PRESIDENT": "Oswald Hoffler", "E_MAIL": "", "created_user": null, "created_date": null, "last_edited_user": "WTILGHM", "last_edited_date": "2024-02-20T05:41:09Z", "Shape_Length": 0.015141034022760838, "Shape_Area": 1.1637345456187687e-05 }, "geometry": { "type": "MultiPolygon", "coordinates": [ [ [ [ -76.226132610999969, 36.852398109000035 ], [ -76.226679910999962, 36.85176279600006 ], [ -76.227117138999972, 36.851977523000073 ], [ -76.227216819999967, 36.852026217000059 ], [ -76.227813236999964, 36.852317558000038 ], [ -76.227823865999937, 36.852322944000036 ], [ -76.227867179999976, 36.85234390800008 ], [ -76.22818786299996, 36.852500556000052 ], [ -76.228416151999966, 36.852612069000031 ], [ -76.228423636999935, 36.852615738000054 ], [ -76.228460113999972, 36.852633652000065 ], [ -76.228468068999973, 36.852638130000059 ], [ -76.228947234999964, 36.852879744000063 ], [ -76.229107004999946, 36.852958074000071 ], [ -76.22913009399997, 36.852969461000043 ], [ -76.229207937999945, 36.853007854000055 ], [ -76.229261944999962, 36.853018520000035 ], [ -76.229261727999983, 36.853031881000049 ], [ -76.22927234499997, 36.853036623000037 ], [ -76.229584698999986, 36.85319759500004 ], [ -76.22961010399996, 36.853211827000052 ], [ -76.229611581999961, 36.853214630000025 ], [ -76.22961417199997, 36.85321592300005 ], [ -76.22966011799997, 36.853306717000066 ], [ -76.229743732999964, 36.85346535900004 ], [ -76.229723811999975, 36.853488517000073 ], [ -76.229713888999981, 36.853500051000026 ], [ -76.229711047999956, 36.853504990000033 ], [ -76.229582222999966, 36.853728994000051 ], [ -76.229533683999989, 36.85378509700007 ], [ -76.229525665999972, 36.853794365000056 ], [ -76.229497436999964, 36.853834946000063 ], [ -76.229404876999979, 36.853984703000037 ], [ -76.229447260999962, 36.854224091000049 ], [ -76.229448590999937, 36.854231604000063 ], [ -76.22945197599995, 36.854233408000027 ], [ -76.229751389999933, 36.854393006000066 ], [ -76.229916281999976, 36.854480899000066 ], [ -76.229968696999947, 36.854508838000072 ], [ -76.229991580999979, 36.854526374000045 ], [ -76.230335387999958, 36.854863531000035 ], [ -76.230388063999953, 36.854914483000073 ], [ -76.230414260999964, 36.854931248000071 ], [ -76.230485656999974, 36.855061661000036 ], [ -76.230563581999945, 36.855223300000034 ], [ -76.230606446999957, 36.855277761000025 ], [ -76.230641957999978, 36.855328007000026 ], [ -76.230653460999974, 36.855344283000079 ], [ -76.230670726999961, 36.855368713000075 ], [ -76.230685646999973, 36.855388127000026 ], [ -76.230729033999978, 36.855444587000079 ], [ -76.230768113999943, 36.85549362200004 ], [ -76.230947366999942, 36.855718530000047 ], [ -76.230959384999949, 36.855733610000073 ], [ -76.23113546899998, 36.855803183000035 ], [ -76.231157145999987, 36.855811749000054 ], [ -76.231147973999953, 36.855814748000057 ], [ -76.231147092999947, 36.855815036000024 ], [ -76.231122960999983, 36.855826113000035 ], [ -76.231098679999945, 36.855837075000068 ], [ -76.231098293999935, 36.855837321000024 ], [ -76.231093095999938, 36.855840628000067 ], [ -76.231042485999978, 36.855857713000034 ], [ -76.23102197999998, 36.855864891000067 ], [ -76.231019204999939, 36.855865572000027 ], [ -76.231001230999937, 36.855871639000043 ], [ -76.230978289999939, 36.855875609000066 ], [ -76.230957, 36.855880830000046 ], [ -76.230954505999989, 36.855881671000077 ], [ -76.230546251999954, 36.856019488000072 ], [ -76.230532442999959, 36.856022033000045 ], [ -76.230461127999945, 36.856046106000065 ], [ -76.230085126999938, 36.856104452000068 ], [ -76.230049505999943, 36.856111013000032 ], [ -76.229738875999942, 36.856159215000048 ], [ -76.229011467999953, 36.856246120000037 ], [ -76.229005536999978, 36.85624600500006 ], [ -76.228205075999938, 36.856230525000058 ], [ -76.226335319999976, 36.853505120000079 ], [ -76.226112093999973, 36.853082505000032 ], [ -76.22612139599994, 36.85277222700006 ], [ -76.226132610999969, 36.852398109000035 ] ] ] ] } },
{ "type": "Feature", "properties": { "OBJECTID": 13, "UID": 13, "LEAGUE": "Bromley", "PRES_ADDRE": "No Information Available", "MTG_FREQUE": "No Information Available", "MTG_TIME": "unknown", "MTG_LOCATI": "No Information Available", "SHAPE_LENG": 10303.293919, "NAME1": "Bromley", "NAME2": "", "PRESIDENT": "No Information Available", "E_MAIL": "No information Available", "created_user": null, "created_date": null, "last_edited_user": "WTILGHM", "last_edited_date": "2024-02-19T19:00:13Z", "Shape_Length": 0.033334727281769429, "Shape_Area": 4.7769442327893486e-05 }, "geometry": { "type": "MultiPolygon", "coordinates": [ [ [ [ -76.218423220999966, 36.89989156300004 ], [ -76.218166639999936, 36.899274892000051 ], [ -76.217888778999964, 36.899484179000069 ], [ -76.217555976999961, 36.899749395000072 ], [ -76.217554189999987, 36.899748379000073 ], [ -76.217179349999981, 36.899537578000036 ], [ -76.216667731999962, 36.899251278000065 ], [ -76.215390636999985, 36.898586218000048 ], [ -76.215445336999949, 36.898517687000037 ], [ -76.215479716999937, 36.898464079000064 ], [ -76.215486709999936, 36.898446439000054 ], [ -76.215500733999988, 36.898422564000043 ], [ -76.215517097999964, 36.898380689000078 ], [ -76.215532684999971, 36.898336947000075 ], [ -76.215543175999983, 36.89829187600003 ], [ -76.21554875299995, 36.898236403000055 ], [ -76.215548473999945, 36.898174889000074 ], [ -76.215541847999987, 36.898090706000062 ], [ -76.215538297999956, 36.897979743000064 ], [ -76.215642271999968, 36.89777762500006 ], [ -76.215432301999954, 36.897652847000074 ], [ -76.213112371999955, 36.898014341000078 ], [ -76.213518936999947, 36.89701051600008 ], [ -76.214457712999945, 36.895486104000042 ], [ -76.214888465999934, 36.895494481000071 ], [ -76.215519487999984, 36.895440812000061 ], [ -76.215927865999959, 36.895510567000031 ], [ -76.21595850999995, 36.895515283000066 ], [ -76.216170468999962, 36.895519403000037 ], [ -76.216441976999988, 36.895590617000039 ], [ -76.216852659999972, 36.895697504000054 ], [ -76.217368128999965, 36.895618913000078 ], [ -76.217814851999947, 36.895551349000073 ], [ -76.21822629199994, 36.895519501000024 ], [ -76.219199043999936, 36.895363237000026 ], [ -76.219316515999935, 36.895096958000067 ], [ -76.219764513999962, 36.894986825000046 ], [ -76.220964957999968, 36.894652263000069 ], [ -76.221064924999951, 36.894626727000059 ], [ -76.221597190999944, 36.894444043000078 ], [ -76.223012045999951, 36.894016140000076 ], [ -76.223203362999982, 36.894287534000057 ], [ -76.223423184999945, 36.894607694000058 ], [ -76.223501105999958, 36.894718228000045 ], [ -76.225419422999948, 36.89727216700004 ], [ -76.225843997999959, 36.89786196700004 ], [ -76.225880728999982, 36.897912991000055 ], [ -76.22593005899995, 36.897983194000062 ], [ -76.226133131999973, 36.89826081700005 ], [ -76.226190256999985, 36.898349156000052 ], [ -76.226315066999973, 36.898521909000067 ], [ -76.22606755299995, 36.898562453000068 ], [ -76.22588505899995, 36.898602193000045 ], [ -76.225178513999936, 36.898778089000075 ], [ -76.223684040999956, 36.899219646000063 ], [ -76.222959917999958, 36.899410986000078 ], [ -76.221346232999963, 36.899834405000036 ], [ -76.220553162999977, 36.900042939000059 ], [ -76.220270419999963, 36.900117130000069 ], [ -76.218683139999939, 36.900515580000047 ], [ -76.218423220999966, 36.89989156300004 ] ] ] ] } },
{ "type": "Feature", "properties": { "OBJECTID": 14, "UID": 14, "LEAGUE": "Bruces Park", "PRES_ADDRE": "1302 Bolton Street", "MTG_FREQUE": "Last Thursday, monthly", "MTG_TIME": "6:00 pm", "MTG_LOCATI": "Broad Creek Library", "SHAPE_LENG": 10187.2787778, "NAME1": "Bruces", "NAME2": "Park", "PRESIDENT": "Barbara Dolgia", "E_MAIL": "barbaradolgia@gmail.com", "created_user": null, "created_date": null, "last_edited_user": "WTILGHM", "last_edited_date": "2024-02-20T04:13:07Z", "Shape_Length": 0.032078135417222972, "Shape_Area": 4.6347235018755462e-05 }, "geometry": { "type": "MultiPolygon", "coordinates": [ [ [ [ -76.263513533999969, 36.857529060000047 ], [ -76.263618505999943, 36.857270490000076 ], [ -76.263483288999964, 36.85703903700005 ], [ -76.263413367999988, 36.856994778000058 ], [ -76.263367595999966, 36.856936669000049 ], [ -76.263316313999951, 36.856864146000078 ], [ -76.263307682999937, 36.85675427700005 ], [ -76.263278275999937, 36.856543848000058 ], [ -76.263278949999972, 36.856319682000048 ], [ -76.263179045999948, 36.854959381000072 ], [ -76.263179789999981, 36.854934161000074 ], [ -76.263182689999951, 36.854835817000037 ], [ -76.263183433999984, 36.854810598000029 ], [ -76.263202894999949, 36.854754890000038 ], [ -76.26325812999994, 36.85468071300005 ], [ -76.263354203999938, 36.854597284000079 ], [ -76.263537452999969, 36.854520529000069 ], [ -76.264250773999947, 36.854245732000038 ], [ -76.264418205999959, 36.854176197000072 ], [ -76.264492224999969, 36.854099869000038 ], [ -76.264599178999958, 36.853870293000057 ], [ -76.265469626999959, 36.854037313000049 ], [ -76.266540230999965, 36.854361912000059 ], [ -76.267915316999961, 36.854801534000046 ], [ -76.270975267999972, 36.855727817000059 ], [ -76.273587187999965, 36.856671214000073 ], [ -76.272725615999946, 36.858467336000047 ], [ -76.270140009999977, 36.857620648000079 ], [ -76.269721684999979, 36.858359633000077 ], [ -76.269653279999943, 36.858490320000044 ], [ -76.26949611799995, 36.858784898000067 ], [ -76.269339012999978, 36.859180724000055 ], [ -76.269337187999952, 36.859185255000057 ], [ -76.26932999099995, 36.85920806200005 ], [ -76.269188701999951, 36.859636268000031 ], [ -76.26910844799994, 36.860114730000078 ], [ -76.269075501999964, 36.860575651000033 ], [ -76.269092145999934, 36.861094069000046 ], [ -76.26897655099998, 36.861065805000067 ], [ -76.268353713999943, 36.860968805000027 ], [ -76.265305669999975, 36.860560565000071 ], [ -76.263316593999946, 36.860304780000035 ], [ -76.263488022999979, 36.859294034000072 ], [ -76.262828831999968, 36.859231088000058 ], [ -76.262637273999985, 36.859208670000044 ], [ -76.262769166999988, 36.858963154000037 ], [ -76.262969296999984, 36.858593610000071 ], [ -76.263242641999966, 36.858019805000026 ], [ -76.263513533999969, 36.857529060000047 ] ] ] ] } },
{ "type": "Feature", "properties": { "OBJECTID": 15, "UID": 15, "LEAGUE": "Calvert Square", "PRES_ADDRE": "No Information Available", "MTG_FREQUE": "3rd Wednesday, monthly", "MTG_TIME": "6:00 pm", "MTG_LOCATI": "Family Investment Center", "SHAPE_LENG": 4204.8482864199996, "NAME1": "Calvert", "NAME2": "Square", "PRESIDENT": "Shamika Kirby", "E_MAIL": "shamkirby@yahoo.com", "created_user": null, "created_date": null, "last_edited_user": "WTILGHM", "last_edited_date": "2024-02-20T04:13:07Z", "Shape_Length": 0.016510090531340123, "Shape_Area": 8.4627991466943906e-06 }, "geometry": { "type": "MultiPolygon", "coordinates": [ [ [ [ -76.27514602399998, 36.853364231000057 ], [ -76.275327112999946, 36.85297778100005 ], [ -76.275509377999981, 36.852521724000042 ], [ -76.275544790999959, 36.852433116000043 ], [ -76.275578072999963, 36.852463967000062 ], [ -76.275964577999957, 36.852807153000072 ], [ -76.27613996499997, 36.852952517000062 ], [ -76.276264986999934, 36.852867359000072 ], [ -76.276877691999971, 36.85240030600005 ], [ -76.277003872999956, 36.852510876000053 ], [ -76.277493061999962, 36.851922166000065 ], [ -76.277679176999982, 36.852036423000072 ], [ -76.278081180999948, 36.852307024000027 ], [ -76.277960960999962, 36.85241271600006 ], [ -76.277579614999979, 36.852142506000064 ], [ -76.276883806999933, 36.852846346000035 ], [ -76.277262359999952, 36.853094358000078 ], [ -76.277492797999969, 36.85287171300007 ], [ -76.27770058599998, 36.853006673000039 ], [ -76.277787264999972, 36.853068486000041 ], [ -76.277543130999959, 36.853304088000073 ], [ -76.277407208999989, 36.853444806000027 ], [ -76.277432415999954, 36.853458387000046 ], [ -76.277537335999966, 36.853503057000069 ], [ -76.277816131999941, 36.853628625000056 ], [ -76.278188884999963, 36.853784045000054 ], [ -76.278450827999961, 36.853885097000045 ], [ -76.278837200999988, 36.854060056000037 ], [ -76.279092143999947, 36.854163032000031 ], [ -76.278946531999964, 36.854485664000038 ], [ -76.278821113999982, 36.854771934000041 ], [ -76.278756148999946, 36.854923134000046 ], [ -76.278703664999966, 36.855061598000077 ], [ -76.278662332999943, 36.855232704000059 ], [ -76.278647153999941, 36.855296215000067 ], [ -76.278643730999988, 36.855413093000038 ], [ -76.278642992999949, 36.855438312000047 ], [ -76.278596464999964, 36.855552532000047 ], [ -76.278548962999935, 36.855658658000038 ], [ -76.278429491999987, 36.855840886000067 ], [ -76.278383530999974, 36.855926171000078 ], [ -76.27837526199994, 36.855941512000072 ], [ -76.277352439999959, 36.855494946000078 ], [ -76.276615422999953, 36.85517965300005 ], [ -76.276615337999942, 36.855179616000044 ], [ -76.27642551699995, 36.855097018000038 ], [ -76.276424417999976, 36.85509654100008 ], [ -76.276423592999947, 36.855096182000068 ], [ -76.276423343999966, 36.855096073000027 ], [ -76.276422563999972, 36.855095734000031 ], [ -76.276389404999975, 36.855081305000056 ], [ -76.276385756999957, 36.855079717000024 ], [ -76.276384876999941, 36.855079335000028 ], [ -76.27636040799996, 36.855068688000074 ], [ -76.276359957999944, 36.855068492000044 ], [ -76.276359795999952, 36.855068422000045 ], [ -76.276358761999973, 36.855067972000029 ], [ -76.276345952999975, 36.85506239800003 ], [ -76.276332856999943, 36.855056699000045 ], [ -76.276332789999969, 36.855056671000057 ], [ -76.27632844599998, 36.855054781000035 ], [ -76.276232367999967, 36.855013009000061 ], [ -76.276016082999945, 36.854918971000075 ], [ -76.275604142999953, 36.854739864000067 ], [ -76.275309947999972, 36.854611950000049 ], [ -76.275178283999935, 36.854554703000076 ], [ -76.275162145999957, 36.854546808000066 ], [ -76.275046836999934, 36.854490397000063 ], [ -76.274895172999948, 36.854416092000065 ], [ -76.274868239999989, 36.854401845000041 ], [ -76.274848060999943, 36.85439047300008 ], [ -76.274831319999976, 36.854378480000037 ], [ -76.274798775999955, 36.854357884000024 ], [ -76.274784328999942, 36.85434874200007 ], [ -76.274754159999986, 36.854328252000073 ], [ -76.274734149999972, 36.854317369000057 ], [ -76.274729934999982, 36.85431518200005 ], [ -76.274712352999984, 36.854306056000041 ], [ -76.274707029999945, 36.854303320000042 ], [ -76.274669907999964, 36.854286819000038 ], [ -76.274722665999946, 36.85423699200004 ], [ -76.274846116999981, 36.85398691100005 ], [ -76.274921599999971, 36.853834001000052 ], [ -76.275006176999966, 36.853662666000048 ], [ -76.27514602399998, 36.853364231000057 ] ] ] ] } },
{ "type": "Feature", "properties": { "OBJECTID": 16, "UID": 16, "LEAGUE": "Camellia Gardens", "PRES_ADDRE": "No Information Available", "MTG_FREQUE": "1st Tuesday, even months", "MTG_TIME": "7:00 pm", "MTG_LOCATI": "Azalea Garden Baptist Church", "SHAPE_LENG": 10066.583071200001, "NAME1": "Camellia", "NAME2": "Gardens", "PRESIDENT": "Joni Girardin", "E_MAIL": "joniklg@cox.net", "created_user": null, "created_date": null, "last_edited_user": "WTILGHM", "last_edited_date": "2024-02-19T18:21:55Z", "Shape_Length": 0.035011568790763149, "Shape_Area": 2.2452646809979496e-05 }, "geometry": { "type": "MultiPolygon", "coordinates": [ [ [ [ -76.197602274999952, 36.923362157000042 ], [ -76.197340281999971, 36.922637200000054 ], [ -76.197436180999944, 36.922519283000042 ], [ -76.19771385699994, 36.922520151000072 ], [ -76.197763641999984, 36.92252030700007 ], [ -76.197845185999938, 36.922520116000044 ], [ -76.198042955999938, 36.92251729700007 ], [ -76.198109876999979, 36.922518607000029 ], [ -76.198267428999941, 36.922519100000045 ], [ -76.198558378999962, 36.922519226000077 ], [ -76.198645001999978, 36.922519519000048 ], [ -76.198649913999986, 36.922519461000036 ], [ -76.198717253999973, 36.922519636000061 ], [ -76.19872494699996, 36.92261301800005 ], [ -76.198803772999952, 36.92261222500008 ], [ -76.199070971999959, 36.922610494000025 ], [ -76.199127775999955, 36.922609163000061 ], [ -76.199127843999975, 36.922609162000072 ], [ -76.199154084999975, 36.922608698000033 ], [ -76.199154560999943, 36.922610779000024 ], [ -76.199154562, 36.922764331000053 ], [ -76.199154995999947, 36.922895822000044 ], [ -76.199154973999953, 36.922904408000079 ], [ -76.199155036999969, 36.922907984000062 ], [ -76.199157363999973, 36.923040778000029 ], [ -76.199197500999958, 36.923040065000066 ], [ -76.199338370999953, 36.923040370000024 ], [ -76.199873584999978, 36.923041273000024 ], [ -76.199866785999973, 36.921302228000059 ], [ -76.199858479999989, 36.920615528000042 ], [ -76.199842629999978, 36.918475474000047 ], [ -76.200287074999949, 36.918392465000068 ], [ -76.200986071999978, 36.91826190900008 ], [ -76.200981843999955, 36.917528677000064 ], [ -76.200094318999959, 36.917690250000078 ], [ -76.200037231999943, 36.917499242000076 ], [ -76.200274843999978, 36.91711867500004 ], [ -76.200295963999963, 36.917087938000066 ], [ -76.200336789999938, 36.917030758000067 ], [ -76.20051306299996, 36.916771981000068 ], [ -76.200629317999983, 36.916602787000045 ], [ -76.200700199999972, 36.916496278000068 ], [ -76.200705681999978, 36.916487865000079 ], [ -76.200866063999968, 36.916249730000061 ], [ -76.200875662999977, 36.916235289000042 ], [ -76.200943635999977, 36.916137622000065 ], [ -76.201119878999975, 36.915868843000055 ], [ -76.201187131999973, 36.915764797000065 ], [ -76.201194814999951, 36.915753271000028 ], [ -76.201214794999942, 36.915721999000027 ], [ -76.201406311999961, 36.915425700000071 ], [ -76.201693077999948, 36.914981535000038 ], [ -76.202145081999959, 36.915089661000025 ], [ -76.202373745999978, 36.915137621000042 ], [ -76.202434027999971, 36.91504726800008 ], [ -76.202484108999954, 36.91497619200004 ], [ -76.202497586999982, 36.914963733000036 ], [ -76.202515282999968, 36.914948200000026 ], [ -76.202532923999968, 36.914934906000042 ], [ -76.202568030999942, 36.914913631000047 ], [ -76.202604846999975, 36.914896998000074 ], [ -76.203304601999946, 36.914697678000039 ], [ -76.203033495999989, 36.915091094000047 ], [ -76.202794905999951, 36.91543732100007 ], [ -76.202679614999965, 36.915621735000059 ], [ -76.202593932999946, 36.915754998000068 ], [ -76.202561926999977, 36.915804779000041 ], [ -76.202071190999959, 36.916525732000025 ], [ -76.201828833999969, 36.916894389000049 ], [ -76.201694411999938, 36.917098048000071 ], [ -76.201632640999946, 36.917191634000062 ], [ -76.201488163999954, 36.917434369000034 ], [ -76.201254178999989, 36.917477901000041 ], [ -76.201251285999945, 36.917659342000036 ], [ -76.201262782999947, 36.918605009000032 ], [ -76.201263649999987, 36.918868238000073 ], [ -76.201270159999979, 36.919090233000077 ], [ -76.201498267999966, 36.919046410000078 ], [ -76.201498324999989, 36.919357124000044 ], [ -76.201498391999962, 36.919720668000025 ], [ -76.201498436999941, 36.919937788000027 ], [ -76.201498465999975, 36.920108710000079 ], [ -76.201498543999946, 36.92051461300008 ], [ -76.201498604999983, 36.920836350000059 ], [ -76.201509227999964, 36.92097085100005 ], [ -76.201518208999971, 36.921243613000058 ], [ -76.201523272999964, 36.921536915000047 ], [ -76.201528749999966, 36.921826972000076 ], [ -76.201539803999935, 36.922124626000027 ], [ -76.201539963999949, 36.922291385000051 ], [ -76.201532623999981, 36.922402398000031 ], [ -76.201518109999938, 36.922621674000027 ], [ -76.201525380999954, 36.92297343000007 ], [ -76.201535780999961, 36.923328579000042 ], [ -76.201542610999979, 36.92355303800008 ], [ -76.201546291999989, 36.923708555000076 ], [ -76.201549109999974, 36.923827654000036 ], [ -76.201551479999978, 36.923943154000028 ], [ -76.201552484, 36.924102303000041 ], [ -76.201552944999946, 36.924175398000045 ], [ -76.201991903999954, 36.924260919000062 ], [ -76.201912857999957, 36.924549206000052 ], [ -76.201851670999986, 36.924668738000037 ], [ -76.201570345999983, 36.925705003000076 ], [ -76.201601625999956, 36.926329484000064 ], [ -76.201612273999956, 36.926482986000053 ], [ -76.201590068999963, 36.926469479000048 ], [ -76.201575239999954, 36.926461470000049 ], [ -76.201526398999988, 36.92643509100003 ], [ -76.201208237999936, 36.926249940000048 ], [ -76.200962888999982, 36.926133909000043 ], [ -76.200735344999941, 36.926026298000068 ], [ -76.200685194999949, 36.926002581000034 ], [ -76.200681234999934, 36.926000708000061 ], [ -76.200678817999972, 36.925999894000029 ], [ -76.200675731, 36.925998852000077 ], [ -76.200479807999955, 36.925932936000038 ], [ -76.200243561999969, 36.925854239000046 ], [ -76.200203623999982, 36.92584026600008 ], [ -76.200185122999983, 36.925833793000038 ], [ -76.20014969999994, 36.925822220000043 ], [ -76.200073302999954, 36.925797263000049 ], [ -76.199049686999956, 36.925360311000077 ], [ -76.198754337999958, 36.925179570000068 ], [ -76.19770585699996, 36.924537934000057 ], [ -76.197602274999952, 36.923362157000042 ] ] ] ] } },
{ "type": "Feature", "properties": { "OBJECTID": 17, "UID": 17, "LEAGUE": "Camellia Shores and Camellia Acres", "PRES_ADDRE": "7604 Nancy Drive", "MTG_FREQUE": "2nd Monday, odd months", "MTG_TIME": "7:00 pm", "MTG_LOCATI": "Azalea Baptist Church", "SHAPE_LENG": 18814.694354300002, "NAME1": "Camellia Shores", "NAME2": "Camellia Acres", "PRESIDENT": "Joan Harrison", "E_MAIL": "president@camelliashorescl.org", "created_user": null, "created_date": null, "last_edited_user": "WTILGHM", "last_edited_date": "2024-02-19T18:21:55Z", "Shape_Length": 0.061899745066763087, "Shape_Area": 0.00011234901964517114 }, "geometry": { "type": "MultiPolygon", "coordinates": [ [ [ [ -76.194438319999961, 36.914840638000044 ], [ -76.191270089999989, 36.913558059000025 ], [ -76.191223283999989, 36.913496629000065 ], [ -76.190767728999958, 36.913646150000034 ], [ -76.190260321999972, 36.913595479000037 ], [ -76.190246309999964, 36.913593712000079 ], [ -76.190044137999962, 36.91318172900003 ], [ -76.189943056999937, 36.913018448000059 ], [ -76.189873229999989, 36.912879192000048 ], [ -76.189742476999982, 36.912618429000077 ], [ -76.189611155999955, 36.912294615000064 ], [ -76.189428944999975, 36.91055259400008 ], [ -76.189432354999951, 36.910552625000037 ], [ -76.198203745999933, 36.910630283000046 ], [ -76.198999642, 36.910092598000062 ], [ -76.199058467999976, 36.910059473000047 ], [ -76.19906703099997, 36.910076159000027 ], [ -76.199069196999972, 36.91008038700005 ], [ -76.199077566999961, 36.910098680000033 ], [ -76.199208025999951, 36.910383823000075 ], [ -76.199209566999969, 36.910387190000051 ], [ -76.199229052999954, 36.910432067000045 ], [ -76.199240024999938, 36.910446251000053 ], [ -76.199243174999935, 36.910450644000036 ], [ -76.199249624999936, 36.910459029000037 ], [ -76.19926111999996, 36.910475673000064 ], [ -76.199283258999969, 36.910507725000059 ], [ -76.199306569999976, 36.910531375000062 ], [ -76.199345591999986, 36.910572563000073 ], [ -76.199377170999981, 36.910603002000073 ], [ -76.199390470999958, 36.910616494000067 ], [ -76.199418262999984, 36.910647018000077 ], [ -76.199442094999938, 36.910673193000036 ], [ -76.199466376999965, 36.910708653000029 ], [ -76.199476996999977, 36.910722958000065 ], [ -76.199509869999986, 36.91074221000008 ], [ -76.199583584999971, 36.910782991000076 ], [ -76.199791936999986, 36.910887891000073 ], [ -76.199947229999964, 36.910965740000051 ], [ -76.200511596999945, 36.911255807000032 ], [ -76.200518403999979, 36.911256851000076 ], [ -76.200840382999957, 36.911266345000058 ], [ -76.201850060999959, 36.911295675000076 ], [ -76.202803995999943, 36.911270998000077 ], [ -76.203056413999946, 36.911268138000025 ], [ -76.203516439999987, 36.911254367000026 ], [ -76.203540741999973, 36.911238481000055 ], [ -76.203907013999981, 36.911034488000041 ], [ -76.203990413999975, 36.910987030000058 ], [ -76.204171568999982, 36.910883550000051 ], [ -76.20428859499998, 36.91081396900006 ], [ -76.204291224999963, 36.910815200000059 ], [ -76.204291656999942, 36.910814954000045 ], [ -76.204344581999976, 36.910831589000054 ], [ -76.204509306999967, 36.910883365000075 ], [ -76.204518290999943, 36.910886598000047 ], [ -76.204526759999965, 36.910878839000077 ], [ -76.204854103999935, 36.910578920000034 ], [ -76.205171964999977, 36.910257710000053 ], [ -76.205267472999935, 36.910163701000045 ], [ -76.205398207999963, 36.910024932000056 ], [ -76.205524525999977, 36.909895449000032 ], [ -76.205558780999979, 36.909860336000065 ], [ -76.205602320999958, 36.909815705000028 ], [ -76.205616655999961, 36.909799048000025 ], [ -76.205632274999971, 36.909787319000031 ], [ -76.205746093999949, 36.909701838000046 ], [ -76.205830180999953, 36.909635241000046 ], [ -76.205942149999942, 36.909584915000039 ], [ -76.205989833999979, 36.909562197000071 ], [ -76.20603110899998, 36.909544931000028 ], [ -76.206038198999977, 36.90954174400008 ], [ -76.206049438999969, 36.909537263000061 ], [ -76.206077238999967, 36.909525634000033 ], [ -76.206178639999962, 36.909485179000058 ], [ -76.20647218299996, 36.909361423000064 ], [ -76.206549944999949, 36.909327893000068 ], [ -76.206554905999951, 36.909326093000061 ], [ -76.206556980999949, 36.909325228000057 ], [ -76.206682568999952, 36.909272850000036 ], [ -76.206872116999989, 36.90919275400006 ], [ -76.20698245899996, 36.909147777000044 ], [ -76.207015313999989, 36.909134074000065 ], [ -76.207125903999952, 36.909091456000056 ], [ -76.207182533999969, 36.909069633000058 ], [ -76.207258298999989, 36.909040435000065 ], [ -76.207348931999945, 36.909007433000056 ], [ -76.207382872999972, 36.908992953000052 ], [ -76.207442824999987, 36.908973957000057 ], [ -76.207459898999957, 36.909022511000046 ], [ -76.207470043999933, 36.909059821000028 ], [ -76.207474052999942, 36.909073184000079 ], [ -76.207475022999972, 36.90907495700003 ], [ -76.207498045999955, 36.909116529000073 ], [ -76.207520129999978, 36.909157735000065 ], [ -76.207563655999934, 36.90923082300003 ], [ -76.207576638999967, 36.909248993000062 ], [ -76.207584543999985, 36.90926046900006 ], [ -76.207590917999937, 36.909268796000049 ], [ -76.207621223999979, 36.909299053000041 ], [ -76.207671507999976, 36.909347825000054 ], [ -76.207736656999941, 36.909414302000073 ], [ -76.207773549999956, 36.909451137000076 ], [ -76.208007966999958, 36.909686907000037 ], [ -76.208598424999934, 36.910300105000033 ], [ -76.208949578999977, 36.910654371000078 ], [ -76.209239206999939, 36.910946563000039 ], [ -76.209317749999968, 36.911026080000056 ], [ -76.20991645099997, 36.911632190000034 ], [ -76.210024158999943, 36.911743307000052 ], [ -76.21038029999994, 36.912097892000077 ], [ -76.210501582999939, 36.912212345000057 ], [ -76.210599959999968, 36.912347977000024 ], [ -76.210734895999963, 36.912514257000055 ], [ -76.210955627999965, 36.912834111000052 ], [ -76.211084212999936, 36.913069857000039 ], [ -76.211151666999967, 36.913215410000078 ], [ -76.211180598999988, 36.913277102000052 ], [ -76.211372427999947, 36.913776216000031 ], [ -76.211417409999967, 36.913881988000071 ], [ -76.21141933399997, 36.913887707000072 ], [ -76.211450019999972, 36.913978930000042 ], [ -76.211649893999947, 36.914503190000062 ], [ -76.211725223999963, 36.914730100000043 ], [ -76.211775940999985, 36.91489894800003 ], [ -76.211893112999974, 36.915289034000068 ], [ -76.211918811999965, 36.91534448200008 ], [ -76.211973586999989, 36.915456819000042 ], [ -76.209767724999949, 36.915874740000049 ], [ -76.20624037999994, 36.916542270000036 ], [ -76.204650453999989, 36.916843672000027 ], [ -76.202747478999981, 36.917200066000078 ], [ -76.201488163999954, 36.917434369000034 ], [ -76.201632640999946, 36.917191634000062 ], [ -76.201694411999938, 36.917098048000071 ], [ -76.201828833999969, 36.916894389000049 ], [ -76.202071190999959, 36.916525732000025 ], [ -76.202561926999977, 36.915804779000041 ], [ -76.202593932999946, 36.915754998000068 ], [ -76.202679614999965, 36.915621735000059 ], [ -76.202794905999951, 36.91543732100007 ], [ -76.203033495999989, 36.915091094000047 ], [ -76.203304601999946, 36.914697678000039 ], [ -76.202604846999975, 36.914896998000074 ], [ -76.202568030999942, 36.914913631000047 ], [ -76.202532923999968, 36.914934906000042 ], [ -76.202515282999968, 36.914948200000026 ], [ -76.202497586999982, 36.914963733000036 ], [ -76.202484108999954, 36.91497619200004 ], [ -76.202434027999971, 36.91504726800008 ], [ -76.202373745999978, 36.915137621000042 ], [ -76.202145081999959, 36.915089661000025 ], [ -76.201693077999948, 36.914981535000038 ], [ -76.201406311999961, 36.915425700000071 ], [ -76.201214794999942, 36.915721999000027 ], [ -76.201194814999951, 36.915753271000028 ], [ -76.201187131999973, 36.915764797000065 ], [ -76.201119878999975, 36.915868843000055 ], [ -76.200943635999977, 36.916137622000065 ], [ -76.200875662999977, 36.916235289000042 ], [ -76.200866063999968, 36.916249730000061 ], [ -76.200705681999978, 36.916487865000079 ], [ -76.200700199999972, 36.916496278000068 ], [ -76.200629317999983, 36.916602787000045 ], [ -76.20051306299996, 36.916771981000068 ], [ -76.200336789999938, 36.917030758000067 ], [ -76.200295963999963, 36.917087938000066 ], [ -76.200274843999978, 36.91711867500004 ], [ -76.200037231999943, 36.917499242000076 ], [ -76.200094318999959, 36.917690250000078 ], [ -76.199118127999952, 36.917842037000071 ], [ -76.198417243999984, 36.917936153000028 ], [ -76.197768464999967, 36.918004498000073 ], [ -76.197762000999944, 36.917879362000065 ], [ -76.197713104999934, 36.91757412700008 ], [ -76.197661664999941, 36.91746528300007 ], [ -76.197641125999951, 36.917352924000056 ], [ -76.197603596999954, 36.916786219000073 ], [ -76.197573338999973, 36.915952117000074 ], [ -76.197249841999962, 36.915874034000069 ], [ -76.19604443299994, 36.915489924000042 ], [ -76.194438319999961, 36.914840638000044 ] ] ] ] } },
{ "type": "Feature", "properties": { "OBJECTID": 18, "UID": 18, "LEAGUE": "Campostella", "PRES_ADDRE": "No Information Available", "MTG_FREQUE": "2nd Monday, monthly", "MTG_TIME": "6:30pm", "MTG_LOCATI": "Richard A. Tucker Library", "SHAPE_LENG": 11594.506205199999, "NAME1": "Campostella", "NAME2": " ", "PRESIDENT": "Sharon Hendrick", "E_MAIL": "Campostellacivicleague@gmail.com", "created_user": null, "created_date": null, "last_edited_user": "WTILGHM", "last_edited_date": "2024-02-20T05:41:09Z", "Shape_Length": 0.034703774292777566, "Shape_Area": 6.6755747212114753e-05 }, "geometry": { "type": "MultiPolygon", "coordinates": [ [ [ [ -76.261631307999949, 36.830265925000049 ], [ -76.261590479999938, 36.830259652000052 ], [ -76.261187861999986, 36.828383753000026 ], [ -76.26119354399998, 36.828381541000056 ], [ -76.261194854999985, 36.82838103000006 ], [ -76.261250093999934, 36.828359526000042 ], [ -76.261257504999946, 36.828359667000029 ], [ -76.261437955999952, 36.828363108000076 ], [ -76.261445368999944, 36.828363249000063 ], [ -76.261852085999976, 36.828246683000032 ], [ -76.262194630999943, 36.828104167000049 ], [ -76.262575016999961, 36.82783736500005 ], [ -76.262799488999974, 36.827642457000024 ], [ -76.263022750999937, 36.827372660000037 ], [ -76.263247467999975, 36.827053436000028 ], [ -76.263442672999986, 36.826807829000074 ], [ -76.263700331999985, 36.826414366000051 ], [ -76.263992143999985, 36.826021554000079 ], [ -76.264250524999966, 36.82560337700005 ], [ -76.264603810999972, 36.82521173300006 ], [ -76.264897090999966, 36.824768807000055 ], [ -76.265187678999951, 36.82430110100006 ], [ -76.265182120999953, 36.824298789000068 ], [ -76.265216029999976, 36.824259084000062 ], [ -76.265358212999956, 36.824320681000074 ], [ -76.272893227999987, 36.827333645000067 ], [ -76.273612928999967, 36.827655484000047 ], [ -76.273672081999962, 36.827682215000038 ], [ -76.273488830999952, 36.827997104000076 ], [ -76.273228555999935, 36.828461530000027 ], [ -76.273125282999956, 36.828645798000025 ], [ -76.273124564999989, 36.828647108000041 ], [ -76.273103710999976, 36.828703673000064 ], [ -76.27307411399994, 36.828783065000039 ], [ -76.273000039999943, 36.829014690000065 ], [ -76.272948017999965, 36.829186924000055 ], [ -76.272921821999944, 36.829270402000077 ], [ -76.272862274999966, 36.829669016000025 ], [ -76.272832482999945, 36.829869010000039 ], [ -76.272832161999986, 36.829871108000077 ], [ -76.272865619999948, 36.830094348000046 ], [ -76.272877025999946, 36.830143996000061 ], [ -76.272882711999955, 36.830179097000041 ], [ -76.272923478999985, 36.830378314000029 ], [ -76.273105414999975, 36.831234947000041 ], [ -76.273120405999975, 36.831305531000055 ], [ -76.273388930999943, 36.832660647000068 ], [ -76.273448515999974, 36.832850312000062 ], [ -76.273423385999934, 36.832879995000042 ], [ -76.272515643999952, 36.832979920000071 ], [ -76.272221644999945, 36.83301483300005 ], [ -76.271961506999958, 36.833027075000075 ], [ -76.271445144999973, 36.83298480600007 ], [ -76.271075000999986, 36.832920967000064 ], [ -76.270395175999965, 36.832768546000068 ], [ -76.26900866699998, 36.83236918700004 ], [ -76.261639084999956, 36.830268115000024 ], [ -76.261636814999974, 36.830267473000049 ], [ -76.261631307999949, 36.830265925000049 ] ] ] ] } },
{ "type": "Feature", "properties": { "OBJECTID": 19, "UID": 19, "LEAGUE": "Campostella Heights", "PRES_ADDRE": "No Information Available", "MTG_FREQUE": "1st Monday, monthly", "MTG_TIME": "6:00 pm", "MTG_LOCATI": "Campostella Heights Resource Center", "SHAPE_LENG": 13216.6822115, "NAME1": "Campostella", "NAME2": "Heights", "PRESIDENT": "Lawrence Brown", "E_MAIL": "lbengine7rescue7@aol.com", "created_user": null, "created_date": null, "last_edited_user": "RFRASHE", "last_edited_date": "2025-03-03T21:52:33Z", "Shape_Length": 0.041963061402687747, "Shape_Area": 8.2581985791255498e-05 }, "geometry": { "type": "MultiPolygon", "coordinates": [ [ [ [ -76.251715836999949, 36.832988426000043 ], [ -76.252541465999968, 36.831604467000034 ], [ -76.252678978999938, 36.831370394000032 ], [ -76.252905735999946, 36.830960593000043 ], [ -76.252529133999985, 36.830814193000037 ], [ -76.252773412999943, 36.830417201000046 ], [ -76.253120581999951, 36.830555083000036 ], [ -76.25317814899995, 36.830448808000028 ], [ -76.253356662999977, 36.830183439000052 ], [ -76.257358776999979, 36.831802608000032 ], [ -76.260262123999951, 36.830588006000028 ], [ -76.260746843999982, 36.830405746000054 ], [ -76.26102512999995, 36.830325198000025 ], [ -76.261280368999962, 36.830248931000028 ], [ -76.261526303999972, 36.830253620000065 ], [ -76.261590479999938, 36.830259652000052 ], [ -76.261631307999949, 36.830265925000049 ], [ -76.261636814999974, 36.830267473000049 ], [ -76.261639084999956, 36.830268115000024 ], [ -76.261999351999975, 36.832291583000028 ], [ -76.262449238999977, 36.833956830000034 ], [ -76.262818435999975, 36.834650024000041 ], [ -76.263315971999987, 36.835859423000045 ], [ -76.264497340999981, 36.839195903000075 ], [ -76.264530863999937, 36.839290575000064 ], [ -76.264558037999961, 36.839378114000056 ], [ -76.264504252999984, 36.839386514000068 ], [ -76.264262430999963, 36.839426040000035 ], [ -76.264119060999974, 36.83944666900004 ], [ -76.264049499999942, 36.83945753200004 ], [ -76.263953733999983, 36.839470051000035 ], [ -76.263762443999951, 36.839494558000069 ], [ -76.263569384999983, 36.839514567000037 ], [ -76.263490833999981, 36.839502500000037 ], [ -76.263311026999986, 36.839476863000073 ], [ -76.263207349999959, 36.839458456000045 ], [ -76.262966923999954, 36.83942019300008 ], [ -76.261852707999935, 36.839273469000034 ], [ -76.261395953999966, 36.839211540000065 ], [ -76.259575128999984, 36.838977355000054 ], [ -76.258209238999939, 36.838659861000053 ], [ -76.257954472999984, 36.83860095600005 ], [ -76.257596585999977, 36.838523074000079 ], [ -76.256354055999964, 36.838344222000046 ], [ -76.255975435999972, 36.838288315000057 ], [ -76.255399771999976, 36.83820330900005 ], [ -76.254121532999989, 36.838027450000027 ], [ -76.253415495999946, 36.837684232000072 ], [ -76.253140560999952, 36.837555486000042 ], [ -76.252613532999987, 36.837308688000064 ], [ -76.251260401999957, 36.836650868000049 ], [ -76.250943461999952, 36.836498370000072 ], [ -76.250980546999983, 36.836468763000028 ], [ -76.251409156999955, 36.835999718000039 ], [ -76.251710320999962, 36.835905772000046 ], [ -76.251929062999977, 36.835575314000039 ], [ -76.252347113999974, 36.834903366000049 ], [ -76.253133381999987, 36.833651355000029 ], [ -76.253165114999945, 36.833591740000031 ], [ -76.253169902999957, 36.833557168000027 ], [ -76.251841508999973, 36.83303102800005 ], [ -76.251715836999949, 36.832988426000043 ] ] ] ] } },
{ "type": "Feature", "properties": { "OBJECTID": 20, "UID": 20, "LEAGUE": "Brambleton", "PRES_ADDRE": "No Information Available", "MTG_FREQUE": "3rd Tuesday", "MTG_TIME": "6:30 pm", "MTG_LOCATI": "Shepherd's Village, 805 Park Avenue", "SHAPE_LENG": 8916.8985763199998, "NAME1": "Central", "NAME2": "Brambleton", "PRESIDENT": "Ira Johnson", "E_MAIL": "iwj007@yahoo.com", "created_user": null, "created_date": null, "last_edited_user": "WTILGHM", "last_edited_date": "2024-02-20T05:41:09Z", "Shape_Length": 0.039646725759804935, "Shape_Area": 7.4997295342145461e-05 }, "geometry": { "type": "MultiPolygon", "coordinates": [ [ [ [ -76.273641012999974, 36.854270052000061 ], [ -76.272722340999962, 36.854003997000063 ], [ -76.271599852999941, 36.853693544000066 ], [ -76.270478584999978, 36.85334189200006 ], [ -76.269461189999959, 36.853014415000075 ], [ -76.268645897999988, 36.852769289000037 ], [ -76.268181861999949, 36.852620456000068 ], [ -76.267013593999934, 36.852242364000062 ], [ -76.265685416999986, 36.851809743000047 ], [ -76.265742273999933, 36.851763494000068 ], [ -76.265758008999967, 36.851743922000026 ], [ -76.266181509999967, 36.85125466900007 ], [ -76.266663201999961, 36.850685506000048 ], [ -76.266644804999942, 36.850683037000067 ], [ -76.266635317999942, 36.850681763000068 ], [ -76.266649805999975, 36.850664631000029 ], [ -76.26696217999995, 36.850505041000076 ], [ -76.268853261999936, 36.848499092000054 ], [ -76.269246888999987, 36.848027050000042 ], [ -76.26973667599998, 36.84739912200007 ], [ -76.270087271999955, 36.846999692000054 ], [ -76.270453119999956, 36.846657809000078 ], [ -76.270554501999982, 36.846571729000061 ], [ -76.270019485999967, 36.846240832000035 ], [ -76.268607793999934, 36.845476345000066 ], [ -76.267805154999962, 36.844988541000077 ], [ -76.268010768999943, 36.844971158000078 ], [ -76.269189906999941, 36.84484999600005 ], [ -76.270865542999957, 36.84472316800003 ], [ -76.271657667999989, 36.844626917000028 ], [ -76.272332881999944, 36.844565548000048 ], [ -76.272958451999955, 36.844565050000028 ], [ -76.274138595999943, 36.844665053000028 ], [ -76.275857536999979, 36.844914663000054 ], [ -76.276889682, 36.845037920000038 ], [ -76.27767920399998, 36.845380472000045 ], [ -76.278076604999967, 36.845920810000052 ], [ -76.278156148999983, 36.84603102300008 ], [ -76.278033716999971, 36.846263957000076 ], [ -76.277997673999948, 36.846332530000041 ], [ -76.277977564999958, 36.846384767000075 ], [ -76.277822946999947, 36.84678642800003 ], [ -76.277443670999958, 36.847714046000078 ], [ -76.277112821999935, 36.848621973000036 ], [ -76.276950803999966, 36.848998483000059 ], [ -76.276909330999956, 36.849102683000069 ], [ -76.276837361999981, 36.849272695000025 ], [ -76.276826167999957, 36.849307256000031 ], [ -76.276818568999943, 36.849330720000069 ], [ -76.276719868999976, 36.84941346200003 ], [ -76.276307082999949, 36.850027156000067 ], [ -76.276218793999988, 36.850199213000053 ], [ -76.276152003999982, 36.850368143000026 ], [ -76.275574086999939, 36.852422620000027 ], [ -76.275578072999963, 36.852463967000062 ], [ -76.275544790999959, 36.852433116000043 ], [ -76.275509377999981, 36.852521724000042 ], [ -76.275327112999946, 36.85297778100005 ], [ -76.27514602399998, 36.853364231000057 ], [ -76.275006176999966, 36.853662666000048 ], [ -76.274921599999971, 36.853834001000052 ], [ -76.274846116999981, 36.85398691100005 ], [ -76.274722665999946, 36.85423699200004 ], [ -76.274669907999964, 36.854286819000038 ], [ -76.274626010999953, 36.854268129000047 ], [ -76.274482234999937, 36.854261024000039 ], [ -76.274208212999952, 36.854280802000062 ], [ -76.274051037999982, 36.854277824000064 ], [ -76.273641012999974, 36.854270052000061 ] ] ] ] } },
{ "type": "Feature", "properties": { "OBJECTID": 21, "UID": 21, "LEAGUE": "Chesapeake Gardens and Mamie Homes", "PRES_ADDRE": "7105 Gregory Drive", "MTG_FREQUE": "4th Monday", "MTG_TIME": "7:30 pm", "MTG_LOCATI": "Third Patrol, 901 Asbury Avenue", "SHAPE_LENG": 9934.7002108800007, "NAME1": "Chesapeake Gardens/", "NAME2": "Mamie Homes", "PRESIDENT": "Jimmie Gerald", "E_MAIL": "unknown", "created_user": null, "created_date": null, "last_edited_user": "WTILGHM", "last_edited_date": "2024-02-19T19:11:07Z", "Shape_Length": 0.032115652453665246, "Shape_Area": 5.4246280300399179e-05 }, "geometry": { "type": "MultiPolygon", "coordinates": [ [ [ [ -76.245657745999949, 36.910001598000065 ], [ -76.245051513999954, 36.908823705000032 ], [ -76.245020860999944, 36.908764839000071 ], [ -76.244990565999956, 36.908705978000057 ], [ -76.244964792999951, 36.908656479000058 ], [ -76.244958069999939, 36.908642834000034 ], [ -76.244949718999976, 36.908626607000031 ], [ -76.244941712999946, 36.908610359000079 ], [ -76.244818673999987, 36.908371291000037 ], [ -76.244670835999955, 36.908084729000052 ], [ -76.244511652999961, 36.907776173000059 ], [ -76.244500061999986, 36.90775390500005 ], [ -76.244457334999936, 36.907671134000054 ], [ -76.24354005899994, 36.905894130000036 ], [ -76.243498527999975, 36.905812981000054 ], [ -76.243465374999971, 36.905748205000066 ], [ -76.243418060999943, 36.905655750000051 ], [ -76.243407713999943, 36.90563553000004 ], [ -76.243348409999953, 36.905524446000072 ], [ -76.243227576999971, 36.905298101000028 ], [ -76.24319858299998, 36.905237788000079 ], [ -76.243170389999989, 36.90517914600008 ], [ -76.243119864999983, 36.905067 ], [ -76.243114700999968, 36.905055537000067 ], [ -76.243022243999974, 36.904828654000028 ], [ -76.242991581999945, 36.904761288000032 ], [ -76.242965025, 36.904655843000057 ], [ -76.242925001999936, 36.904417932000058 ], [ -76.242922392999958, 36.904398680000043 ], [ -76.242813530999967, 36.903592640000056 ], [ -76.243185232999963, 36.903590383000051 ], [ -76.243289380999954, 36.903588902000024 ], [ -76.244007540999974, 36.903576488000056 ], [ -76.24551648299996, 36.903554163000024 ], [ -76.247834186999967, 36.903593043000058 ], [ -76.247875273999966, 36.903592815000025 ], [ -76.248037349999947, 36.903591917000028 ], [ -76.248097419999965, 36.903591583000036 ], [ -76.248256908999963, 36.903588081000066 ], [ -76.248330016999944, 36.903592379000031 ], [ -76.248654921999957, 36.90360012900004 ], [ -76.248799944999973, 36.903612941000063 ], [ -76.248948854999981, 36.903623076000031 ], [ -76.249072284999954, 36.903643812000041 ], [ -76.249101788999951, 36.903650083000059 ], [ -76.249177328999963, 36.903661979000049 ], [ -76.24946005399994, 36.903722154000036 ], [ -76.249777250999955, 36.903776755000024 ], [ -76.249912534999964, 36.903807271000062 ], [ -76.250147803999937, 36.903848050000079 ], [ -76.250367811999979, 36.903880865000076 ], [ -76.250517057999957, 36.903910620000033 ], [ -76.250700608999978, 36.903941647000067 ], [ -76.250890499999969, 36.903980015000059 ], [ -76.250970282999958, 36.903999087000045 ], [ -76.250978994999969, 36.904001170000072 ], [ -76.251280788999964, 36.904057522000073 ], [ -76.251289005, 36.904060666000078 ], [ -76.251353050999967, 36.904088088000037 ], [ -76.251410267999972, 36.904112585000064 ], [ -76.251477583999986, 36.90413886500005 ], [ -76.25147773499998, 36.904138925000041 ], [ -76.251481325999976, 36.904140325000071 ], [ -76.251512124999977, 36.904151283000033 ], [ -76.251514314999952, 36.904152071000055 ], [ -76.251722992999987, 36.904230794000057 ], [ -76.251806933999944, 36.904263571000058 ], [ -76.251983520999943, 36.904327802000068 ], [ -76.252322823999975, 36.904503165000051 ], [ -76.252534157999946, 36.90461859100003 ], [ -76.252727393999976, 36.904740857000036 ], [ -76.252889859999982, 36.904844569000034 ], [ -76.253175189999979, 36.905029678000062 ], [ -76.253581148999956, 36.905371592000051 ], [ -76.253742358999943, 36.905519110000057 ], [ -76.253973987999984, 36.905714194000041 ], [ -76.254106491999949, 36.905790491000062 ], [ -76.254169826999942, 36.905833319000067 ], [ -76.254393802999971, 36.905985904000033 ], [ -76.254473430999951, 36.906035037000038 ], [ -76.254550218999952, 36.906089448000046 ], [ -76.254603920999955, 36.906147215000033 ], [ -76.254731073999949, 36.906336614000054 ], [ -76.255029819999947, 36.906651969000052 ], [ -76.254986893999956, 36.906745416000035 ], [ -76.254948261999971, 36.906833089000031 ], [ -76.254934861999971, 36.906862846000024 ], [ -76.254833621999978, 36.906961552000041 ], [ -76.254642195999963, 36.907169044000057 ], [ -76.254484995999974, 36.907327648000035 ], [ -76.254013163999957, 36.907824939000079 ], [ -76.253435132999982, 36.908428941000068 ], [ -76.253434771999935, 36.908429319000049 ], [ -76.25343438799996, 36.908429719000026 ], [ -76.253214090999961, 36.908659835000037 ], [ -76.253197140999987, 36.90867733500005 ], [ -76.253154799999947, 36.908722394000051 ], [ -76.253135971999939, 36.908740487000046 ], [ -76.25283528999995, 36.909050916000069 ], [ -76.252670205999948, 36.909226359000058 ], [ -76.252659910999967, 36.909220825000034 ], [ -76.252654898999936, 36.909225947000039 ], [ -76.252332783999975, 36.909047785000041 ], [ -76.252155036999966, 36.908954721000043 ], [ -76.251775605999967, 36.908747583000036 ], [ -76.25150780599995, 36.909103677000076 ], [ -76.250751481999941, 36.909016989000065 ], [ -76.25018427599997, 36.90930043000003 ], [ -76.250154768999948, 36.909433139000043 ], [ -76.250149944999976, 36.909435660000042 ], [ -76.250135385999954, 36.909443270000054 ], [ -76.249729194999986, 36.909655602000043 ], [ -76.249728839999989, 36.909651481000026 ], [ -76.249698380999973, 36.909298152000076 ], [ -76.249723433999975, 36.909196199000064 ], [ -76.249776191999956, 36.909016887000064 ], [ -76.249504477999949, 36.908976797000037 ], [ -76.249317276999989, 36.908949177000068 ], [ -76.249031383999977, 36.908967595000036 ], [ -76.249007552999956, 36.908969131000049 ], [ -76.248973796999962, 36.908977145000051 ], [ -76.248708195999939, 36.909040198000071 ], [ -76.248171574999958, 36.909197179000046 ], [ -76.248112711999966, 36.909214398000074 ], [ -76.247591150999938, 36.909386132000066 ], [ -76.245663444999934, 36.910012670000071 ], [ -76.245657745999949, 36.910001598000065 ] ] ] ] } },
{ "type": "Feature", "properties": { "OBJECTID": 22, "UID": 22, "LEAGUE": "Chesterfield Heights", "PRES_ADDRE": "No Information Available", "MTG_FREQUE": "4th Monday", "MTG_TIME": "6:30 pm", "MTG_LOCATI": "Chesterfield Academy, Westminster Avenue", "SHAPE_LENG": 27829.749107200001, "NAME1": "Chesterfield", "NAME2": "Heights", "PRESIDENT": "Gail Oarker", "E_MAIL": "gailparker1666@Gmail.com", "created_user": null, "created_date": null, "last_edited_user": "WTILGHM", "last_edited_date": "2024-02-20T05:41:09Z", "Shape_Length": 0.09553192915772056, "Shape_Area": 0.00017525616585758392 }, "geometry": { "type": "MultiPolygon", "coordinates": [ [ [ [ -76.242156265999938, 36.845707757000071 ], [ -76.241413657999942, 36.845355896000058 ], [ -76.241402629999982, 36.845337141000073 ], [ -76.241392256999973, 36.845316616000048 ], [ -76.240477675999955, 36.844912400000055 ], [ -76.240248484999938, 36.844803801000069 ], [ -76.240016800999967, 36.844692022000061 ], [ -76.239679612999964, 36.844529475000058 ], [ -76.239680048999958, 36.844528796000077 ], [ -76.239677735999976, 36.84452768500006 ], [ -76.239996066999936, 36.844032605000052 ], [ -76.240081231999966, 36.84389771900004 ], [ -76.240130620999935, 36.843823340000029 ], [ -76.240142846999959, 36.843804324000075 ], [ -76.240143141999965, 36.843803865000041 ], [ -76.239894661999983, 36.843628563000038 ], [ -76.239733613999988, 36.843514342000049 ], [ -76.239514360999976, 36.843358838000029 ], [ -76.239359930999967, 36.843250997000041 ], [ -76.239187834999939, 36.843128738000075 ], [ -76.239133551999942, 36.843090174000054 ], [ -76.239112801999966, 36.843075850000048 ], [ -76.239113130999954, 36.843045478000079 ], [ -76.239113123999971, 36.84304441900008 ], [ -76.239113009999983, 36.84302496600003 ], [ -76.239110767999989, 36.842989125000031 ], [ -76.239108098999964, 36.842946434000055 ], [ -76.239112828999964, 36.842866432000051 ], [ -76.239113246999977, 36.84285654100006 ], [ -76.239117854999961, 36.842747590000045 ], [ -76.239113496999948, 36.842553672000065 ], [ -76.239114838999967, 36.842419036000024 ], [ -76.239119190999986, 36.842325530000039 ], [ -76.239120247999949, 36.842280792000054 ], [ -76.239064728999949, 36.842266498000072 ], [ -76.239062421999961, 36.84223286200006 ], [ -76.239032026999951, 36.842086276000032 ], [ -76.238786793999964, 36.841549154000063 ], [ -76.238673492999965, 36.841308973000025 ], [ -76.238506690999941, 36.840908158000047 ], [ -76.238445258999946, 36.840752642000041 ], [ -76.238436061999948, 36.840729361000058 ], [ -76.23840308399997, 36.840651490000027 ], [ -76.238162614999965, 36.840083643000071 ], [ -76.238124034999942, 36.839983390000043 ], [ -76.237935314999959, 36.839666069000032 ], [ -76.237935858999947, 36.839666161000025 ], [ -76.237935578999952, 36.83966569100005 ], [ -76.237989832999972, 36.839675326000076 ], [ -76.237978462999934, 36.839641947000075 ], [ -76.237665367999966, 36.838882043000069 ], [ -76.246252511999955, 36.837275004000048 ], [ -76.250943461999952, 36.836498370000072 ], [ -76.251260401999957, 36.836650868000049 ], [ -76.252613532999987, 36.837308688000064 ], [ -76.253140560999952, 36.837555486000042 ], [ -76.253415495999946, 36.837684232000072 ], [ -76.254121532999989, 36.838027450000027 ], [ -76.255399771999976, 36.83820330900005 ], [ -76.255975435999972, 36.838288315000057 ], [ -76.256354055999964, 36.838344222000046 ], [ -76.257596585999977, 36.838523074000079 ], [ -76.257954472999984, 36.83860095600005 ], [ -76.258209238999939, 36.838659861000053 ], [ -76.259575128999984, 36.838977355000054 ], [ -76.261395953999966, 36.839211540000065 ], [ -76.261852707999935, 36.839273469000034 ], [ -76.262966923999954, 36.83942019300008 ], [ -76.263207349999959, 36.839458456000045 ], [ -76.263311026999986, 36.839476863000073 ], [ -76.263490833999981, 36.839502500000037 ], [ -76.263569384999983, 36.839514567000037 ], [ -76.263762443999951, 36.839494558000069 ], [ -76.263953733999983, 36.839470051000035 ], [ -76.264049499999942, 36.83945753200004 ], [ -76.264119060999974, 36.83944666900004 ], [ -76.264262430999963, 36.839426040000035 ], [ -76.264504252999984, 36.839386514000068 ], [ -76.264558037999961, 36.839378114000056 ], [ -76.264659858999948, 36.839682786000026 ], [ -76.264759032999962, 36.839915537000024 ], [ -76.265779255999973, 36.842693289000067 ], [ -76.266136007999989, 36.843346435000058 ], [ -76.266487514999938, 36.843823201000077 ], [ -76.26710363899997, 36.844462553000028 ], [ -76.267398310999965, 36.844697891000067 ], [ -76.267805154999962, 36.844988541000077 ], [ -76.264614725999934, 36.845270133000042 ], [ -76.262356577999981, 36.845492208000053 ], [ -76.260942659999955, 36.845604743000024 ], [ -76.259822335999957, 36.845662597000057 ], [ -76.259314982999967, 36.845688793000079 ], [ -76.256642070999987, 36.845754585000066 ], [ -76.25334621199994, 36.845636305000028 ], [ -76.249285224999937, 36.845530482000072 ], [ -76.247972173999983, 36.845552244000032 ], [ -76.247071245999962, 36.845687911000027 ], [ -76.246503206999989, 36.845805234000068 ], [ -76.245925282999963, 36.845938588000024 ], [ -76.245667814999933, 36.845991763000029 ], [ -76.245476280999981, 36.846030099000075 ], [ -76.245307898999954, 36.846057471000051 ], [ -76.245008446999975, 36.846106148000047 ], [ -76.244813866999948, 36.846117357000026 ], [ -76.244399676999933, 36.846136189000049 ], [ -76.24406591199994, 36.846123873000067 ], [ -76.243737430999943, 36.846104922000052 ], [ -76.243407135999973, 36.846061487000043 ], [ -76.243028785999968, 36.845981684000037 ], [ -76.242765263999956, 36.845920024000065 ], [ -76.242425886999968, 36.845807099000069 ], [ -76.242156265999938, 36.845707757000071 ] ], [ [ -76.249510910999959, 36.843727286000046 ], [ -76.249569435999945, 36.843171692000055 ], [ -76.249614898999937, 36.843068495000068 ], [ -76.24961185799998, 36.842963963000045 ], [ -76.249599549999971, 36.842790572000069 ], [ -76.249633936999942, 36.842570949000049 ], [ -76.249658647999979, 36.842503131000058 ], [ -76.249666053999988, 36.842488861000049 ], [ -76.24975816999995, 36.84231139700006 ], [ -76.249775841999963, 36.842277350000074 ], [ -76.249854456999969, 36.842180631000076 ], [ -76.249892743999965, 36.842129874000079 ], [ -76.250022170999955, 36.842010881000078 ], [ -76.250254084999938, 36.84186598000008 ], [ -76.250475512999969, 36.841797082000028 ], [ -76.250607396999953, 36.842173338000066 ], [ -76.250637685999948, 36.842260938000038 ], [ -76.251173310999945, 36.842354020000073 ], [ -76.251080175999959, 36.842723671000044 ], [ -76.251203933999989, 36.84274491900004 ], [ -76.25198198399994, 36.842864304000045 ], [ -76.252242925999951, 36.842904198000042 ], [ -76.252196909999952, 36.843086192000044 ], [ -76.252183409999986, 36.84315239600005 ], [ -76.252672535999977, 36.843228701000044 ], [ -76.253094308999948, 36.843291328000078 ], [ -76.253159220999976, 36.843052584000077 ], [ -76.253276279999966, 36.842617078000046 ], [ -76.25337731999997, 36.842238657000053 ], [ -76.253472829999964, 36.84184175300004 ], [ -76.253474084999937, 36.841702454000028 ], [ -76.253566289999981, 36.841395659000057 ], [ -76.253576965999969, 36.841360137000038 ], [ -76.253633248999961, 36.841076026000053 ], [ -76.25372241599996, 36.840740087000029 ], [ -76.25376136999995, 36.840597154000079 ], [ -76.253734302999987, 36.84059363700004 ], [ -76.252111090999961, 36.840318530000047 ], [ -76.251141679999989, 36.840146324000045 ], [ -76.250506645999963, 36.840052137000043 ], [ -76.25035620999995, 36.840029824000055 ], [ -76.250162508999949, 36.839999170000056 ], [ -76.249816952999936, 36.839945983000064 ], [ -76.249416547999942, 36.83988435200007 ], [ -76.249417794999943, 36.839881311000056 ], [ -76.249414075999937, 36.83974936900006 ], [ -76.249412230999951, 36.839723612000057 ], [ -76.248993798999948, 36.839613963000033 ], [ -76.248439897999958, 36.839486117000035 ], [ -76.247367011999984, 36.839213700000073 ], [ -76.246899282999948, 36.839115580000055 ], [ -76.246876073999942, 36.83910996600008 ], [ -76.246821770999986, 36.839096828000038 ], [ -76.246452598999952, 36.83991504200003 ], [ -76.246393654999963, 36.840052810000032 ], [ -76.246306503999961, 36.84024428400005 ], [ -76.246292195999956, 36.840274444000045 ], [ -76.246170480999979, 36.840525713000034 ], [ -76.246108698999933, 36.840661256000033 ], [ -76.246026059999963, 36.840841827000077 ], [ -76.245990081999935, 36.840922811000041 ], [ -76.245764053999949, 36.841342672000053 ], [ -76.245494157999985, 36.841836052000076 ], [ -76.24548185499998, 36.841855558000077 ], [ -76.245320929999934, 36.842143999000029 ], [ -76.245046453999976, 36.842703337000046 ], [ -76.244934589999957, 36.842976244000056 ], [ -76.244918025999937, 36.843078711000032 ], [ -76.244918465999945, 36.843080580000048 ], [ -76.24494148399998, 36.843178413000032 ], [ -76.244980363999957, 36.843174403000035 ], [ -76.245065195999985, 36.843158807000066 ], [ -76.24522240999994, 36.843200461000038 ], [ -76.245592453999961, 36.843299088000038 ], [ -76.249151885999936, 36.844200096000066 ], [ -76.24941211099997, 36.844280050000066 ], [ -76.249554504999935, 36.844322060000025 ], [ -76.249510910999959, 36.843727286000046 ] ] ] ] } },
{ "type": "Feature", "properties": { "OBJECTID": 23, "UID": 23, "LEAGUE": "Crossroads", "PRES_ADDRE": "PO Box 14076", "MTG_FREQUE": "Second Thursday of month", "MTG_TIME": "6:30 pm", "MTG_LOCATI": "American Legion Tidewater Post 327, 705 Lesner Ave, Norfolk, VA", "SHAPE_LENG": 15253.4775527, "NAME1": "Crossroads", "NAME2": "", "PRESIDENT": "Sheri Hogue", "E_MAIL": "crossroadscivicleague@gmail.com", "created_user": null, "created_date": null, "last_edited_user": "RFRASHE", "last_edited_date": "2024-10-24T18:36:13Z", "Shape_Length": 0.059045799319756856, "Shape_Area": 0.00018740348271046112 }, "geometry": { "type": "MultiPolygon", "coordinates": [ [ [ [ -76.242448212999989, 36.921608694000042 ], [ -76.242272824999986, 36.920516017000068 ], [ -76.242271347999974, 36.920506812000042 ], [ -76.242235944999948, 36.920286248000025 ], [ -76.242138823999937, 36.919721691000063 ], [ -76.242112286999941, 36.919567436000079 ], [ -76.242104723999944, 36.919476084000053 ], [ -76.242076685999962, 36.918901602000062 ], [ -76.24207365999996, 36.918839621000075 ], [ -76.242057738999961, 36.918738614000063 ], [ -76.242054356999972, 36.918698543000062 ], [ -76.242049867999981, 36.918645362000063 ], [ -76.242012351999961, 36.918401432000053 ], [ -76.241996970999935, 36.918292629000064 ], [ -76.241978570999947, 36.918165825000074 ], [ -76.241966267999942, 36.918081040000061 ], [ -76.241962278999949, 36.918050871000048 ], [ -76.241952518999938, 36.917981333000057 ], [ -76.241946545999951, 36.917945121000059 ], [ -76.241930928999977, 36.917837495000072 ], [ -76.241907504999972, 36.917676074000042 ], [ -76.241902423999989, 36.917637417000037 ], [ -76.241896720999989, 36.917601748000038 ], [ -76.241871885999956, 36.917430592000073 ], [ -76.241833251999935, 36.917164334000063 ], [ -76.241820012999938, 36.917066766000062 ], [ -76.241795135999951, 36.916901648000078 ], [ -76.241786670999943, 36.916843313000072 ], [ -76.241783116999954, 36.916818819000071 ], [ -76.241771876999962, 36.916734819000055 ], [ -76.241732001999935, 36.916465334000065 ], [ -76.241730323999946, 36.91645498400004 ], [ -76.241718016999982, 36.916370156000028 ], [ -76.241709663999984, 36.916312593000043 ], [ -76.241699161999975, 36.916240206000055 ], [ -76.24169397199995, 36.916201844000057 ], [ -76.241669399999978, 36.916030172000035 ], [ -76.241657412999984, 36.915952484000059 ], [ -76.241639963999944, 36.915832214000034 ], [ -76.241624845, 36.91572801600006 ], [ -76.241620639999951, 36.915696586000024 ], [ -76.241615373999934, 36.915662742000052 ], [ -76.241603312999985, 36.915579623000042 ], [ -76.241592823999952, 36.915507330000025 ], [ -76.241586539999957, 36.915459719000069 ], [ -76.241574354999955, 36.915380044000074 ], [ -76.241562788999943, 36.915300326000079 ], [ -76.241545310999982, 36.915179863000048 ], [ -76.241543346999947, 36.91516579000006 ], [ -76.241542865999975, 36.915163016000065 ], [ -76.24153354699996, 36.915098786000044 ], [ -76.241515609999965, 36.914975171000037 ], [ -76.241512022999984, 36.914949021000041 ], [ -76.241450473999976, 36.914761421000037 ], [ -76.241471037999986, 36.914738593000038 ], [ -76.241482346999987, 36.914738507000038 ], [ -76.241567616999987, 36.914737863000028 ], [ -76.241601894999974, 36.914735774000064 ], [ -76.241738942999973, 36.914729478000027 ], [ -76.241875970999956, 36.914723869000056 ], [ -76.242194482999935, 36.91471350300003 ], [ -76.242512848999979, 36.914707941000074 ], [ -76.242834512999934, 36.914706545000058 ], [ -76.243149866999943, 36.914709877000064 ], [ -76.24315261299995, 36.914709943000048 ], [ -76.243645581999942, 36.91472350600003 ], [ -76.243867689999945, 36.914733267000031 ], [ -76.244086316999983, 36.914745018000076 ], [ -76.244403888999955, 36.914766223000072 ], [ -76.244721335999941, 36.91479154600006 ], [ -76.245062535999978, 36.914823505000072 ], [ -76.245359303999976, 36.914853925000045 ], [ -76.24606169499998, 36.914936080000075 ], [ -76.246958431999985, 36.915041188000032 ], [ -76.247882363999963, 36.915152305000049 ], [ -76.249178030999985, 36.915232372000048 ], [ -76.250318204999985, 36.915236596000057 ], [ -76.250527581999961, 36.915278963000048 ], [ -76.250464951999959, 36.915463062000072 ], [ -76.250490652999986, 36.915467461000048 ], [ -76.251852835999955, 36.915707730000065 ], [ -76.251931961999958, 36.915574133000064 ], [ -76.251932078999971, 36.915573936000044 ], [ -76.254215730999988, 36.916229532000045 ], [ -76.253878103999966, 36.91777042800004 ], [ -76.253795039999943, 36.917891256000075 ], [ -76.253376507999974, 36.919890223000039 ], [ -76.25305820899996, 36.921393142000056 ], [ -76.252901219999956, 36.921379152000043 ], [ -76.252901179999981, 36.921379337000076 ], [ -76.252898473999949, 36.921379099000035 ], [ -76.25274749099998, 36.922085726000034 ], [ -76.252595266999947, 36.922799637000026 ], [ -76.252595221999968, 36.922799846000032 ], [ -76.252588504999949, 36.922831350000024 ], [ -76.252477109999973, 36.923356719000026 ], [ -76.252452600999959, 36.923490873000048 ], [ -76.252434929999936, 36.923625156000071 ], [ -76.252420658999938, 36.923760192000032 ], [ -76.252406407999956, 36.923894542000028 ], [ -76.252393948999952, 36.924083873000029 ], [ -76.252387210999984, 36.924206432000062 ], [ -76.25238651799998, 36.924219040000025 ], [ -76.252385926999978, 36.924354338000057 ], [ -76.252385336999964, 36.924489635000043 ], [ -76.252388164999957, 36.92462499800007 ], [ -76.25239441399998, 36.924760426000034 ], [ -76.252400683999952, 36.924895168000035 ], [ -76.25241379299996, 36.92503004100007 ], [ -76.252426902999957, 36.92516491300006 ], [ -76.252452552999955, 36.925338489000069 ], [ -76.252457946999982, 36.92538735800008 ], [ -76.252567815999953, 36.926067376000049 ], [ -76.252657183999986, 36.92663092500004 ], [ -76.252764063999962, 36.927296462000072 ], [ -76.252807507999989, 36.927562415000068 ], [ -76.252896494999959, 36.928139008000073 ], [ -76.252996576999976, 36.928803040000048 ], [ -76.253082511999935, 36.929367210000066 ], [ -76.25308851799997, 36.929395486000033 ], [ -76.253185282999937, 36.930030448000025 ], [ -76.253454952999959, 36.931787906000068 ], [ -76.253640316999963, 36.932923370000026 ], [ -76.25016040099996, 36.933249021000051 ], [ -76.244332081999971, 36.933825570000067 ], [ -76.244243627999936, 36.933264595000026 ], [ -76.244202078999933, 36.933001089000072 ], [ -76.244072261999975, 36.932177775000071 ], [ -76.244013430999985, 36.931781447000049 ], [ -76.244004287999985, 36.931724627000051 ], [ -76.243849972999953, 36.930765632000032 ], [ -76.243675062999955, 36.929658568000036 ], [ -76.243646873999978, 36.92947844400004 ], [ -76.243338198999936, 36.927437354000062 ], [ -76.243235955999978, 36.926712079000026 ], [ -76.243178675999957, 36.926337334000038 ], [ -76.242987009999979, 36.925109863000046 ], [ -76.242958976999944, 36.924920499000052 ], [ -76.242923129999951, 36.924700750000056 ], [ -76.242652773999964, 36.922969236000029 ], [ -76.242562577999934, 36.922321179000051 ], [ -76.242524682999942, 36.922085097000036 ], [ -76.242511580999974, 36.921990418000064 ], [ -76.242448212999989, 36.921608694000042 ] ] ] ] } },
{ "type": "Feature", "properties": { "OBJECTID": 24, "UID": 24, "LEAGUE": "Colonial Place and Riverview", "PRES_ADDRE": "PO Box 6130", "MTG_FREQUE": "2nd Monday", "MTG_TIME": "6:30 pm", "MTG_LOCATI": "Eggleston Center, 110 Lavalette Avenue", "SHAPE_LENG": 17848.284996400002, "NAME1": "Colonial Place/", "NAME2": "Riverview", "PRESIDENT": "Pooya Mohit", "E_MAIL": "president@cprv.net", "created_user": null, "created_date": null, "last_edited_user": "WTILGHM", "last_edited_date": "2024-02-20T04:13:07Z", "Shape_Length": 0.057040314559043348, "Shape_Area": 0.00017802429229560923 }, "geometry": { "type": "MultiPolygon", "coordinates": [ [ [ [ -76.28196903099996, 36.890102471000034 ], [ -76.279889073999982, 36.888904259000071 ], [ -76.279690564999953, 36.889025515000071 ], [ -76.278567932999977, 36.888584636000076 ], [ -76.276385955999956, 36.889161524000031 ], [ -76.276322466999943, 36.888991520000047 ], [ -76.275821213999961, 36.887649282000041 ], [ -76.275833879999936, 36.887649223000039 ], [ -76.275833283999987, 36.887647585000025 ], [ -76.275902520999978, 36.887648901000034 ], [ -76.276069404999987, 36.887652073000027 ], [ -76.27599412099994, 36.887558555000055 ], [ -76.275860110999986, 36.88739208700008 ], [ -76.275814521999962, 36.887330704000078 ], [ -76.275656854999966, 36.887118412000063 ], [ -76.275653635999959, 36.887114061000034 ], [ -76.275624995999976, 36.887075340000024 ], [ -76.275291632999938, 36.886155028000076 ], [ -76.27498404399995, 36.885301034000065 ], [ -76.274907543999973, 36.884906494000063 ], [ -76.274809858999959, 36.884402674000057 ], [ -76.274789187999943, 36.884296067000037 ], [ -76.274609688999988, 36.88338064800007 ], [ -76.27460851799998, 36.883373688000063 ], [ -76.274415646999955, 36.882373983000036 ], [ -76.274333277999972, 36.881954073000031 ], [ -76.275236587999984, 36.881370978000064 ], [ -76.275540755999941, 36.881270656000027 ], [ -76.276239278999981, 36.881230015000028 ], [ -76.277651325999955, 36.881106716000033 ], [ -76.279544300999987, 36.881034690000035 ], [ -76.280495386999974, 36.880979226000079 ], [ -76.281269172999941, 36.880938989000072 ], [ -76.281712231999961, 36.88081085400006 ], [ -76.282004484999959, 36.880715014000032 ], [ -76.282102877999989, 36.88070084800006 ], [ -76.283226691999971, 36.880629530000078 ], [ -76.285056905999966, 36.880547383000078 ], [ -76.285156290999964, 36.880543043000046 ], [ -76.28581918499998, 36.880509454000048 ], [ -76.287000703, 36.880455795000046 ], [ -76.287539134999975, 36.880429198000058 ], [ -76.28800814899995, 36.880409619000034 ], [ -76.288274054999988, 36.880395236000027 ], [ -76.289033482999969, 36.880353288000038 ], [ -76.289910607999957, 36.880303326000046 ], [ -76.290223849999961, 36.880287767000027 ], [ -76.290347796999981, 36.880280925000079 ], [ -76.290761179999947, 36.880258180000055 ], [ -76.291694203999953, 36.880205126000078 ], [ -76.292112256999985, 36.88018287500006 ], [ -76.292387947999941, 36.880167224000047 ], [ -76.292745307999951, 36.880148984000073 ], [ -76.293031346999953, 36.880135781000035 ], [ -76.293164799999943, 36.880129620000048 ], [ -76.293431367999972, 36.880113415000039 ], [ -76.293769550999968, 36.880092856000033 ], [ -76.293885260999957, 36.88008586400008 ], [ -76.294250431999956, 36.880063801000063 ], [ -76.294252325999935, 36.880066716000044 ], [ -76.294272967999973, 36.880200327000068 ], [ -76.294299941999952, 36.880448571000045 ], [ -76.294242145999988, 36.880451683000047 ], [ -76.294172704999937, 36.88045384600008 ], [ -76.294089313999962, 36.880459389000066 ], [ -76.29408934099996, 36.880459915000074 ], [ -76.294089270999962, 36.880459919000032 ], [ -76.294089497999948, 36.880463 ], [ -76.294091058999982, 36.880493423000075 ], [ -76.294093171999975, 36.880502766000063 ], [ -76.294131877999973, 36.880746180000074 ], [ -76.294108297999969, 36.880842175000055 ], [ -76.293948562999958, 36.881995835000055 ], [ -76.293910018999952, 36.882304008000062 ], [ -76.293907941999976, 36.882320606000064 ], [ -76.293898437999985, 36.88238900500005 ], [ -76.293884785999978, 36.882496955000079 ], [ -76.293844982999985, 36.882885418000058 ], [ -76.293890405999946, 36.883038120000037 ], [ -76.294000414999971, 36.884467895000057 ], [ -76.293404616999965, 36.88591258200006 ], [ -76.293403370999954, 36.885915605000037 ], [ -76.293263888999945, 36.885920057000078 ], [ -76.293275492999953, 36.88622566600003 ], [ -76.292778571999975, 36.886650909000025 ], [ -76.292778321999947, 36.886651075000032 ], [ -76.292775810999956, 36.886651072000063 ], [ -76.292611901999976, 36.886660756000026 ], [ -76.292033800999945, 36.887288235000028 ], [ -76.291710242999955, 36.889824839000028 ], [ -76.290846580999983, 36.89023645900005 ], [ -76.290394785999979, 36.892007576000026 ], [ -76.287106565999977, 36.892515821000075 ], [ -76.28684521699995, 36.892626048000068 ], [ -76.286559391999958, 36.892746597000041 ], [ -76.286516503999962, 36.892721895000079 ], [ -76.284050588999946, 36.891301528000042 ], [ -76.28196903099996, 36.890102471000034 ] ] ] ] } },
{ "type": "Feature", "properties": { "OBJECTID": 25, "UID": 25, "LEAGUE": "Coronado and Inglenook", "PRES_ADDRE": "928 Widgeon Road", "MTG_FREQUE": "1st Thursday ", "MTG_TIME": "6:30 pm", "MTG_LOCATI": "Norview Recreation Center", "SHAPE_LENG": 9357.4067564500001, "NAME1": "Coronado/", "NAME2": "Inglenook", "PRESIDENT": "Angela Smith", "E_MAIL": "coronadoinglenookcl@gmail.com", "created_user": null, "created_date": null, "last_edited_user": "WTILGHM", "last_edited_date": "2024-02-19T19:54:15Z", "Shape_Length": 0.037202781218225379, "Shape_Area": 6.9873330909785427e-05 }, "geometry": { "type": "MultiPolygon", "coordinates": [ [ [ [ -76.248330016999944, 36.903592379000031 ], [ -76.248256908999963, 36.903588081000066 ], [ -76.248097419999965, 36.903591583000036 ], [ -76.248037349999947, 36.903591917000028 ], [ -76.247875273999966, 36.903592815000025 ], [ -76.247834186999967, 36.903593043000058 ], [ -76.24551648299996, 36.903554163000024 ], [ -76.244007540999974, 36.903576488000056 ], [ -76.243289380999954, 36.903588902000024 ], [ -76.243185232999963, 36.903590383000051 ], [ -76.242813530999967, 36.903592640000056 ], [ -76.242801226999973, 36.903501885000026 ], [ -76.242800787999954, 36.90349864500007 ], [ -76.24275589299998, 36.903194953000025 ], [ -76.242753512999968, 36.903169770000034 ], [ -76.242304393999973, 36.898969994000026 ], [ -76.242378624999958, 36.898969278000038 ], [ -76.242451961999961, 36.898968573000047 ], [ -76.242619705999971, 36.898966959000063 ], [ -76.242725872999983, 36.89896593800006 ], [ -76.24282207899995, 36.898965012000076 ], [ -76.243005725999978, 36.898963245000061 ], [ -76.24306839999997, 36.898962643000061 ], [ -76.24316552199997, 36.898961708000058 ], [ -76.243316637999953, 36.898960757000054 ], [ -76.243554552999967, 36.898957962000054 ], [ -76.243575349999958, 36.898957718000077 ], [ -76.243958414999952, 36.898953768000069 ], [ -76.244665858999952, 36.898945821000041 ], [ -76.245148317999963, 36.898943810000048 ], [ -76.245186150999984, 36.89894376500007 ], [ -76.245207470999958, 36.898943663000068 ], [ -76.245217003999983, 36.898943618000033 ], [ -76.24524530399998, 36.898943288000055 ], [ -76.245464328999958, 36.898942452000028 ], [ -76.246361783999987, 36.898938217000079 ], [ -76.24674562499996, 36.89893640300005 ], [ -76.24740196099998, 36.898938772000065 ], [ -76.247672562999981, 36.898939748000032 ], [ -76.248097826999981, 36.898903252000025 ], [ -76.248145262999969, 36.898895659000061 ], [ -76.24816524199997, 36.898892462000049 ], [ -76.248209239999937, 36.898885419000067 ], [ -76.248399048999943, 36.898848796000038 ], [ -76.248417879999977, 36.898845318000042 ], [ -76.248420024999973, 36.898844748000045 ], [ -76.248420774999943, 36.898844604000033 ], [ -76.248501296999962, 36.898824477000062 ], [ -76.248516213999949, 36.898819200000048 ], [ -76.248525546999986, 36.898815899000056 ], [ -76.248852997999961, 36.898700677000079 ], [ -76.248907656999961, 36.898681876000069 ], [ -76.248989758999983, 36.898648932000071 ], [ -76.249065069999972, 36.898619506000045 ], [ -76.24913326799998, 36.898593402000074 ], [ -76.249156037999967, 36.898585382000078 ], [ -76.249271187999966, 36.898546153000041 ], [ -76.249418956999989, 36.89849864200005 ], [ -76.249531127999944, 36.898462576000043 ], [ -76.24961579099994, 36.898430581000071 ], [ -76.249675797999942, 36.898407903000077 ], [ -76.249701146999939, 36.898399525000059 ], [ -76.249702113999945, 36.898399535000067 ], [ -76.249763103999953, 36.898400473000038 ], [ -76.249853978999965, 36.89840188200003 ], [ -76.249973146999935, 36.898403729000051 ], [ -76.250093813999968, 36.898406039000065 ], [ -76.250428187999944, 36.898435106000079 ], [ -76.250752950999981, 36.898470393000025 ], [ -76.250788831999955, 36.89847429100007 ], [ -76.250958080999965, 36.89851070800006 ], [ -76.250985579999963, 36.898516624000024 ], [ -76.251184333999959, 36.898543323000069 ], [ -76.251491525999938, 36.898568099000045 ], [ -76.251563791999956, 36.89855207800008 ], [ -76.251773206999985, 36.898508627000069 ], [ -76.251945411999941, 36.898469337000051 ], [ -76.252017569999964, 36.898450016000027 ], [ -76.252138950999949, 36.898422509000056 ], [ -76.252888888999962, 36.898225197000045 ], [ -76.25366970999994, 36.898019752000039 ], [ -76.254597139999987, 36.897775100000047 ], [ -76.255241510999952, 36.897605095000074 ], [ -76.25524530399997, 36.897604095000077 ], [ -76.255270408999934, 36.897595719000037 ], [ -76.256527830999971, 36.901984956000035 ], [ -76.256486068999948, 36.902355743000044 ], [ -76.256432147999988, 36.902559393000047 ], [ -76.256335160999981, 36.902715517000047 ], [ -76.256217637999953, 36.902871936000054 ], [ -76.256042011999966, 36.903026557000032 ], [ -76.255898640999987, 36.903131654000049 ], [ -76.255738539999982, 36.903224068000043 ], [ -76.255544531999988, 36.903306219000058 ], [ -76.255292520999944, 36.903383142000052 ], [ -76.255063406999966, 36.903495529000054 ], [ -76.254854094999985, 36.903632334000065 ], [ -76.254696068999976, 36.903770119000058 ], [ -76.254575894999959, 36.903900385000043 ], [ -76.254511727999954, 36.903987762000042 ], [ -76.253762601999938, 36.90410051300006 ], [ -76.252023768999948, 36.90413251800004 ], [ -76.251514314999952, 36.904152071000055 ], [ -76.251512124999977, 36.904151283000033 ], [ -76.251481325999976, 36.904140325000071 ], [ -76.25147773499998, 36.904138925000041 ], [ -76.251477583999986, 36.90413886500005 ], [ -76.251410267999972, 36.904112585000064 ], [ -76.251353050999967, 36.904088088000037 ], [ -76.251289005, 36.904060666000078 ], [ -76.251280788999964, 36.904057522000073 ], [ -76.250978994999969, 36.904001170000072 ], [ -76.250970282999958, 36.903999087000045 ], [ -76.250890499999969, 36.903980015000059 ], [ -76.250700608999978, 36.903941647000067 ], [ -76.250517057999957, 36.903910620000033 ], [ -76.250367811999979, 36.903880865000076 ], [ -76.250147803999937, 36.903848050000079 ], [ -76.249912534999964, 36.903807271000062 ], [ -76.249777250999955, 36.903776755000024 ], [ -76.24946005399994, 36.903722154000036 ], [ -76.249177328999963, 36.903661979000049 ], [ -76.249101788999951, 36.903650083000059 ], [ -76.249072284999954, 36.903643812000041 ], [ -76.248948854999981, 36.903623076000031 ], [ -76.248799944999973, 36.903612941000063 ], [ -76.248654921999957, 36.90360012900004 ], [ -76.248330016999944, 36.903592379000031 ] ] ] ] } },
{ "type": "Feature", "properties": { "OBJECTID": 26, "UID": 26, "LEAGUE": "Cottage Line", "PRES_ADDRE": "2060 E Ocean View Ave,7b", "MTG_FREQUE": "1st Thursday,(no meeting Jan,Jul & Aug)", "MTG_TIME": "7:00 pm", "MTG_LOCATI": "Methodist Church, 1601 E Bay View Ave ", "SHAPE_LENG": 22150.0876623, "NAME1": "Cottage", "NAME2": "Line", "PRESIDENT": "Ken Paulson", "E_MAIL": "cottagelinecivicleague@gmail.com", "created_user": null, "created_date": null, "last_edited_user": "RFRASHE", "last_edited_date": "2024-03-15T13:51:09Z", "Shape_Length": 0.076433630779751419, "Shape_Area": 5.9862613968915792e-05 }, "geometry": { "type": "MultiPolygon", "coordinates": [ [ [ [ -76.238347659999988, 36.947073036000063 ], [ -76.238287680999974, 36.947030186000063 ], [ -76.238140296999973, 36.946937094000077 ], [ -76.238140059999978, 36.946936944000072 ], [ -76.238139940999986, 36.946936869000069 ], [ -76.237756765999961, 36.94669447800004 ], [ -76.237577165999937, 36.94659228200004 ], [ -76.237470825999935, 36.946531573000073 ], [ -76.237154097999962, 36.946360556000059 ], [ -76.236953856999946, 36.946276713000032 ], [ -76.236677365999981, 36.946160633000034 ], [ -76.23661797799997, 36.946122136000042 ], [ -76.236544609999953, 36.946073914000067 ], [ -76.236446830999967, 36.945985768000071 ], [ -76.236443086999941, 36.945982350000065 ], [ -76.236262287999978, 36.945874339000056 ], [ -76.236224994999986, 36.945852031000072 ], [ -76.236224663999963, 36.945851861000051 ], [ -76.236224496999967, 36.945851762000075 ], [ -76.23620382699994, 36.945841147000067 ], [ -76.236069673999964, 36.945772168000076 ], [ -76.235861204999935, 36.945664976000046 ], [ -76.235663608999971, 36.945554025000035 ], [ -76.235663372999966, 36.945553893000067 ], [ -76.234917852999956, 36.945134256000074 ], [ -76.23426825699994, 36.944784079000044 ], [ -76.233894833999955, 36.944582209000032 ], [ -76.233855007999978, 36.944563335000055 ], [ -76.233672565999939, 36.944476874000031 ], [ -76.232023721999951, 36.943568590000041 ], [ -76.231618578999985, 36.943345406000049 ], [ -76.231098462999967, 36.94310315000007 ], [ -76.230553658999952, 36.942848757000036 ], [ -76.229433910999944, 36.942294144000073 ], [ -76.229196079999952, 36.94218348000004 ], [ -76.228679138999951, 36.941942647000076 ], [ -76.22799161599994, 36.941652636000072 ], [ -76.227474400999938, 36.941461563000075 ], [ -76.227474342999983, 36.941461541000024 ], [ -76.226783108999939, 36.941205784000033 ], [ -76.225605721999955, 36.940786292000041 ], [ -76.224663819999989, 36.94045038400003 ], [ -76.224354193999943, 36.940324546000056 ], [ -76.224117371999967, 36.940228296000043 ], [ -76.224116724999988, 36.940228034000029 ], [ -76.224071426999956, 36.940209596000045 ], [ -76.224026497999944, 36.940192988000035 ], [ -76.224025617999985, 36.940192663000062 ], [ -76.223145017999968, 36.93986680900008 ], [ -76.222524778999968, 36.939663111000073 ], [ -76.222524650999958, 36.939663069000062 ], [ -76.221415448999949, 36.939298219000079 ], [ -76.220814605999976, 36.939071891000026 ], [ -76.220809445999976, 36.93906994200006 ], [ -76.220370706999972, 36.938904215000036 ], [ -76.218030570999986, 36.938121238000065 ], [ -76.217120887999954, 36.937816854000062 ], [ -76.21574893899998, 36.937437159000069 ], [ -76.215329293999957, 36.93729789300005 ], [ -76.215329232999977, 36.937297873000034 ], [ -76.215115213999979, 36.937226671000076 ], [ -76.21488859599998, 36.937150194000026 ], [ -76.215184652999937, 36.936512949000075 ], [ -76.215737284999989, 36.935308647000056 ], [ -76.216098940999984, 36.935414063000053 ], [ -76.216099377999967, 36.935414190000074 ], [ -76.216091105999965, 36.935432295000055 ], [ -76.216202496999983, 36.935555466000039 ], [ -76.216312916999982, 36.935677565000049 ], [ -76.216688732999955, 36.935799984000028 ], [ -76.216839946999983, 36.935849864000033 ], [ -76.216993355999989, 36.935900468000057 ], [ -76.217219657999976, 36.935975116000066 ], [ -76.217598288999966, 36.936100012000054 ], [ -76.217598412999962, 36.936100052000029 ], [ -76.217599423999957, 36.936100386000078 ], [ -76.217605109999965, 36.936102262000077 ], [ -76.217788396999936, 36.936162723000052 ], [ -76.217885484999954, 36.936194748000048 ], [ -76.218107569999972, 36.936268004000055 ], [ -76.218167471999948, 36.936287763000053 ], [ -76.218547408999939, 36.936413082000058 ], [ -76.218553988999986, 36.936415252000074 ], [ -76.218738367999947, 36.936476069000037 ], [ -76.218939508999938, 36.936542413000041 ], [ -76.219167152999944, 36.936617499000079 ], [ -76.219331010999952, 36.936673419000044 ], [ -76.219489340999985, 36.936725437000064 ], [ -76.219552676999967, 36.936746245000052 ], [ -76.219647675999965, 36.936777456000073 ], [ -76.219964331999961, 36.936881486000061 ], [ -76.220122661999937, 36.936933502000045 ], [ -76.220280997999964, 36.936985520000064 ], [ -76.220337993999976, 36.937004244000036 ], [ -76.220518495999954, 36.937063544000068 ], [ -76.220527963999984, 36.937066714000025 ], [ -76.220717986999944, 36.93712908100008 ], [ -76.220755991999965, 36.937141567000026 ], [ -76.220914321999942, 36.937193581000031 ], [ -76.221256308999955, 36.937305929000047 ], [ -76.221287980999989, 36.937316334000059 ], [ -76.221731336999937, 36.937461981000069 ], [ -76.221859724999945, 36.93750015300003 ], [ -76.22252799499995, 36.937724595000077 ], [ -76.222718606999933, 36.937788033000061 ], [ -76.223326482999937, 36.937995293000029 ], [ -76.223530810999989, 36.938064963000045 ], [ -76.223761388999947, 36.938143579000041 ], [ -76.224271888999965, 36.938317632000064 ], [ -76.224317389999953, 36.93833281700006 ], [ -76.224632521999979, 36.938439814000049 ], [ -76.224790086999974, 36.938493310000069 ], [ -76.224947654999937, 36.938546808000069 ], [ -76.22518400499996, 36.938627054000051 ], [ -76.225302178999982, 36.93866717700007 ], [ -76.225420354999983, 36.938707300000033 ], [ -76.225735489999977, 36.938814292000075 ], [ -76.225893055999961, 36.938867788000039 ], [ -76.226003598999966, 36.93891190800008 ], [ -76.226960340999938, 36.939233775000048 ], [ -76.227215012999977, 36.939330503000065 ], [ -76.227445670999941, 36.939418113000045 ], [ -76.227582292999955, 36.939468647000069 ], [ -76.228244598999936, 36.939723539000056 ], [ -76.228709916999946, 36.939902454000048 ], [ -76.228862536999941, 36.939961140000037 ], [ -76.22913669899998, 36.940066562000027 ], [ -76.229238699999939, 36.940101453000068 ], [ -76.229211035999981, 36.940168258000028 ], [ -76.229592827999966, 36.940363647000027 ], [ -76.229678326999988, 36.940255998000055 ], [ -76.22982276099998, 36.940329912000038 ], [ -76.229680204999966, 36.940509401000043 ], [ -76.229824639999947, 36.940583315000026 ], [ -76.229967427999952, 36.940403945000071 ], [ -76.230973160999952, 36.940918625000052 ], [ -76.23080906499996, 36.941110219000052 ], [ -76.231001248999974, 36.941207360000078 ], [ -76.23115351499996, 36.941018006000036 ], [ -76.232580018999954, 36.94174490100005 ], [ -76.233140212999956, 36.942028365000056 ], [ -76.232954340999981, 36.94226261600005 ], [ -76.233216330999937, 36.942393680000066 ], [ -76.233400528999937, 36.942161024000029 ], [ -76.234316681999985, 36.942628915000057 ], [ -76.234233920999941, 36.942724870000063 ], [ -76.234278368999981, 36.94275194100004 ], [ -76.23475644399997, 36.943038219000073 ], [ -76.236061332999952, 36.943806466000069 ], [ -76.236750116999985, 36.944213688000048 ], [ -76.237718014999984, 36.944779878000077 ], [ -76.237853297999948, 36.944865890000074 ], [ -76.239020050999954, 36.945557996000048 ], [ -76.239405146999957, 36.945830386000068 ], [ -76.239546336999979, 36.945927524000069 ], [ -76.239369135999937, 36.946087368000065 ], [ -76.239497866999955, 36.94617783700005 ], [ -76.239609196999936, 36.946077410000044 ], [ -76.240815289999944, 36.946940174000076 ], [ -76.240903894999974, 36.94686074100008 ], [ -76.241230541999983, 36.947095685000079 ], [ -76.241549623999958, 36.946805750000067 ], [ -76.242444184999954, 36.947445426000058 ], [ -76.24210298099996, 36.947753220000038 ], [ -76.242738126999939, 36.948209428000041 ], [ -76.243099877999953, 36.948472457000037 ], [ -76.243352905999984, 36.948639359000026 ], [ -76.243178459999967, 36.949002062000034 ], [ -76.243136533999973, 36.949145496000028 ], [ -76.243277584999987, 36.949228642000037 ], [ -76.243432826999936, 36.949311217000059 ], [ -76.243683086999965, 36.949413551000077 ], [ -76.243947788999947, 36.949490748000073 ], [ -76.244253871999945, 36.949557749000064 ], [ -76.244607175999988, 36.949632071000053 ], [ -76.244909635999988, 36.949691828000027 ], [ -76.245276918999934, 36.949764405000053 ], [ -76.245577442999945, 36.949826961000042 ], [ -76.24581828099997, 36.949900949000039 ], [ -76.24604476199994, 36.949997328000052 ], [ -76.246297100999982, 36.95011640000007 ], [ -76.246382749999952, 36.950166372000069 ], [ -76.246305329999984, 36.950246738000033 ], [ -76.246394073999966, 36.950297866000028 ], [ -76.246591136999939, 36.95043584900003 ], [ -76.245610171999942, 36.951313464000066 ], [ -76.245166887999972, 36.951710397000056 ], [ -76.245084937999934, 36.951652775000071 ], [ -76.244984364999937, 36.951581475000069 ], [ -76.244946911999989, 36.95156428100006 ], [ -76.244930040999975, 36.95155649000003 ], [ -76.244839973999945, 36.951514895000059 ], [ -76.244809245999988, 36.951487207000071 ], [ -76.244752530999961, 36.951434851000045 ], [ -76.244548065999936, 36.951288753000028 ], [ -76.244430224999974, 36.951222616000052 ], [ -76.244306521999988, 36.95112339800005 ], [ -76.243580607999945, 36.95067057600005 ], [ -76.243280634999962, 36.950398323000059 ], [ -76.24317668499998, 36.950325583000051 ], [ -76.242661734999956, 36.950030659000049 ], [ -76.242534388999957, 36.949938923000047 ], [ -76.24227525699996, 36.949789711000051 ], [ -76.242188673999976, 36.949711772000057 ], [ -76.242188517999978, 36.949711629000035 ], [ -76.242178448999937, 36.949702525000077 ], [ -76.242055637999954, 36.949623215000031 ], [ -76.242055953999966, 36.949579282000059 ], [ -76.242012641999963, 36.949529822000045 ], [ -76.241923288999942, 36.949474035000037 ], [ -76.241918619999979, 36.94947111700003 ], [ -76.241817124999955, 36.949366420000047 ], [ -76.24099257599994, 36.948759755000026 ], [ -76.239973384999985, 36.948062471000071 ], [ -76.239750270999934, 36.947930327000051 ], [ -76.239683691999971, 36.947890893000078 ], [ -76.239270550999947, 36.947694640000066 ], [ -76.239251731999957, 36.947683124000037 ], [ -76.239247115999945, 36.947680301000048 ], [ -76.238904293999951, 36.947469335000051 ], [ -76.238347737999959, 36.947073092000039 ], [ -76.238347659999988, 36.947073036000063 ] ] ] ] } },
{ "type": "Feature", "properties": { "OBJECTID": 27, "UID": 27, "LEAGUE": "Cromwell Farms and Ellsworth", "PRES_ADDRE": "6610 Granby Street", "MTG_FREQUE": "3rd Mondays, Jan, Mar, May Sept, Nov", "MTG_TIME": "7:15 pm", "MTG_LOCATI": "Tabernacle Church of Norfolk", "SHAPE_LENG": 9215.25474674, "NAME1": "Cromwell Farms/", "NAME2": "Ellsworth", "PRESIDENT": "David Still", "E_MAIL": "David.still94@gmail.com", "created_user": null, "created_date": null, "last_edited_user": "WTILGHM", "last_edited_date": "2024-02-19T19:11:07Z", "Shape_Length": 0.035622524909355253, "Shape_Area": 6.7951389921981869e-05 }, "geometry": { "type": "MultiPolygon", "coordinates": [ [ [ [ -76.272349775999942, 36.903646146000028 ], [ -76.271155130999944, 36.903423762000045 ], [ -76.27046175299995, 36.903911652000033 ], [ -76.270315618999973, 36.904014910000058 ], [ -76.270223734999945, 36.904079835000061 ], [ -76.268221689999962, 36.903205650000075 ], [ -76.26725040599996, 36.902395832000025 ], [ -76.267331285999944, 36.902146846000051 ], [ -76.267615313999954, 36.901256876000048 ], [ -76.267993927999953, 36.900936240000078 ], [ -76.268555109999966, 36.900460986000041 ], [ -76.269001105999962, 36.900083273000064 ], [ -76.269066132999967, 36.900013127000079 ], [ -76.26947099299997, 36.89957637200007 ], [ -76.269930253999974, 36.899081631000058 ], [ -76.269943904999934, 36.899004068000067 ], [ -76.270074597999951, 36.898361123000029 ], [ -76.270475364999982, 36.897767472000055 ], [ -76.270950850999952, 36.89706312800007 ], [ -76.271580321999977, 36.896507591000045 ], [ -76.272877742999981, 36.895362526000042 ], [ -76.272923176999939, 36.895325573000036 ], [ -76.272978571999943, 36.895276682000031 ], [ -76.273429562, 36.896139768000069 ], [ -76.273431441999946, 36.896143366000047 ], [ -76.273787787999936, 36.896827273000042 ], [ -76.27384701699998, 36.896939236000037 ], [ -76.273921517999952, 36.896944978000079 ], [ -76.273923330999935, 36.896945602000073 ], [ -76.273928789999957, 36.896945705000064 ], [ -76.274771852999947, 36.897236813000063 ], [ -76.275035145999937, 36.89766736100006 ], [ -76.275036364999949, 36.897669356000051 ], [ -76.27632364599998, 36.897394822000024 ], [ -76.277234337999971, 36.897202195000034 ], [ -76.277270077999958, 36.897195227000054 ], [ -76.277673773999936, 36.897199881000063 ], [ -76.277942305999943, 36.897201194000047 ], [ -76.277971693999973, 36.897201486000029 ], [ -76.277972423999984, 36.897201494000058 ], [ -76.277991045999954, 36.897211761000051 ], [ -76.278011108999976, 36.89722282200006 ], [ -76.278144, 36.897317628000053 ], [ -76.278154388999951, 36.89733579600005 ], [ -76.278311392999967, 36.897474292000027 ], [ -76.278380529999936, 36.897523937000074 ], [ -76.278480457999933, 36.897588957000039 ], [ -76.278504332999944, 36.897605917000078 ], [ -76.278590220999945, 36.897669085000075 ], [ -76.278651088999936, 36.89770648800004 ], [ -76.278662840999971, 36.89771395300005 ], [ -76.278691185999946, 36.897731957000076 ], [ -76.278736131999949, 36.897758306000071 ], [ -76.278796683999985, 36.897786718000077 ], [ -76.279091513999958, 36.897963778000076 ], [ -76.279168724999977, 36.89797089800004 ], [ -76.279178653999963, 36.897989333000055 ], [ -76.279263703999959, 36.898147258000051 ], [ -76.279281071999947, 36.898288792000073 ], [ -76.279269625999973, 36.898324608000053 ], [ -76.279467122999961, 36.898379632000058 ], [ -76.27957156399998, 36.898392167000054 ], [ -76.279425519999961, 36.898821146000046 ], [ -76.279019594999966, 36.899771638000061 ], [ -76.278733587999966, 36.900426288000062 ], [ -76.278572996999969, 36.900808840000025 ], [ -76.277842948999989, 36.902467136000041 ], [ -76.277458044999946, 36.903343825000036 ], [ -76.277018707999957, 36.904358276000039 ], [ -76.276881628999945, 36.904675375000068 ], [ -76.276830538999945, 36.904793558000051 ], [ -76.276759226999957, 36.904956533000075 ], [ -76.276692071999946, 36.904886205000025 ], [ -76.27637886499997, 36.904801085000031 ], [ -76.276406728999973, 36.904734430000076 ], [ -76.276245365999955, 36.904690562000042 ], [ -76.276082610999936, 36.904646318000061 ], [ -76.276124746999983, 36.904545318000032 ], [ -76.27611885999994, 36.904544034000025 ], [ -76.275464603999978, 36.904401317000065 ], [ -76.275361403999966, 36.904378806000068 ], [ -76.274468718999969, 36.904184071000032 ], [ -76.274137303999964, 36.904118406000066 ], [ -76.273138323999945, 36.903905886000075 ], [ -76.272349775999942, 36.903646146000028 ] ] ] ] } },
{ "type": "Feature", "properties": { "OBJECTID": 28, "UID": 28, "LEAGUE": "Crown Point", "PRES_ADDRE": "No Information Available", "MTG_FREQUE": "1st Thursday, Monthly", "MTG_TIME": "7:00pm", "MTG_LOCATI": "No Information Available", "SHAPE_LENG": 11237.962147099999, "NAME1": "Crown", "NAME2": "Point", "PRESIDENT": "Zachary Kenneth Roberts", "E_MAIL": "robertszachary@protonmail.com\r\n", "created_user": null, "created_date": null, "last_edited_user": "WTILGHM", "last_edited_date": "2024-02-20T04:49:32Z", "Shape_Length": 0.035532847965752644, "Shape_Area": 6.1495168556500686e-05 }, "geometry": { "type": "MultiPolygon", "coordinates": [ [ [ [ -76.220880876999956, 36.865744541000026 ], [ -76.219998403999966, 36.865446643000041 ], [ -76.219568873999947, 36.865501336000079 ], [ -76.219344444999933, 36.864958738000041 ], [ -76.219204476999948, 36.864516166000044 ], [ -76.219695223999963, 36.864013131000036 ], [ -76.219955012999947, 36.863762545000043 ], [ -76.220377062999944, 36.86338650700003 ], [ -76.220138003999978, 36.862410046000036 ], [ -76.219908827999973, 36.862609762000034 ], [ -76.219814301999975, 36.862511991000076 ], [ -76.21980913699997, 36.86250653500008 ], [ -76.218849960999989, 36.86149320800007 ], [ -76.217372692999959, 36.859839476000047 ], [ -76.217126939999957, 36.859622782000031 ], [ -76.216902398999935, 36.859487896000076 ], [ -76.219055736999962, 36.856697471000075 ], [ -76.219056494999961, 36.856672252000067 ], [ -76.219076033999954, 36.856052244000068 ], [ -76.219612167999969, 36.856075758000031 ], [ -76.220783422999943, 36.856127122000032 ], [ -76.222104280999986, 36.856185030000063 ], [ -76.222979135999935, 36.856223378000038 ], [ -76.225157983999964, 36.856318854000051 ], [ -76.226180726999985, 36.856361743000036 ], [ -76.226889135999954, 36.856336573000078 ], [ -76.227193660999944, 36.856325751000043 ], [ -76.22766644099994, 36.856308948000049 ], [ -76.227980450999951, 36.856297788000063 ], [ -76.22799185699995, 36.856500455000059 ], [ -76.228032531999986, 36.857197023000026 ], [ -76.226968521999936, 36.858475961000067 ], [ -76.225481392999939, 36.861321652000072 ], [ -76.224308364999956, 36.862159231000078 ], [ -76.224009110999987, 36.862373442000035 ], [ -76.223986238999942, 36.862389815000029 ], [ -76.223573622999936, 36.862685187000068 ], [ -76.223564803999977, 36.862707646000047 ], [ -76.223548944999948, 36.862719571000071 ], [ -76.223544005999941, 36.862727052000025 ], [ -76.22350189399998, 36.862841463000052 ], [ -76.223369360999982, 36.863205331000074 ], [ -76.223349321999933, 36.863256360000037 ], [ -76.223308209999971, 36.863369229000057 ], [ -76.22283509, 36.864582830000074 ], [ -76.222612229999982, 36.86513326000005 ], [ -76.222582866999971, 36.865208026000062 ], [ -76.22254716599997, 36.865296201000035 ], [ -76.222469806999982, 36.865487267000049 ], [ -76.222436333999951, 36.865512895000052 ], [ -76.222404947999962, 36.865512286000069 ], [ -76.220880876999956, 36.865744541000026 ] ] ] ] } },
{ "type": "Feature", "properties": { "OBJECTID": 29, "UID": 29, "LEAGUE": "Diggs Town", "PRES_ADDRE": "No Information Available", "MTG_FREQUE": "No Information Available", "MTG_TIME": "6:00 pm", "MTG_LOCATI": "Community Recreation Center", "SHAPE_LENG": 5628.2125167000004, "NAME1": "Diggs", "NAME2": "Town", "PRESIDENT": "Audree Henderson", "E_MAIL": "No Information Available", "created_user": null, "created_date": null, "last_edited_user": "WTILGHM", "last_edited_date": "2024-02-20T05:41:09Z", "Shape_Length": 0.016812317916388118, "Shape_Area": 1.5231593064908046e-05 }, "geometry": { "type": "MultiPolygon", "coordinates": [ [ [ [ -76.261001732999944, 36.826835485000061 ], [ -76.260999666999965, 36.826810222000063 ], [ -76.260848561999978, 36.824961593000069 ], [ -76.260846480999987, 36.824936561000072 ], [ -76.260722453999961, 36.823444691000077 ], [ -76.260680807999961, 36.822771474000035 ], [ -76.260628871999984, 36.822446979000063 ], [ -76.260633981999945, 36.822449039000048 ], [ -76.263415073999965, 36.823570197000038 ], [ -76.265049259999955, 36.824243519000049 ], [ -76.265182120999953, 36.824298789000068 ], [ -76.265187678999951, 36.82430110100006 ], [ -76.264897090999966, 36.824768807000055 ], [ -76.264603810999972, 36.82521173300006 ], [ -76.264250524999966, 36.82560337700005 ], [ -76.263992143999985, 36.826021554000079 ], [ -76.263700331999985, 36.826414366000051 ], [ -76.263442672999986, 36.826807829000074 ], [ -76.263247467999975, 36.827053436000028 ], [ -76.263022750999937, 36.827372660000037 ], [ -76.262799488999974, 36.827642457000024 ], [ -76.262575016999961, 36.82783736500005 ], [ -76.262194630999943, 36.828104167000049 ], [ -76.261852085999976, 36.828246683000032 ], [ -76.261445368999944, 36.828363249000063 ], [ -76.261437955999952, 36.828363108000076 ], [ -76.261257504999946, 36.828359667000029 ], [ -76.261250093999934, 36.828359526000042 ], [ -76.261194854999985, 36.82838103000006 ], [ -76.26119354399998, 36.828381541000056 ], [ -76.26104167699998, 36.827334898000061 ], [ -76.261001732999944, 36.826835485000061 ] ] ] ] } },
{ "type": "Feature", "properties": { "OBJECTID": 30, "UID": 30, "LEAGUE": "Downtown Norfolk Civic League", "PRES_ADDRE": "PO Box 3655", "MTG_FREQUE": "3rd Monday, monthly", "MTG_TIME": "6:00 pm", "MTG_LOCATI": "Zoom Meeting", "SHAPE_LENG": 20512.424300300001, "NAME1": "Downtown", "NAME2": "Norfolk", "PRESIDENT": "Jason McDonald", "E_MAIL": "president@welovenorfolk.org", "created_user": null, "created_date": null, "last_edited_user": "RFRASHE", "last_edited_date": "2024-06-12T14:39:52Z", "Shape_Length": 0.060840465197780288, "Shape_Area": 0.00012640628043112076 }, "geometry": { "type": "MultiPolygon", "coordinates": [ [ [ [ -76.285465374999944, 36.863757796000073 ], [ -76.286184691999949, 36.862074276000044 ], [ -76.286490741999955, 36.861329413000078 ], [ -76.286755478999964, 36.860608248000062 ], [ -76.287018544999967, 36.859944164000069 ], [ -76.287106629999982, 36.859709212000041 ], [ -76.287122249999982, 36.859521849000032 ], [ -76.287172833999989, 36.859180122000055 ], [ -76.287172130999977, 36.85916462800003 ], [ -76.287154286999964, 36.858771821000062 ], [ -76.287075802999937, 36.858329755000057 ], [ -76.287001281999949, 36.858099898000035 ], [ -76.286898770999983, 36.857938900000079 ], [ -76.286890932999938, 36.857932409000057 ], [ -76.286798623999971, 36.857855966000045 ], [ -76.286655986999961, 36.857588844000077 ], [ -76.286392250999938, 36.857136739000055 ], [ -76.286097477999988, 36.856665719000034 ], [ -76.285834033999947, 36.856231949000062 ], [ -76.285774930999935, 36.856137523000029 ], [ -76.285747, 36.856092900000078 ], [ -76.285742375999973, 36.85608551200005 ], [ -76.285701060999941, 36.856019505000063 ], [ -76.285641310999949, 36.855924044000062 ], [ -76.285618472999943, 36.855863070000055 ], [ -76.285549333999938, 36.85567848200003 ], [ -76.285448366999958, 36.855407052000032 ], [ -76.285393356999975, 36.855209677000062 ], [ -76.285380409999959, 36.855125157000032 ], [ -76.285353269999973, 36.854986595000071 ], [ -76.285348323999983, 36.854949513000065 ], [ -76.285330745999943, 36.854869118000067 ], [ -76.285313167999959, 36.854724197000053 ], [ -76.285310052999989, 36.85470801300005 ], [ -76.285302620999971, 36.854629820000071 ], [ -76.285302950999949, 36.854599925000059 ], [ -76.285304435999933, 36.854465560000051 ], [ -76.28530662199995, 36.854347972000028 ], [ -76.285308832999988, 36.854116817000033 ], [ -76.285322630999985, 36.854028742000025 ], [ -76.285332564999976, 36.853965336000044 ], [ -76.28533301799996, 36.853962442000068 ], [ -76.285270238999942, 36.853950884000028 ], [ -76.285263658999952, 36.853949672000056 ], [ -76.284699122999939, 36.853884910000033 ], [ -76.284600571999988, 36.853873604000057 ], [ -76.283876787999986, 36.85379369900005 ], [ -76.283617825999954, 36.853766802000052 ], [ -76.283066982999969, 36.85370821500004 ], [ -76.282411388999947, 36.853634635000049 ], [ -76.28237954399998, 36.853631060000055 ], [ -76.281491600999971, 36.853524783000069 ], [ -76.281279883999957, 36.853499441000054 ], [ -76.281095329999971, 36.853472122000028 ], [ -76.28106192599995, 36.853467177000027 ], [ -76.280972808999934, 36.853453986000034 ], [ -76.280934543999933, 36.853448322000077 ], [ -76.280813547999969, 36.853420866000079 ], [ -76.280601479999973, 36.853374485000074 ], [ -76.280579471999943, 36.853369523000026 ], [ -76.280579014999944, 36.853369414000042 ], [ -76.280547943999977, 36.853359055000055 ], [ -76.280431713999974, 36.853320302000043 ], [ -76.280316131999939, 36.85330061500008 ], [ -76.280314018999945, 36.85330347300004 ], [ -76.280312195999954, 36.853305938000062 ], [ -76.280310297999961, 36.853305195000075 ], [ -76.280306992999954, 36.853303901000061 ], [ -76.280140446999951, 36.85323870700006 ], [ -76.280155617999981, 36.853219138000043 ], [ -76.280238525999948, 36.853112207000038 ], [ -76.280733110999961, 36.852584802000024 ], [ -76.281153763999953, 36.852102673000047 ], [ -76.281334383999933, 36.851884383000026 ], [ -76.281462677999968, 36.851717612000073 ], [ -76.28155486299994, 36.851544326000067 ], [ -76.281718828999942, 36.851150695000058 ], [ -76.281810500999939, 36.850994901000035 ], [ -76.28223350899998, 36.850243210000031 ], [ -76.282241465999959, 36.850246853000044 ], [ -76.282243084999948, 36.850244450000048 ], [ -76.282427441999971, 36.849966011000049 ], [ -76.282442026999945, 36.849943987000074 ], [ -76.282481729999972, 36.849887400000057 ], [ -76.282757223999965, 36.849476271000071 ], [ -76.282921157999965, 36.84924281900004 ], [ -76.282981172999939, 36.849152282000034 ], [ -76.283023201999981, 36.849097499000038 ], [ -76.283042842999976, 36.849069530000065 ], [ -76.283285753999962, 36.848706557000071 ], [ -76.28330901299995, 36.848684284000058 ], [ -76.283464996999953, 36.848534912000048 ], [ -76.283550336999951, 36.848462595000058 ], [ -76.283602991999942, 36.848422218000053 ], [ -76.283703034999974, 36.84835754900007 ], [ -76.283805901999983, 36.848296308000045 ], [ -76.284123165999972, 36.848121432000028 ], [ -76.28421244499998, 36.848047271000041 ], [ -76.284469891999947, 36.848180482000032 ], [ -76.284791697999935, 36.847555333000059 ], [ -76.285358791999954, 36.846865449000063 ], [ -76.286379383999986, 36.845511693000049 ], [ -76.287208636999935, 36.844505300000037 ], [ -76.287586955999984, 36.84395746000007 ], [ -76.292765144999976, 36.845216845000039 ], [ -76.29311583599997, 36.845315662000075 ], [ -76.293352013999936, 36.84542243900006 ], [ -76.293519783999955, 36.845530678000046 ], [ -76.293716304999975, 36.845708140000056 ], [ -76.293844796999963, 36.845874023000079 ], [ -76.293910314999948, 36.845994224000037 ], [ -76.293970114999979, 36.846149052000044 ], [ -76.293997449999949, 36.84626701500008 ], [ -76.293992293999963, 36.846444304000045 ], [ -76.293991561999974, 36.846469523000053 ], [ -76.293945811999947, 36.846632133000071 ], [ -76.29384762799998, 36.846837570000048 ], [ -76.293517940999948, 36.84748380700006 ], [ -76.293507920999957, 36.847503449000044 ], [ -76.29350458, 36.84750241200004 ], [ -76.293504500999973, 36.847502387000077 ], [ -76.293492508999975, 36.847525769000072 ], [ -76.293415913, 36.84767318300004 ], [ -76.293367426999964, 36.84772980300005 ], [ -76.293306959999938, 36.847804933000077 ], [ -76.293231571999968, 36.847888535000038 ], [ -76.293131692999964, 36.848028225000064 ], [ -76.29301449999997, 36.848193135000031 ], [ -76.29258439299997, 36.848975012000039 ], [ -76.292535200999964, 36.849062181000079 ], [ -76.292486430999986, 36.849149977000025 ], [ -76.292451576999952, 36.849214378000056 ], [ -76.292426621999937, 36.849257151000074 ], [ -76.292366001999937, 36.84936594800007 ], [ -76.292311169999948, 36.849463861000061 ], [ -76.292223578999938, 36.84962199000006 ], [ -76.292111247999969, 36.84984557000007 ], [ -76.291844181999977, 36.85036969600003 ], [ -76.29148831699996, 36.85106337700006 ], [ -76.291190920999952, 36.851644216000068 ], [ -76.291049526999984, 36.851926291000041 ], [ -76.290876725999965, 36.852282038000055 ], [ -76.290575030999946, 36.852880129000027 ], [ -76.290531328999975, 36.85303659300007 ], [ -76.290529690999961, 36.853042458000061 ], [ -76.290560949999985, 36.85371208600003 ], [ -76.290625262999981, 36.854292586000042 ], [ -76.290786407999974, 36.855731605000074 ], [ -76.290840576999983, 36.856311914000059 ], [ -76.290948034999985, 36.857154315000059 ], [ -76.291056571999945, 36.857262423000066 ], [ -76.291243764999933, 36.85776265800007 ], [ -76.291196161999949, 36.857874483000046 ], [ -76.291190403999963, 36.857906324000055 ], [ -76.291189114999952, 36.857920888000024 ], [ -76.291183779999983, 36.857976287000042 ], [ -76.291183670999942, 36.857982522000043 ], [ -76.291175644999953, 36.858073404000038 ], [ -76.291174902999956, 36.858080202000053 ], [ -76.291173145999949, 36.85810170600007 ], [ -76.291161880999937, 36.858229255000026 ], [ -76.291160016999982, 36.858250351000038 ], [ -76.291147844999955, 36.858388183000045 ], [ -76.291144389999943, 36.858427299000027 ], [ -76.29113780299997, 36.858549186000062 ], [ -76.291134333999935, 36.85858846900004 ], [ -76.291117227999962, 36.858654810000075 ], [ -76.291062115999978, 36.858887282000069 ], [ -76.291056070999957, 36.858910729000058 ], [ -76.291034195999941, 36.858995557000071 ], [ -76.291013728999985, 36.859074924000026 ], [ -76.290968178999947, 36.859251562000054 ], [ -76.290847001999964, 36.859692261000077 ], [ -76.290832059999957, 36.859753861000058 ], [ -76.290801177999981, 36.859846854000068 ], [ -76.290732771999956, 36.860067430000072 ], [ -76.290675419999957, 36.860230861000048 ], [ -76.290658061999977, 36.860270785000068 ], [ -76.290458057999956, 36.860848198000042 ], [ -76.290424968999957, 36.860929834000046 ], [ -76.290369645999988, 36.861066324000035 ], [ -76.290186125999981, 36.861497642000074 ], [ -76.289792016999968, 36.862280224000074 ], [ -76.28975750799998, 36.862343643000031 ], [ -76.289557620999972, 36.862650012000074 ], [ -76.289424879999956, 36.862863870000069 ], [ -76.28930220899997, 36.863084098000058 ], [ -76.289244270999973, 36.863194963000069 ], [ -76.289135128999988, 36.863420253000072 ], [ -76.289083944999959, 36.863533993000033 ], [ -76.288943960999973, 36.863878900000032 ], [ -76.288762951999956, 36.863844394000068 ], [ -76.288429237999935, 36.863797317000035 ], [ -76.288156889999982, 36.863735076000069 ], [ -76.287733741999944, 36.863621040000055 ], [ -76.286927805999937, 36.863401883000051 ], [ -76.286468008999975, 36.864543643000047 ], [ -76.286121351999952, 36.865287740000042 ], [ -76.284972964999952, 36.864972367000064 ], [ -76.284982237999941, 36.864949492000051 ], [ -76.285465374999944, 36.863757796000073 ] ] ] ] } },
{ "type": "Feature", "properties": { "OBJECTID": 31, "UID": 31, "LEAGUE": "East Fairmount", "PRES_ADDRE": "3307 Montana Avenue", "MTG_FREQUE": "No Information Available", "MTG_TIME": "unknown", "MTG_LOCATI": "No Information Available", "SHAPE_LENG": 4664.6819564500001, "NAME1": "East", "NAME2": "Fairmount", "PRESIDENT": "Jim Fisher", "E_MAIL": "eastfairmount@aol.com", "created_user": null, "created_date": null, "last_edited_user": "WTILGHM", "last_edited_date": "2024-02-20T04:49:32Z", "Shape_Length": 0.014533896168548111, "Shape_Area": 1.2520828110247369e-05 }, "geometry": { "type": "MultiPolygon", "coordinates": [ [ [ [ -76.251466492999953, 36.874936055000035 ], [ -76.251933834999988, 36.874859830000048 ], [ -76.251988964999953, 36.87519194500004 ], [ -76.25201237899995, 36.875324954000064 ], [ -76.25201974099997, 36.875538019000032 ], [ -76.252033338999979, 36.87598932700007 ], [ -76.252030671999989, 36.87599244300003 ], [ -76.251960551999957, 36.876074350000067 ], [ -76.251711630999978, 36.876356219000058 ], [ -76.251474917999985, 36.876601699000048 ], [ -76.251378612999986, 36.876701571000069 ], [ -76.251353714999937, 36.87672721000007 ], [ -76.25079944099997, 36.877302178000036 ], [ -76.250766054999985, 36.87733680000008 ], [ -76.250756328999955, 36.877346104000026 ], [ -76.250755496999943, 36.877346900000077 ], [ -76.249478980999982, 36.878645325000036 ], [ -76.247442559999968, 36.87800805300003 ], [ -76.246854878999955, 36.87580384000006 ], [ -76.246824216999983, 36.875688830000058 ], [ -76.246824097999934, 36.875688383000067 ], [ -76.248531940999953, 36.875411356000029 ], [ -76.250237384999934, 36.875099326000054 ], [ -76.250811454999962, 36.875023082000041 ], [ -76.251466492999953, 36.874936055000035 ] ] ] ] } },
{ "type": "Feature", "properties": { "OBJECTID": 32, "UID": 32, "LEAGUE": "East Lynne and Saratoga", "PRES_ADDRE": "7818 Borb Avenue", "MTG_FREQUE": "1st Thursday, Odd Months", "MTG_TIME": "6:30 pm", "MTG_LOCATI": "Azalea Gardens Middle School", "SHAPE_LENG": 10193.9993433, "NAME1": "East Lynne/", "NAME2": "Saratoga", "PRESIDENT": "Wally Cox", "E_MAIL": "Wally.cox@gmail.com", "created_user": null, "created_date": null, "last_edited_user": "WTILGHM", "last_edited_date": "2024-02-19T18:21:55Z", "Shape_Length": 0.032486875570016401, "Shape_Area": 5.4156957337123036e-05 }, "geometry": { "type": "MultiPolygon", "coordinates": [ [ [ [ -76.207498045999955, 36.909116529000073 ], [ -76.207475022999972, 36.90907495700003 ], [ -76.207474052999942, 36.909073184000079 ], [ -76.207470043999933, 36.909059821000028 ], [ -76.207459898999957, 36.909022511000046 ], [ -76.207442824999987, 36.908973957000057 ], [ -76.207441306999954, 36.908969720000073 ], [ -76.207410431999961, 36.908890510000049 ], [ -76.20740595999996, 36.908849948000068 ], [ -76.207398398999942, 36.908781375000046 ], [ -76.207397976999971, 36.908726008000031 ], [ -76.207398186999967, 36.908671230000039 ], [ -76.207398576999935, 36.908643770000026 ], [ -76.207399951999946, 36.908554951000042 ], [ -76.207479774999968, 36.908417768000049 ], [ -76.207533761999969, 36.908318141000052 ], [ -76.20756352799998, 36.908263213000055 ], [ -76.207680719999985, 36.908046950000028 ], [ -76.207718683999985, 36.907985413000063 ], [ -76.207800403999954, 36.90785294300008 ], [ -76.207834395999953, 36.907797085000027 ], [ -76.207906320999939, 36.90767521600003 ], [ -76.207975716999954, 36.90756876100005 ], [ -76.208064878999949, 36.907431981000059 ], [ -76.208131519999938, 36.907315280000034 ], [ -76.20813584299998, 36.907307707000029 ], [ -76.208136083999989, 36.907307820000028 ], [ -76.208145874999957, 36.90731240100007 ], [ -76.208168145999934, 36.907321755000055 ], [ -76.208170471999949, 36.907322804000046 ], [ -76.208265786999959, 36.907163122000043 ], [ -76.208363733999988, 36.907000176000054 ], [ -76.208439794999947, 36.906876171000079 ], [ -76.208469994999973, 36.906820989000039 ], [ -76.20849196599994, 36.906780842000046 ], [ -76.208507687999941, 36.906758431000071 ], [ -76.208510333999982, 36.906754039000077 ], [ -76.208532113, 36.906723611000075 ], [ -76.208538970999939, 36.906714030000046 ], [ -76.208568811999953, 36.906671295000024 ], [ -76.208612866999943, 36.906608205000055 ], [ -76.208640402999947, 36.906569239000078 ], [ -76.209058699999957, 36.90668484300005 ], [ -76.209089804999962, 36.906674460000033 ], [ -76.210954516999948, 36.906782225000029 ], [ -76.211397623999972, 36.906811404000052 ], [ -76.211904953999976, 36.906846613000027 ], [ -76.212223760999962, 36.906868736000035 ], [ -76.21235571699998, 36.906877893000058 ], [ -76.212364280999964, 36.90688695800003 ], [ -76.212366691999989, 36.906890859000043 ], [ -76.212369798999987, 36.906896790000076 ], [ -76.21244666299998, 36.907067939000058 ], [ -76.21249632699994, 36.907252947000075 ], [ -76.212576870999953, 36.907493093000028 ], [ -76.212639122999974, 36.907689776000041 ], [ -76.213091344999953, 36.908480796000049 ], [ -76.213850177999973, 36.90873046300004 ], [ -76.213914563999936, 36.908750948000034 ], [ -76.214734935999957, 36.909229154000059 ], [ -76.215046340999947, 36.909226966000062 ], [ -76.215623613999981, 36.909561114000041 ], [ -76.21630457699996, 36.910692544000028 ], [ -76.217196129999934, 36.911511705000066 ], [ -76.21731529799996, 36.912223787000073 ], [ -76.217359451999982, 36.912339423000049 ], [ -76.217486756999961, 36.912647557000071 ], [ -76.217648450999945, 36.913527121000072 ], [ -76.218543012999987, 36.91390773300003 ], [ -76.218496485999935, 36.913909027000045 ], [ -76.217616523999936, 36.913927769000054 ], [ -76.217615905999935, 36.913933499000052 ], [ -76.217607864999934, 36.913933723000071 ], [ -76.217540132999943, 36.914635915000076 ], [ -76.217502869999976, 36.914981332000025 ], [ -76.217486768999947, 36.915189129000055 ], [ -76.216266017999942, 36.91519511100006 ], [ -76.216230917999951, 36.91519528200007 ], [ -76.214397058999964, 36.915196943000069 ], [ -76.214041010999949, 36.915203757000029 ], [ -76.213880001999939, 36.915210241000068 ], [ -76.213554335999959, 36.915230695000048 ], [ -76.213465429999985, 36.915238521000049 ], [ -76.21322841999995, 36.91525938400008 ], [ -76.213067059999958, 36.915277537000065 ], [ -76.212905635999959, 36.915297749000047 ], [ -76.212582579999946, 36.915345038000055 ], [ -76.212360210999975, 36.915384626000048 ], [ -76.212266094999961, 36.915401382000027 ], [ -76.211973586999989, 36.915456819000042 ], [ -76.211918811999965, 36.91534448200008 ], [ -76.211893112999974, 36.915289034000068 ], [ -76.211775940999985, 36.91489894800003 ], [ -76.211725223999963, 36.914730100000043 ], [ -76.211649893999947, 36.914503190000062 ], [ -76.211450019999972, 36.913978930000042 ], [ -76.21141933399997, 36.913887707000072 ], [ -76.211417409999967, 36.913881988000071 ], [ -76.211372427999947, 36.913776216000031 ], [ -76.211180598999988, 36.913277102000052 ], [ -76.211151666999967, 36.913215410000078 ], [ -76.211084212999936, 36.913069857000039 ], [ -76.210955627999965, 36.912834111000052 ], [ -76.210734895999963, 36.912514257000055 ], [ -76.210599959999968, 36.912347977000024 ], [ -76.210501582999939, 36.912212345000057 ], [ -76.21038029999994, 36.912097892000077 ], [ -76.210024158999943, 36.911743307000052 ], [ -76.20991645099997, 36.911632190000034 ], [ -76.209317749999968, 36.911026080000056 ], [ -76.209213070999965, 36.910969804000047 ], [ -76.209154593999983, 36.910916065000038 ], [ -76.208949578999977, 36.910654371000078 ], [ -76.208598424999934, 36.910300105000033 ], [ -76.208007966999958, 36.909686907000037 ], [ -76.207773549999956, 36.909451137000076 ], [ -76.207736656999941, 36.909414302000073 ], [ -76.207671507999976, 36.909347825000054 ], [ -76.207621223999979, 36.909299053000041 ], [ -76.207590917999937, 36.909268796000049 ], [ -76.207584543999985, 36.90926046900006 ], [ -76.207576638999967, 36.909248993000062 ], [ -76.207563655999934, 36.90923082300003 ], [ -76.207520129999978, 36.909157735000065 ], [ -76.207498045999955, 36.909116529000073 ] ] ] ] } },
{ "type": "Feature", "properties": { "OBJECTID": 33, "UID": 33, "LEAGUE": "East Ocean View", "PRES_ADDRE": "PO Box 14172", "MTG_FREQUE": "1st Thursday", "MTG_TIME": "7:00 pm", "MTG_LOCATI": "East Ocean View Recreation Center, 20th Bay Street", "SHAPE_LENG": 35995.989278200002, "NAME1": "East Ocean View", "NAME2": "", "PRESIDENT": "William Keplesky Jr", "E_MAIL": "eov.civic.league@gmail.com", "created_user": null, "created_date": null, "last_edited_user": "WTILGHM", "last_edited_date": "2024-02-19T18:21:55Z", "Shape_Length": 0.11549048081591246, "Shape_Area": 0.0003645087871284697 }, "geometry": { "type": "MultiPolygon", "coordinates": [ [ [ [ -76.199270539999986, 36.93308858100005 ], [ -76.199228564999942, 36.933081959000049 ], [ -76.199188763999985, 36.933082809000041 ], [ -76.199144683999975, 36.933083751000026 ], [ -76.198982525999952, 36.933026333000043 ], [ -76.198727327999961, 36.932935970000074 ], [ -76.19872699299998, 36.932935851000025 ], [ -76.198630025999989, 36.932901421000054 ], [ -76.198320171999967, 36.932849336000061 ], [ -76.198048398999958, 36.932773441000052 ], [ -76.198048085999972, 36.932773353000073 ], [ -76.197710994999966, 36.93267867600008 ], [ -76.197175216999938, 36.932553961000053 ], [ -76.196533608999971, 36.93244519700005 ], [ -76.196450570999957, 36.932416786000033 ], [ -76.195938269999942, 36.932309244000066 ], [ -76.19570103999996, 36.932270232000064 ], [ -76.195463809999978, 36.932231221000052 ], [ -76.195094027999971, 36.93214189300005 ], [ -76.195093951999979, 36.932141883000043 ], [ -76.195093854999982, 36.932141859000069 ], [ -76.194459850999976, 36.932057995000036 ], [ -76.19377644399998, 36.931910654000035 ], [ -76.193467578999957, 36.931826294000075 ], [ -76.193352166999944, 36.93179518200003 ], [ -76.19296131699997, 36.931759799000076 ], [ -76.192961182999966, 36.931759787000033 ], [ -76.192693270999939, 36.931735314000036 ], [ -76.192646024999988, 36.931723787000067 ], [ -76.192588174999969, 36.931709444000035 ], [ -76.192535937999935, 36.931683138000039 ], [ -76.192400975999988, 36.931614159000048 ], [ -76.192300041999943, 36.931589385000052 ], [ -76.192260944999987, 36.931579789000068 ], [ -76.191711552999948, 36.931487276000041 ], [ -76.191635367999936, 36.931464659000028 ], [ -76.191447978999975, 36.931409031000044 ], [ -76.191447491999952, 36.931408887000032 ], [ -76.191447377999964, 36.93140885400004 ], [ -76.191301590999956, 36.931365485000072 ], [ -76.191192601999944, 36.931348233000051 ], [ -76.190943644999948, 36.931309524000028 ], [ -76.190943549999986, 36.931309510000062 ], [ -76.190868515999966, 36.931297750000056 ], [ -76.189919690999943, 36.931036274000064 ], [ -76.189919005999968, 36.931036176000077 ], [ -76.189918749999947, 36.931036105000032 ], [ -76.189838637999969, 36.931024553000043 ], [ -76.18983749399996, 36.931024388000026 ], [ -76.189629786999944, 36.930994349000059 ], [ -76.189499116999968, 36.930975451000052 ], [ -76.189148031999935, 36.930909903000043 ], [ -76.188941575999934, 36.93087128600007 ], [ -76.188653097999975, 36.930839316000061 ], [ -76.188653015999989, 36.930839308000031 ], [ -76.188436615999933, 36.930815219000067 ], [ -76.188011692999964, 36.930713930000024 ], [ -76.186927609999941, 36.930535417000044 ], [ -76.186891788999958, 36.930529445000047 ], [ -76.186677675999988, 36.930480586000044 ], [ -76.186476598999946, 36.930434924000053 ], [ -76.186476496999944, 36.930434901000069 ], [ -76.186418371999935, 36.93042164600007 ], [ -76.185997780999969, 36.930365118000054 ], [ -76.185517334999986, 36.93030054500008 ], [ -76.185357340999985, 36.930270102000065 ], [ -76.184954780999988, 36.93019322300006 ], [ -76.184873115999949, 36.930177877000062 ], [ -76.184365118999949, 36.930114985000046 ], [ -76.183939648999967, 36.93003929200006 ], [ -76.183313353999949, 36.929928045000054 ], [ -76.183262050999986, 36.929927034000059 ], [ -76.183231154999987, 36.929926838000029 ], [ -76.18321220699994, 36.929926539000064 ], [ -76.18254202199995, 36.92979877700003 ], [ -76.181693885999948, 36.929680604000055 ], [ -76.181693543999984, 36.929680556000051 ], [ -76.181693434999943, 36.929680541000039 ], [ -76.181354576999979, 36.929633232000072 ], [ -76.181217495999988, 36.929639457000064 ], [ -76.180998183999975, 36.929648869000061 ], [ -76.180743298999971, 36.929647922000072 ], [ -76.180441692999977, 36.929646516000048 ], [ -76.180080032999967, 36.929667857000027 ], [ -76.180043765999983, 36.929676030000053 ], [ -76.179921934999982, 36.929703189000065 ], [ -76.179801789999942, 36.929714900000079 ], [ -76.179801679999969, 36.92971491000003 ], [ -76.179681027999948, 36.929726420000065 ], [ -76.179564427999935, 36.929770697000038 ], [ -76.179250364999973, 36.92981489500005 ], [ -76.179170237999983, 36.929840338000076 ], [ -76.179165856999987, 36.92996514500004 ], [ -76.179165399999988, 36.929974917000038 ], [ -76.179162857999984, 36.930029388000037 ], [ -76.179161728999986, 36.930053594000071 ], [ -76.179138728999988, 36.930094893000046 ], [ -76.179137951999962, 36.930096288000072 ], [ -76.179136378999942, 36.93009911300004 ], [ -76.179140065999945, 36.930202215000065 ], [ -76.179145358999961, 36.93033185400003 ], [ -76.179145561999974, 36.930336833000069 ], [ -76.179145931999983, 36.930345885000065 ], [ -76.179130422999947, 36.930474897000067 ], [ -76.179107959999953, 36.930651332000025 ], [ -76.179082010999934, 36.93114046900007 ], [ -76.179079152999975, 36.931185283000048 ], [ -76.179072947999941, 36.931216278000079 ], [ -76.17906226499997, 36.931265917000076 ], [ -76.179062500999976, 36.931567865000034 ], [ -76.179061549999972, 36.931572502000051 ], [ -76.179056929999945, 36.931595021000078 ], [ -76.179052372999934, 36.931612668000071 ], [ -76.179017735999935, 36.931638476000046 ], [ -76.178351763999956, 36.931637456000033 ], [ -76.178138627999942, 36.93163712900008 ], [ -76.177289166999969, 36.931635542000038 ], [ -76.177246180999987, 36.930874674000052 ], [ -76.177246173999947, 36.930874560000063 ], [ -76.17690687399994, 36.921930959000065 ], [ -76.17711583199997, 36.920802393000031 ], [ -76.18006724199995, 36.920860676000075 ], [ -76.181029714999966, 36.921112036000068 ], [ -76.181231568999976, 36.921164751000049 ], [ -76.182399472999975, 36.921469745000024 ], [ -76.183878335999964, 36.921711808000055 ], [ -76.18534834899998, 36.922174294000058 ], [ -76.185403977999954, 36.921934934000035 ], [ -76.186754805999954, 36.922158359000036 ], [ -76.188111624999976, 36.921592779000036 ], [ -76.188350900999978, 36.921084397000072 ], [ -76.18835099599994, 36.921084197000027 ], [ -76.188351085999955, 36.921084005000068 ], [ -76.189495466999972, 36.918654099000037 ], [ -76.19036183999998, 36.918672783000034 ], [ -76.190497265999966, 36.91869149200005 ], [ -76.190586289999942, 36.918686044000026 ], [ -76.191372653999963, 36.918550818000028 ], [ -76.191377279999983, 36.918522454000026 ], [ -76.192453286999978, 36.91830071000004 ], [ -76.192587044999982, 36.91814811100005 ], [ -76.192802840999946, 36.918140670000071 ], [ -76.196445967999978, 36.918061011000077 ], [ -76.197065721999934, 36.918047054000056 ], [ -76.197768464999967, 36.918004498000073 ], [ -76.198417243999984, 36.917936153000028 ], [ -76.199118127999952, 36.917842037000071 ], [ -76.200094318999959, 36.917690250000078 ], [ -76.200981843999955, 36.917528677000064 ], [ -76.200986071999978, 36.91826190900008 ], [ -76.200287074999949, 36.918392465000068 ], [ -76.199842629999978, 36.918475474000047 ], [ -76.199858479999989, 36.920615528000042 ], [ -76.199866785999973, 36.921302228000059 ], [ -76.199873584999978, 36.923041273000024 ], [ -76.199338370999953, 36.923040370000024 ], [ -76.199197500999958, 36.923040065000066 ], [ -76.199157363999973, 36.923040778000029 ], [ -76.199155036999969, 36.922907984000062 ], [ -76.199154973999953, 36.922904408000079 ], [ -76.199154995999947, 36.922895822000044 ], [ -76.199154562, 36.922764331000053 ], [ -76.199154560999943, 36.922610779000024 ], [ -76.199154084999975, 36.922608698000033 ], [ -76.199127843999975, 36.922609162000072 ], [ -76.199127775999955, 36.922609163000061 ], [ -76.199070971999959, 36.922610494000025 ], [ -76.198803772999952, 36.92261222500008 ], [ -76.19872494699996, 36.92261301800005 ], [ -76.198717253999973, 36.922519636000061 ], [ -76.198649913999986, 36.922519461000036 ], [ -76.198645001999978, 36.922519519000048 ], [ -76.198558378999962, 36.922519226000077 ], [ -76.198267428999941, 36.922519100000045 ], [ -76.198109876999979, 36.922518607000029 ], [ -76.198042955999938, 36.92251729700007 ], [ -76.197845185999938, 36.922520116000044 ], [ -76.197763641999984, 36.92252030700007 ], [ -76.19771385699994, 36.922520151000072 ], [ -76.197436180999944, 36.922519283000042 ], [ -76.197340281999971, 36.922637200000054 ], [ -76.197602274999952, 36.923362157000042 ], [ -76.19770585699996, 36.924537934000057 ], [ -76.198754337999958, 36.925179570000068 ], [ -76.199049686999956, 36.925360311000077 ], [ -76.200073302999954, 36.925797263000049 ], [ -76.20014969999994, 36.925822220000043 ], [ -76.200185122999983, 36.925833793000038 ], [ -76.200203623999982, 36.92584026600008 ], [ -76.200243561999969, 36.925854239000046 ], [ -76.200479807999955, 36.925932936000038 ], [ -76.200675731, 36.925998852000077 ], [ -76.200678817999972, 36.925999894000029 ], [ -76.200681234999934, 36.926000708000061 ], [ -76.200685194999949, 36.926002581000034 ], [ -76.200735344999941, 36.926026298000068 ], [ -76.200962888999982, 36.926133909000043 ], [ -76.201208237999936, 36.926249940000048 ], [ -76.201526398999988, 36.92643509100003 ], [ -76.201575239999954, 36.926461470000049 ], [ -76.201590068999963, 36.926469479000048 ], [ -76.201612273999956, 36.926482986000053 ], [ -76.201601625999956, 36.926329484000064 ], [ -76.209139046999951, 36.927784681000048 ], [ -76.209325186999934, 36.92821844000008 ], [ -76.210251717999938, 36.929258104000041 ], [ -76.210332649999941, 36.929275385000039 ], [ -76.210834488999978, 36.92938057300006 ], [ -76.21108113799994, 36.929431291000071 ], [ -76.211907292999967, 36.929498200000069 ], [ -76.212283627999966, 36.929556536000064 ], [ -76.212667222999983, 36.92971835700007 ], [ -76.213077948999967, 36.930314047000024 ], [ -76.213768507999987, 36.930792564000058 ], [ -76.215479911999978, 36.932158409000067 ], [ -76.216136242999937, 36.932317276000049 ], [ -76.216764764999937, 36.932837063000079 ], [ -76.216714583999988, 36.932968721000066 ], [ -76.216224245999967, 36.934068278000041 ], [ -76.216218969999943, 36.934218350000037 ], [ -76.215737284999989, 36.935308647000056 ], [ -76.215184652999937, 36.936512949000075 ], [ -76.21488859599998, 36.937150194000026 ], [ -76.214485133999972, 36.937016296000024 ], [ -76.213926452999942, 36.936868276000041 ], [ -76.213904351999986, 36.936862398000073 ], [ -76.213866731999985, 36.936850132000075 ], [ -76.213866475999964, 36.936850049000043 ], [ -76.213716249999948, 36.936800978000065 ], [ -76.21371602499994, 36.936800905000041 ], [ -76.213446825999938, 36.936712696000029 ], [ -76.212560449999955, 36.936483905000046 ], [ -76.21151374599998, 36.936238934000073 ], [ -76.21151318699998, 36.936238803000037 ], [ -76.211184353999954, 36.936161710000079 ], [ -76.209494505999942, 36.935662297000079 ], [ -76.207589568999936, 36.935192568000048 ], [ -76.207335581999985, 36.935120443000073 ], [ -76.206603006999956, 36.934912408000059 ], [ -76.20643703099995, 36.934845371000051 ], [ -76.206280518999961, 36.93478215500005 ], [ -76.206260000999976, 36.934773841000037 ], [ -76.206259733999957, 36.934773759000052 ], [ -76.206259410999962, 36.934773629000063 ], [ -76.205911509999964, 36.934665604000031 ], [ -76.205788716999962, 36.934627275000025 ], [ -76.205724104999945, 36.934616866000056 ], [ -76.205629921999957, 36.934601299000065 ], [ -76.205291061999958, 36.934479221000061 ], [ -76.205072327999972, 36.934439466000072 ], [ -76.204778661999967, 36.934354703000054 ], [ -76.204777114999956, 36.934354256000063 ], [ -76.204671921999989, 36.934323867000046 ], [ -76.20467174199996, 36.934323841000037 ], [ -76.204671451999957, 36.934323757000072 ], [ -76.204591057999949, 36.934311899000079 ], [ -76.204361870999946, 36.934277977000079 ], [ -76.204175899999939, 36.934217600000068 ], [ -76.203739614999961, 36.934075361000055 ], [ -76.20356751099996, 36.934050579000029 ], [ -76.203493011999967, 36.93403985100008 ], [ -76.203465684999969, 36.934035874000074 ], [ -76.203329804999953, 36.933996186000059 ], [ -76.203288292999957, 36.93398400600006 ], [ -76.202761178999936, 36.933890800000029 ], [ -76.202745417999949, 36.933887994000031 ], [ -76.202523601999985, 36.933812482000064 ], [ -76.202243291999935, 36.933716643000025 ], [ -76.202008742999965, 36.933663979000073 ], [ -76.201991766999981, 36.933659526000042 ], [ -76.201666053999986, 36.933565929000054 ], [ -76.201601846999949, 36.933554898000068 ], [ -76.201316327999962, 36.933505334000074 ], [ -76.201159725999958, 36.933492919000059 ], [ -76.201156063999974, 36.933492629000057 ], [ -76.201001977999965, 36.93348018100005 ], [ -76.200880734999942, 36.933440267000037 ], [ -76.20046253199996, 36.933301996000068 ], [ -76.200384196999948, 36.933289475000038 ], [ -76.200043796999978, 36.933234506000076 ], [ -76.200040066999975, 36.93323390200004 ], [ -76.20001689999998, 36.933230148000064 ], [ -76.199940334999951, 36.933215207000046 ], [ -76.199940107999964, 36.933215163000057 ], [ -76.199485638999988, 36.933126283000036 ], [ -76.199380170999973, 36.933105674000046 ], [ -76.199274577999972, 36.933089184000039 ], [ -76.199270539999986, 36.93308858100005 ] ] ] ] } },
{ "type": "Feature", "properties": { "OBJECTID": 35, "UID": 35, "LEAGUE": "Elizabeth Park", "PRES_ADDRE": "5411 Pine Grove Avenue", "MTG_FREQUE": "1st Tuesday", "MTG_TIME": "7:30 pm", "MTG_LOCATI": "Aldersgate United Methodist Church", "SHAPE_LENG": 10096.0470602, "NAME1": "Elizabeth", "NAME2": "Park", "PRESIDENT": "Ken Richards", "E_MAIL": "elizabethparkpresident@gmail.com", "created_user": null, "created_date": null, "last_edited_user": "WTILGHM", "last_edited_date": "2024-02-20T05:41:09Z", "Shape_Length": 0.031811999497291875, "Shape_Area": 5.6320963806341725e-05 }, "geometry": { "type": "MultiPolygon", "coordinates": [ [ [ [ -76.214772579999988, 36.84263861200003 ], [ -76.214657386999988, 36.841886497000075 ], [ -76.214658146999966, 36.841861278000067 ], [ -76.214672875999952, 36.841372344000035 ], [ -76.214673635999986, 36.841347125000027 ], [ -76.214680444999942, 36.841121102000045 ], [ -76.214600519999976, 36.840937531000066 ], [ -76.213966033999952, 36.840100268000072 ], [ -76.213708733999965, 36.839736566000056 ], [ -76.21360759199996, 36.839607811000064 ], [ -76.213509742999975, 36.839466669000046 ], [ -76.213456675999964, 36.839397385000041 ], [ -76.213393908999933, 36.83917389100003 ], [ -76.21340749999996, 36.839179382000054 ], [ -76.21342029799996, 36.839184552000063 ], [ -76.213452075999953, 36.839197391000027 ], [ -76.213504216, 36.839218454000047 ], [ -76.213566535999973, 36.839243629000066 ], [ -76.213569512999982, 36.839244832000077 ], [ -76.213639820999958, 36.839210077000075 ], [ -76.213724597999942, 36.839171265000061 ], [ -76.213914458999966, 36.839057436000076 ], [ -76.214014884999983, 36.838994210000067 ], [ -76.214033407999977, 36.838982548000047 ], [ -76.214089010999942, 36.838949299000035 ], [ -76.214090651999982, 36.838948403000074 ], [ -76.214133109999977, 36.838923062000049 ], [ -76.214167862999943, 36.838901242000077 ], [ -76.214236888999949, 36.838863273000072 ], [ -76.214320319999956, 36.838816756000028 ], [ -76.214323614999955, 36.838814919000072 ], [ -76.214365244999954, 36.83872038100003 ], [ -76.214410274999977, 36.838620408000054 ], [ -76.214426412999956, 36.838588720000075 ], [ -76.214470700999982, 36.838493391000043 ], [ -76.214487247999955, 36.838460918000067 ], [ -76.214493349999941, 36.83844666400006 ], [ -76.214504778999981, 36.838424632000056 ], [ -76.214527389999944, 36.838373669000077 ], [ -76.21465091999994, 36.838129554000034 ], [ -76.214710467999964, 36.838008566000042 ], [ -76.214775318999955, 36.837883451000039 ], [ -76.214775943999939, 36.837882143000058 ], [ -76.214804459999982, 36.837826485000051 ], [ -76.214809181999954, 36.837818120000065 ], [ -76.214823975999934, 36.837791912000057 ], [ -76.214879810999946, 36.837779349000073 ], [ -76.214940930999944, 36.837772098000073 ], [ -76.215178290999972, 36.837723056000073 ], [ -76.215714026999933, 36.83763213900005 ], [ -76.215824195999971, 36.83760565800003 ], [ -76.21598600599998, 36.837489811000069 ], [ -76.216135319999978, 36.837382909000041 ], [ -76.216245932999982, 36.837316230000056 ], [ -76.216341756999952, 36.837256320000051 ], [ -76.216536904999941, 36.837134311000057 ], [ -76.216645168999946, 36.837067091000051 ], [ -76.216778204999969, 36.836984489000031 ], [ -76.21694862399994, 36.836878676000026 ], [ -76.217130770999972, 36.836757483000042 ], [ -76.217272304999938, 36.836669278000045 ], [ -76.217292269999973, 36.836659833000056 ], [ -76.217297966999979, 36.836657137000032 ], [ -76.217362703999981, 36.836618828000042 ], [ -76.217381154999941, 36.836607909000065 ], [ -76.217399545999967, 36.836598661000039 ], [ -76.217449312999975, 36.836567580000064 ], [ -76.217456702999982, 36.836563206000051 ], [ -76.217485058999955, 36.836546757000065 ], [ -76.217525922999982, 36.83652304900005 ], [ -76.217539048999981, 36.836515434000034 ], [ -76.217615456999965, 36.836465450000048 ], [ -76.217622377999987, 36.83646092400005 ], [ -76.217640447999941, 36.836449690000052 ], [ -76.217673855999976, 36.836426457000073 ], [ -76.217675775999965, 36.836425129000077 ], [ -76.217680808999944, 36.836421715000029 ], [ -76.217699810999989, 36.836408825000035 ], [ -76.217725224999981, 36.836391558000059 ], [ -76.217725309999935, 36.836391504000062 ], [ -76.217795549999948, 36.836347340000032 ], [ -76.217836578999936, 36.836343206000038 ], [ -76.217873785999984, 36.836340141000051 ], [ -76.219357000999935, 36.836190667000039 ], [ -76.219364672999973, 36.836189894000029 ], [ -76.219834349999985, 36.836352397000041 ], [ -76.220748683999943, 36.836654292000048 ], [ -76.222054140999944, 36.837117151000029 ], [ -76.225500110999974, 36.838807669000062 ], [ -76.225901759999942, 36.840996209000025 ], [ -76.225902644999962, 36.841001030000029 ], [ -76.22458544899996, 36.842488524000032 ], [ -76.222633102999964, 36.842088303000025 ], [ -76.222347042999957, 36.842083087000049 ], [ -76.220689589999949, 36.842052848000037 ], [ -76.219209736999971, 36.842025829000079 ], [ -76.21829453099997, 36.842121672000076 ], [ -76.216926425999986, 36.842264930000056 ], [ -76.216073390999952, 36.84235424600007 ], [ -76.214772579999988, 36.84263861200003 ] ] ] ] } },
{ "type": "Feature", "properties": { "OBJECTID": 36, "UID": 36, "LEAGUE": "Estabrook and Coleman Place", "PRES_ADDRE": "3565 Norland Court", "MTG_FREQUE": "3rd Tuesday, except July and August", "MTG_TIME": "7:00 pm", "MTG_LOCATI": "3612 Robin Hood Road", "SHAPE_LENG": 18018.629775099998, "NAME1": "Estabrook/", "NAME2": "Coleman Place", "PRESIDENT": "Carolyn Foca", "E_MAIL": "crffoca@earthlink.net", "created_user": null, "created_date": null, "last_edited_user": "WTILGHM", "last_edited_date": "2024-02-20T04:49:32Z", "Shape_Length": 0.092225517461375098, "Shape_Area": 0.00022268832281446919 }, "geometry": { "type": "MultiPolygon", "coordinates": [ [ [ [ -76.247105104999946, 36.884334164000052 ], [ -76.246846586999936, 36.884167618000049 ], [ -76.246706676999963, 36.884077483000056 ], [ -76.246398007999971, 36.883989880000058 ], [ -76.246392697999966, 36.883988334000037 ], [ -76.24639263399996, 36.883988314000078 ], [ -76.246277653999982, 36.883916312000053 ], [ -76.246245446999978, 36.883895365000058 ], [ -76.246215860999939, 36.88387612300005 ], [ -76.245983874, 36.88383809000004 ], [ -76.24598360799996, 36.883837951000032 ], [ -76.245978528999956, 36.883835314000066 ], [ -76.245919655999955, 36.883804731000055 ], [ -76.245907493999937, 36.883794677000026 ], [ -76.245841137999946, 36.883756485000049 ], [ -76.245819929999982, 36.883744430000036 ], [ -76.245817011999975, 36.883742598000026 ], [ -76.245799808999948, 36.883732696000038 ], [ -76.245767544999978, 36.883712003000028 ], [ -76.24576781199994, 36.883711692000077 ], [ -76.245767558999944, 36.883711533000053 ], [ -76.245826111999975, 36.883643695000046 ], [ -76.245826421999936, 36.883643335000045 ], [ -76.245770008999955, 36.883622505000062 ], [ -76.245743002999973, 36.883612534000065 ], [ -76.245706125999959, 36.883598917000029 ], [ -76.245675827999946, 36.883591060000072 ], [ -76.245652809999967, 36.883587365000039 ], [ -76.24562698699998, 36.883584450000058 ], [ -76.245601552999972, 36.88358295200004 ], [ -76.24557189799998, 36.883582399000034 ], [ -76.245545940999989, 36.883583892000047 ], [ -76.245506345999956, 36.883589203000042 ], [ -76.245499262999942, 36.883589938000057 ], [ -76.245466526999962, 36.883597319000046 ], [ -76.245444683999949, 36.883605372000034 ], [ -76.245391109999957, 36.883623726000053 ], [ -76.24535876799996, 36.883638395000048 ], [ -76.245354241999962, 36.883641737000062 ], [ -76.245353657999942, 36.883642017000057 ], [ -76.245352800999967, 36.883642427000041 ], [ -76.245348189999959, 36.883646206000037 ], [ -76.245303866999961, 36.883678943000064 ], [ -76.245302899999956, 36.883679958000073 ], [ -76.245299250999949, 36.883682610000051 ], [ -76.245276644999933, 36.883707536000031 ], [ -76.245233497999948, 36.883752857000047 ], [ -76.245216739999989, 36.883769990000076 ], [ -76.245190071999957, 36.883800712000038 ], [ -76.245107876999953, 36.883924289000049 ], [ -76.245081714999969, 36.883963625000035 ], [ -76.245076635999965, 36.883970874000056 ], [ -76.245056391999981, 36.884001698000077 ], [ -76.245027954999955, 36.884044454000048 ], [ -76.245001804999958, 36.884083770000075 ], [ -76.244996909999941, 36.88409112800008 ], [ -76.244986284999982, 36.884069714000077 ], [ -76.244963310999935, 36.884023414000069 ], [ -76.244961309999951, 36.884019878000061 ], [ -76.243731004999972, 36.883301779000078 ], [ -76.243591078999941, 36.883215143000029 ], [ -76.243584644999942, 36.883164846000057 ], [ -76.243580709999947, 36.882932699000037 ], [ -76.243532601999959, 36.88283450800003 ], [ -76.243507602999955, 36.882798061000074 ], [ -76.243507552999972, 36.882797989000039 ], [ -76.243200094999963, 36.882355744000051 ], [ -76.243030937999947, 36.88212367400007 ], [ -76.24289397299998, 36.881910013000038 ], [ -76.242576617999987, 36.881453987000043 ], [ -76.242532087999962, 36.881357500000036 ], [ -76.242532088999951, 36.88135701300007 ], [ -76.242532412999935, 36.881203012000071 ], [ -76.242536973999961, 36.881045052000047 ], [ -76.242536475999941, 36.880977063000046 ], [ -76.242538614999944, 36.880950072000076 ], [ -76.242538785999955, 36.880947918000061 ], [ -76.242540617999964, 36.880909246000044 ], [ -76.242540671999961, 36.880908125000076 ], [ -76.242543121999972, 36.880859112000053 ], [ -76.242544461999955, 36.880820552000046 ], [ -76.242520042999956, 36.880798526000035 ], [ -76.242491831999985, 36.880773079000051 ], [ -76.242439837999939, 36.880727763000039 ], [ -76.242439715999978, 36.880727655000044 ], [ -76.242394854999986, 36.880688555000063 ], [ -76.242178860999957, 36.880537021000066 ], [ -76.24210984399997, 36.880476778000059 ], [ -76.241944784999987, 36.880332703000079 ], [ -76.241750615999933, 36.880157347000079 ], [ -76.241717299999948, 36.880130573000031 ], [ -76.241711958999986, 36.88012580000003 ], [ -76.241670144999944, 36.880081296000071 ], [ -76.24161552399994, 36.880031761000055 ], [ -76.241527481999981, 36.879951919000064 ], [ -76.241306979999933, 36.879722599000047 ], [ -76.241225653999948, 36.879636865000066 ], [ -76.24115033399994, 36.87957556200007 ], [ -76.241095512999948, 36.879536977000043 ], [ -76.241038130999982, 36.879492427000059 ], [ -76.241021454999952, 36.879484851000029 ], [ -76.241016902999945, 36.879481647000034 ], [ -76.240773986999955, 36.879372418000059 ], [ -76.240773895999951, 36.879372378000028 ], [ -76.240672288999974, 36.879326214000059 ], [ -76.240478609999968, 36.879011154000068 ], [ -76.240468781999937, 36.878947833000041 ], [ -76.240454056999965, 36.878852949000077 ], [ -76.240438131999952, 36.87872726900008 ], [ -76.240402785999947, 36.878448318000039 ], [ -76.240346870999986, 36.878012247000072 ], [ -76.24031340099998, 36.877829674000054 ], [ -76.240176421999934, 36.87708245500005 ], [ -76.240130595999972, 36.876718489000041 ], [ -76.240129557999978, 36.876710244000037 ], [ -76.240129540999988, 36.876710109000044 ], [ -76.240128422999987, 36.876700648000053 ], [ -76.240125615999943, 36.876700573000051 ], [ -76.240082722999944, 36.876692199000047 ], [ -76.240018991999989, 36.87667833200004 ], [ -76.239859325999987, 36.87664359300004 ], [ -76.239782346999959, 36.876626844000043 ], [ -76.239714196999955, 36.876612016000024 ], [ -76.239551587999983, 36.876576640000053 ], [ -76.239468110999951, 36.876555181000072 ], [ -76.239403105999941, 36.876235096000073 ], [ -76.239338285999963, 36.875909543000034 ], [ -76.23933631999995, 36.875891166000031 ], [ -76.239335030999939, 36.875879119000047 ], [ -76.239312961999985, 36.87578774900004 ], [ -76.239312946999974, 36.875787686000024 ], [ -76.239311131999955, 36.875779647000059 ], [ -76.239298563999967, 36.87577755600006 ], [ -76.239283289999946, 36.875778894000064 ], [ -76.238975127999936, 36.87583414900007 ], [ -76.238679973999979, 36.875914205000072 ], [ -76.238603177999948, 36.875926753000044 ], [ -76.238520580999989, 36.875964417000034 ], [ -76.23843504499996, 36.87599674300003 ], [ -76.238419655999962, 36.876002559000028 ], [ -76.238095625999961, 36.876169882000056 ], [ -76.237928440999951, 36.876273425000079 ], [ -76.237605608999957, 36.876511175000076 ], [ -76.237366655999949, 36.87670793500007 ], [ -76.237347127999953, 36.876724014000047 ], [ -76.237352742999974, 36.876732320000031 ], [ -76.237346872999979, 36.876724225000032 ], [ -76.237307085999987, 36.876669355000047 ], [ -76.237284367999962, 36.876626539000029 ], [ -76.237212964999969, 36.876512537000053 ], [ -76.237179298999934, 36.87642852700003 ], [ -76.237092435999955, 36.876211770000054 ], [ -76.237047138999969, 36.876121309000041 ], [ -76.236976359999971, 36.875979961000041 ], [ -76.236946140999976, 36.875912800000037 ], [ -76.236888120999936, 36.875803741000027 ], [ -76.236870057999965, 36.875769790000049 ], [ -76.236855056999957, 36.875737710000067 ], [ -76.236808143999951, 36.87563738800003 ], [ -76.236733819999984, 36.875507113000026 ], [ -76.236712138999962, 36.875467767000032 ], [ -76.236695648999955, 36.875437844000032 ], [ -76.236654982999937, 36.875292430000059 ], [ -76.236616022999954, 36.875153118000071 ], [ -76.236556624999935, 36.87488544100006 ], [ -76.236536934999947, 36.874790859000029 ], [ -76.236513520999949, 36.874640162000048 ], [ -76.236419067999975, 36.874136873000054 ], [ -76.23627333099995, 36.873416062000047 ], [ -76.236265105999962, 36.873363916000073 ], [ -76.236242494999942, 36.873253151000029 ], [ -76.236083535999967, 36.872406105000039 ], [ -76.234632674999943, 36.87255889100004 ], [ -76.234475530999987, 36.872575438000069 ], [ -76.234434202999978, 36.872580633000041 ], [ -76.234394106999957, 36.872585672000071 ], [ -76.234372782999969, 36.872592042000065 ], [ -76.234324802999936, 36.872606374000043 ], [ -76.234300666999957, 36.87261342100004 ], [ -76.234055650999949, 36.872684962000051 ], [ -76.234038473999988, 36.87268997700005 ], [ -76.233776467999974, 36.872794381000062 ], [ -76.23370568699994, 36.872822585000051 ], [ -76.233591048999983, 36.872573475000024 ], [ -76.233482722999952, 36.872338074000027 ], [ -76.233426071999986, 36.872214968000037 ], [ -76.233147567999936, 36.872331361000079 ], [ -76.23281960099996, 36.872468422000054 ], [ -76.232479834999936, 36.872610781000049 ], [ -76.232353433999947, 36.872663749000026 ], [ -76.232121490999987, 36.871149757000069 ], [ -76.232124179999971, 36.871059832000071 ], [ -76.23214767199994, 36.870957668000074 ], [ -76.232147556999962, 36.870957580000038 ], [ -76.231883628999981, 36.870756407000044 ], [ -76.231704253999965, 36.870579857000052 ], [ -76.231508305999967, 36.870385815000077 ], [ -76.231197119999933, 36.870044647000043 ], [ -76.230975414999989, 36.869795822000071 ], [ -76.230581169999937, 36.869257957000059 ], [ -76.230561842999975, 36.869233014000031 ], [ -76.230528411999956, 36.869187449000037 ], [ -76.229711528999985, 36.86813512100008 ], [ -76.229471702999945, 36.867794878000041 ], [ -76.229536506999978, 36.867759111000055 ], [ -76.229599717999974, 36.867724324000051 ], [ -76.23006451599997, 36.867506112000058 ], [ -76.230831240999976, 36.867199733000064 ], [ -76.231021211999973, 36.867140707000033 ], [ -76.231254877999959, 36.867059292000079 ], [ -76.231295711999962, 36.867046780000067 ], [ -76.231306870999958, 36.867042895000054 ], [ -76.231544220999979, 36.866997766000054 ], [ -76.231696812999985, 36.866962336000029 ], [ -76.231890610999983, 36.86693662700003 ], [ -76.231906744999947, 36.866933300000028 ], [ -76.232144698999946, 36.866905487000054 ], [ -76.232195574999935, 36.866903077000075 ], [ -76.232231579999961, 36.866898681000066 ], [ -76.232287669999948, 36.866896627000074 ], [ -76.232317727999941, 36.866894407000075 ], [ -76.232370449999962, 36.866893597000058 ], [ -76.232399531999988, 36.866892532000065 ], [ -76.232425146999958, 36.866892208000024 ], [ -76.23245740599998, 36.866891800000076 ], [ -76.232912473999988, 36.866882039000075 ], [ -76.233015604999935, 36.866878480000025 ], [ -76.233044198999949, 36.866877493000061 ], [ -76.233272642999964, 36.86687207500006 ], [ -76.233873596999956, 36.866858193000041 ], [ -76.234717374999946, 36.866785177000054 ], [ -76.235388044, 36.866654830000073 ], [ -76.236508018999984, 36.866363899000078 ], [ -76.237065814999937, 36.866168724000033 ], [ -76.237516992999986, 36.866011064000077 ], [ -76.238905168999963, 36.865332458000069 ], [ -76.239594974999989, 36.86499196300008 ], [ -76.240684771999952, 36.864462281000044 ], [ -76.240696827999955, 36.864456569000026 ], [ -76.241354344999934, 36.86414497100003 ], [ -76.244189114999983, 36.863102938000054 ], [ -76.244786299999987, 36.863651804000028 ], [ -76.245150402999968, 36.863968485000044 ], [ -76.246428808999951, 36.865059261000056 ], [ -76.246501110999986, 36.86512182000007 ], [ -76.247090575999948, 36.865631313000051 ], [ -76.247309661999964, 36.865818823000041 ], [ -76.247894607999967, 36.866327483000077 ], [ -76.248325102999956, 36.866699939000057 ], [ -76.249846272999946, 36.867997009000078 ], [ -76.249847882999973, 36.868058008000048 ], [ -76.249775237999984, 36.868069103000039 ], [ -76.249396845999968, 36.868220012000052 ], [ -76.249249849999956, 36.868291557000077 ], [ -76.248052386999973, 36.868874357000038 ], [ -76.24619301499996, 36.869752358000028 ], [ -76.245658279999986, 36.870004852000079 ], [ -76.244528973999934, 36.870538080000074 ], [ -76.244523926999989, 36.870540772000027 ], [ -76.244418829999972, 36.870599069000036 ], [ -76.244365707999975, 36.870627761000037 ], [ -76.244334979999962, 36.87064558000003 ], [ -76.244327844999987, 36.870658440000057 ], [ -76.24437999099996, 36.870696724000027 ], [ -76.244316162999951, 36.87070501900007 ], [ -76.244376515999988, 36.870743589000028 ], [ -76.244448211999952, 36.870794738000029 ], [ -76.244494638999981, 36.870826997000052 ], [ -76.244509560999973, 36.870838505000052 ], [ -76.24565264499995, 36.871653981000065 ], [ -76.245895182999959, 36.871821914000066 ], [ -76.246105366999984, 36.871976945000029 ], [ -76.246199807999972, 36.871930275000068 ], [ -76.246362762, 36.872147293000069 ], [ -76.246399199999985, 36.872197266000057 ], [ -76.246592790999955, 36.872454813000047 ], [ -76.246724589999985, 36.872630334000064 ], [ -76.246798097999942, 36.872728227000039 ], [ -76.246898046999945, 36.872856283000033 ], [ -76.247004145999938, 36.872994017000053 ], [ -76.246350228999972, 36.873212597000077 ], [ -76.246350464999978, 36.873213629000077 ], [ -76.246624426999972, 36.874408402000029 ], [ -76.248217236999949, 36.873786650000056 ], [ -76.248776995999947, 36.87357651800005 ], [ -76.249056949999954, 36.873469252000064 ], [ -76.249275935999947, 36.873385058000054 ], [ -76.249381124999957, 36.873344613000029 ], [ -76.24956567299995, 36.873275283000055 ], [ -76.249720254999943, 36.873217210000064 ], [ -76.249759929999982, 36.873201941000048 ], [ -76.249896864999982, 36.873639788000048 ], [ -76.250237384999934, 36.875099326000054 ], [ -76.248531940999953, 36.875411356000029 ], [ -76.246824097999934, 36.875688383000067 ], [ -76.246824216999983, 36.875688830000058 ], [ -76.246854878999955, 36.87580384000006 ], [ -76.247442559999968, 36.87800805300003 ], [ -76.249478980999982, 36.878645325000036 ], [ -76.250755496999943, 36.877346900000077 ], [ -76.250839608999968, 36.877539862000049 ], [ -76.250556991999986, 36.87783096000004 ], [ -76.25090599899994, 36.878076552000039 ], [ -76.250518513999964, 36.878473008000071 ], [ -76.250521843999934, 36.878474797000024 ], [ -76.25052, 36.878476631000069 ], [ -76.250708397999972, 36.878577836000034 ], [ -76.250708979999956, 36.878578150000067 ], [ -76.250710542999968, 36.878585704000045 ], [ -76.250731369999983, 36.87868633000005 ], [ -76.251097744999981, 36.880143188000034 ], [ -76.251146657999982, 36.880314265000038 ], [ -76.251222189999964, 36.880640897000035 ], [ -76.251253201999987, 36.880764635000048 ], [ -76.251280599999973, 36.88088722100008 ], [ -76.251292756999987, 36.880969307000044 ], [ -76.2510893, 36.881005391000031 ], [ -76.250969119999979, 36.881024487000047 ], [ -76.251062615999956, 36.881390039000053 ], [ -76.25117867199998, 36.881843792000041 ], [ -76.251141272999973, 36.882000473000062 ], [ -76.251140257999964, 36.882004724000069 ], [ -76.251135046999934, 36.88218044000007 ], [ -76.251135566999949, 36.882215927000061 ], [ -76.250920970999971, 36.882451418000073 ], [ -76.250896387999944, 36.882478391000063 ], [ -76.250681820999944, 36.882709860000034 ], [ -76.25061655899998, 36.882786144000079 ], [ -76.250609428999951, 36.882794025000067 ], [ -76.250588267999944, 36.882810325000037 ], [ -76.250505952999958, 36.88288093400007 ], [ -76.25050476399997, 36.882881954000027 ], [ -76.250355687999956, 36.882991735000076 ], [ -76.250328365999962, 36.88301143800004 ], [ -76.250294803999964, 36.883036103000052 ], [ -76.250266782999972, 36.88305745100007 ], [ -76.25019767699996, 36.883111228000075 ], [ -76.25014895399994, 36.883148108000057 ], [ -76.250164622999989, 36.883206986000062 ], [ -76.250167285999964, 36.883220598000037 ], [ -76.250180425999986, 36.883268306000048 ], [ -76.250183529999958, 36.883284397000068 ], [ -76.25018995299996, 36.88328081700007 ], [ -76.250205868999956, 36.883271947000026 ], [ -76.250210580999976, 36.883293562000063 ], [ -76.250223759999983, 36.883345076000069 ], [ -76.250291798999967, 36.883661312000072 ], [ -76.250298555999962, 36.883692717000031 ], [ -76.250306629999955, 36.88373024100008 ], [ -76.250346649999983, 36.883905278000043 ], [ -76.250299082999959, 36.883912468000062 ], [ -76.250220183999943, 36.883923705000029 ], [ -76.25022030599996, 36.883924154000056 ], [ -76.250245784999947, 36.884017696000058 ], [ -76.250245673999984, 36.884017810000046 ], [ -76.250199102999943, 36.884065401000043 ], [ -76.250016955999968, 36.884251540000037 ], [ -76.250016897999956, 36.884251600000027 ], [ -76.249984648999941, 36.884284556000068 ], [ -76.249492860999965, 36.884291804000043 ], [ -76.249407088999988, 36.884271566000052 ], [ -76.249402004, 36.884270717000049 ], [ -76.249380494999969, 36.884265656000025 ], [ -76.24924723099997, 36.884244865000028 ], [ -76.249092764999943, 36.884220766000055 ], [ -76.248819065999953, 36.884209614000042 ], [ -76.248785087999977, 36.88422311100004 ], [ -76.248623685999974, 36.88426486600008 ], [ -76.248458285999959, 36.884317113000066 ], [ -76.248458015999972, 36.884317199000066 ], [ -76.248424831999955, 36.884327775000031 ], [ -76.248373191999974, 36.88435449900004 ], [ -76.24836983299997, 36.88435669900008 ], [ -76.248125098999935, 36.884437567000077 ], [ -76.248014613999942, 36.884485662000031 ], [ -76.247491310999976, 36.884540320000042 ], [ -76.247105104999946, 36.884334164000052 ] ] ] ] } },
{ "type": "Feature", "properties": { "OBJECTID": 37, "UID": 37, "LEAGUE": "Fairmount Park", "PRES_ADDRE": "PO Box 7034", "MTG_FREQUE": "4th Thursday, except Nov and Dec", "MTG_TIME": "7:15 pm", "MTG_LOCATI": "New Hope Christian Center, 3241 Brest Av", "SHAPE_LENG": 23351.5267876, "NAME1": "Fairmount", "NAME2": "Park", "PRESIDENT": "Taylor Gould", "E_MAIL": "fpcivicleague@gmail.com", "created_user": null, "created_date": null, "last_edited_user": "WTILGHM", "last_edited_date": "2024-02-20T15:14:27Z", "Shape_Length": 0.070643785620502331, "Shape_Area": 0.00022638829227508069 }, "geometry": { "type": "MultiPolygon", "coordinates": [ [ [ [ -76.256048459999988, 36.889219240000045 ], [ -76.255428964999965, 36.889002041000026 ], [ -76.254166487999953, 36.888984353000069 ], [ -76.254165987999954, 36.888982363000025 ], [ -76.254150378999952, 36.888920232000032 ], [ -76.254141626999967, 36.888873774000047 ], [ -76.253575104999982, 36.888805151000042 ], [ -76.252788635999934, 36.888995043000079 ], [ -76.252806819999989, 36.889059713000051 ], [ -76.252903363999962, 36.889403083000047 ], [ -76.252845287999946, 36.889377933000048 ], [ -76.252822915999957, 36.889346719000059 ], [ -76.252796884999952, 36.889316850000057 ], [ -76.252180324999983, 36.888609357000064 ], [ -76.252148265999949, 36.888573157000053 ], [ -76.252147592999961, 36.888571795000075 ], [ -76.251879537999969, 36.888029398000072 ], [ -76.251709017999985, 36.887693462000072 ], [ -76.251754924999943, 36.887597515000039 ], [ -76.251858626999933, 36.887338897000063 ], [ -76.251915517999976, 36.887206355000046 ], [ -76.252018482999972, 36.886946570000077 ], [ -76.252158194999936, 36.886610216000065 ], [ -76.252256272999944, 36.88598432200007 ], [ -76.252302332999989, 36.885710112000027 ], [ -76.252299562999951, 36.885708062000049 ], [ -76.252299869999945, 36.88570609900006 ], [ -76.252154319999988, 36.885600605000036 ], [ -76.251878881999971, 36.885396823000065 ], [ -76.251726812999948, 36.885098959000061 ], [ -76.251639439999963, 36.884899192000034 ], [ -76.251425560999962, 36.884486638000055 ], [ -76.251362210999957, 36.88444592500008 ], [ -76.251302632999966, 36.884403416000055 ], [ -76.251195648999953, 36.884334711000065 ], [ -76.250759586999948, 36.884022292000054 ], [ -76.250554430999955, 36.883882426000071 ], [ -76.250460498999985, 36.883893985000043 ], [ -76.250352418999967, 36.883914960000027 ], [ -76.250350702999981, 36.883905115000061 ], [ -76.250346649999983, 36.883905278000043 ], [ -76.250306629999955, 36.88373024100008 ], [ -76.250298555999962, 36.883692717000031 ], [ -76.250291798999967, 36.883661312000072 ], [ -76.250223759999983, 36.883345076000069 ], [ -76.250210580999976, 36.883293562000063 ], [ -76.250205868999956, 36.883271947000026 ], [ -76.25018995299996, 36.88328081700007 ], [ -76.250183529999958, 36.883284397000068 ], [ -76.250180425999986, 36.883268306000048 ], [ -76.250167285999964, 36.883220598000037 ], [ -76.250164622999989, 36.883206986000062 ], [ -76.25014895399994, 36.883148108000057 ], [ -76.25019767699996, 36.883111228000075 ], [ -76.250266782999972, 36.88305745100007 ], [ -76.250294803999964, 36.883036103000052 ], [ -76.250328365999962, 36.88301143800004 ], [ -76.250355687999956, 36.882991735000076 ], [ -76.25050476399997, 36.882881954000027 ], [ -76.250505952999958, 36.88288093400007 ], [ -76.250588267999944, 36.882810325000037 ], [ -76.250609428999951, 36.882794025000067 ], [ -76.25061655899998, 36.882786144000079 ], [ -76.250681820999944, 36.882709860000034 ], [ -76.250896387999944, 36.882478391000063 ], [ -76.250920970999971, 36.882451418000073 ], [ -76.251135566999949, 36.882215927000061 ], [ -76.251135046999934, 36.88218044000007 ], [ -76.251140257999964, 36.882004724000069 ], [ -76.251141272999973, 36.882000473000062 ], [ -76.25117867199998, 36.881843792000041 ], [ -76.251062615999956, 36.881390039000053 ], [ -76.250969119999979, 36.881024487000047 ], [ -76.2510893, 36.881005391000031 ], [ -76.251292756999987, 36.880969307000044 ], [ -76.251280599999973, 36.88088722100008 ], [ -76.251253201999987, 36.880764635000048 ], [ -76.251222189999964, 36.880640897000035 ], [ -76.251146657999982, 36.880314265000038 ], [ -76.251097744999981, 36.880143188000034 ], [ -76.250731369999983, 36.87868633000005 ], [ -76.250710542999968, 36.878585704000045 ], [ -76.250708979999956, 36.878578150000067 ], [ -76.250708397999972, 36.878577836000034 ], [ -76.25052, 36.878476631000069 ], [ -76.250521843999934, 36.878474797000024 ], [ -76.250518513999964, 36.878473008000071 ], [ -76.25090599899994, 36.878076552000039 ], [ -76.250556991999986, 36.87783096000004 ], [ -76.250839608999968, 36.877539862000049 ], [ -76.250755496999943, 36.877346900000077 ], [ -76.250756328999955, 36.877346104000026 ], [ -76.250766054999985, 36.87733680000008 ], [ -76.25079944099997, 36.877302178000036 ], [ -76.251353714999937, 36.87672721000007 ], [ -76.251378612999986, 36.876701571000069 ], [ -76.251474917999985, 36.876601699000048 ], [ -76.251711630999978, 36.876356219000058 ], [ -76.251960551999957, 36.876074350000067 ], [ -76.252030671999989, 36.87599244300003 ], [ -76.252033338999979, 36.87598932700007 ], [ -76.252136269999937, 36.875875430000065 ], [ -76.252324127999941, 36.875767755000027 ], [ -76.252702862999968, 36.875402318000056 ], [ -76.253153371999986, 36.874903764000067 ], [ -76.25349319299994, 36.87451463900004 ], [ -76.254083030999936, 36.873997044000077 ], [ -76.254678695999985, 36.873282432000053 ], [ -76.255051726999966, 36.872944885000038 ], [ -76.255052019999937, 36.872944579000034 ], [ -76.255061969999986, 36.872935630000029 ], [ -76.255357365999942, 36.872625471000049 ], [ -76.255411381999977, 36.872568754000042 ], [ -76.255463276999933, 36.872500220000063 ], [ -76.255592415999956, 36.872329672000035 ], [ -76.255748361999963, 36.872164913000063 ], [ -76.255748448999952, 36.872164821000069 ], [ -76.255748562999941, 36.872164700000042 ], [ -76.256038308999962, 36.871858574000044 ], [ -76.256156868999938, 36.871736201000033 ], [ -76.25734321799996, 36.870665944000052 ], [ -76.257700281999973, 36.870204605000026 ], [ -76.258043373999953, 36.869800922000024 ], [ -76.258161284999971, 36.869587592000073 ], [ -76.258846707999965, 36.868610238000031 ], [ -76.259780989999967, 36.867697622000037 ], [ -76.26049915599998, 36.866998832000036 ], [ -76.261081529999956, 36.86642889500007 ], [ -76.262063855999941, 36.865561588000048 ], [ -76.262538374999963, 36.866104936000056 ], [ -76.262692861999938, 36.866199917000074 ], [ -76.264315030999967, 36.867195819000074 ], [ -76.265618508999978, 36.867868314000077 ], [ -76.266174242999966, 36.868155683000055 ], [ -76.267719424999939, 36.868749642000068 ], [ -76.267797017999953, 36.868785459000037 ], [ -76.26669931899994, 36.869948717000057 ], [ -76.266010567999956, 36.870926052000073 ], [ -76.265294082999958, 36.872959912000056 ], [ -76.263122387999942, 36.878764327000056 ], [ -76.262790476999953, 36.879649530000052 ], [ -76.262180468999986, 36.881192992000024 ], [ -76.259868842999936, 36.88743558200008 ], [ -76.259298203999947, 36.889095595000072 ], [ -76.259290161999957, 36.889119839000045 ], [ -76.259123937999959, 36.889621010000042 ], [ -76.259025734999966, 36.889922437000052 ], [ -76.258936890999962, 36.89012303800007 ], [ -76.258727692999969, 36.890621066000051 ], [ -76.258164761999979, 36.891642362000027 ], [ -76.258060518999969, 36.891492885000048 ], [ -76.257460219999984, 36.891086381000036 ], [ -76.256442000999982, 36.890392801000075 ], [ -76.256807599999945, 36.889814860000058 ], [ -76.256048459999988, 36.889219240000045 ] ] ] ] } },
{ "type": "Feature", "properties": { "OBJECTID": 38, "UID": 38, "LEAGUE": "Oakmont North Home Owners", "PRES_ADDRE": "1308 Oakmont Place", "MTG_FREQUE": "2nd Monday", "MTG_TIME": "6:00pm", "MTG_LOCATI": "Norview Community Center", "SHAPE_LENG": 2476.9330983, "NAME1": "First Oakmont", "NAME2": "North", "PRESIDENT": "Gretchen Simpson", "E_MAIL": "glsimpson2@cox.net", "created_user": null, "created_date": null, "last_edited_user": "WTILGHM", "last_edited_date": "2024-02-19T18:21:55Z", "Shape_Length": 0.0080160129765838601, "Shape_Area": 3.1338008909406754e-06 }, "geometry": { "type": "MultiPolygon", "coordinates": [ [ [ [ -76.238035863999983, 36.908457399000042 ], [ -76.237809201999937, 36.907798469000056 ], [ -76.238107494999952, 36.907776736000073 ], [ -76.238158784999939, 36.907777723000038 ], [ -76.238179298999967, 36.907778117000078 ], [ -76.238540962999934, 36.907811177000042 ], [ -76.238701563999939, 36.907817701000056 ], [ -76.238927070999978, 36.907827534000035 ], [ -76.239033147999976, 36.907826828000054 ], [ -76.239289777999943, 36.907825582000044 ], [ -76.239691732999972, 36.907769436000024 ], [ -76.239942157999963, 36.907746778000046 ], [ -76.240248252999947, 36.907716487000073 ], [ -76.240341078999961, 36.90827045900005 ], [ -76.240405231999944, 36.908653307000066 ], [ -76.239854595999986, 36.908732783000062 ], [ -76.239751463999937, 36.908749345000047 ], [ -76.239476937999939, 36.908777034000025 ], [ -76.239281915999982, 36.908892109000078 ], [ -76.239269139999976, 36.909320456000046 ], [ -76.239171555999974, 36.90960980400007 ], [ -76.238531462999958, 36.909734859000025 ], [ -76.238530568999977, 36.909732950000034 ], [ -76.238503990999959, 36.909676226000045 ], [ -76.238328826999975, 36.909302366000077 ], [ -76.238035863999983, 36.908457399000042 ] ] ] ] } },
{ "type": "Feature", "properties": { "OBJECTID": 39, "UID": 39, "LEAGUE": "Fox Hall", "PRES_ADDRE": "No Information Available", "MTG_FREQUE": "No Information Available", "MTG_TIME": "unknown", "MTG_LOCATI": "No Information Available", "SHAPE_LENG": 25070.0292137, "NAME1": "Fox Hall", "NAME2": "", "PRESIDENT": "No Information", "E_MAIL": "None", "created_user": null, "created_date": null, "last_edited_user": "WTILGHM", "last_edited_date": "2024-02-20T04:49:32Z", "Shape_Length": 0.080859500982941951, "Shape_Area": 0.00020525042921981006 }, "geometry": { "type": "MultiPolygon", "coordinates": [ [ [ [ -76.212516474999973, 36.879475328000069 ], [ -76.211523411999963, 36.878157834000035 ], [ -76.210624664999955, 36.876096244000053 ], [ -76.210627357999954, 36.876075455000034 ], [ -76.210713848999944, 36.875407692000067 ], [ -76.210890580999944, 36.875217443000054 ], [ -76.211067290999949, 36.875027880000061 ], [ -76.211242424999966, 36.875003817000049 ], [ -76.211517724999965, 36.874842701000034 ], [ -76.211512940999967, 36.874820728000032 ], [ -76.211502394999968, 36.874772289000077 ], [ -76.211045792999982, 36.874286624000035 ], [ -76.210893875999943, 36.874115392000078 ], [ -76.210874217999958, 36.873610193000047 ], [ -76.210875631999954, 36.873601748000056 ], [ -76.210970559999964, 36.873034718000042 ], [ -76.211056527999972, 36.872521197000026 ], [ -76.211087148999979, 36.872338281000054 ], [ -76.211087909999947, 36.872313061000057 ], [ -76.211152714999969, 36.870166047000055 ], [ -76.211928802999978, 36.870129814000052 ], [ -76.211916545999941, 36.870043968000061 ], [ -76.211893862999943, 36.869746083000052 ], [ -76.211879407999959, 36.869624459000079 ], [ -76.212934771999983, 36.868761634000066 ], [ -76.213674151999953, 36.869047906000048 ], [ -76.214389270999959, 36.869548344000066 ], [ -76.214388222999958, 36.869942697000056 ], [ -76.214397752999957, 36.869962042000054 ], [ -76.214823987999978, 36.869965706000073 ], [ -76.214825567999981, 36.869913274000055 ], [ -76.214831325999967, 36.869664004000072 ], [ -76.215102377999983, 36.86917657500004 ], [ -76.215115669999989, 36.869205144000034 ], [ -76.215188228999978, 36.869341757000029 ], [ -76.215293997999936, 36.869537876000038 ], [ -76.215354814999955, 36.869669006000038 ], [ -76.215499355999953, 36.869973062000042 ], [ -76.215512889999957, 36.870000120000043 ], [ -76.215704357999982, 36.870328804000053 ], [ -76.215961600999947, 36.870887124000035 ], [ -76.216108091999956, 36.871057139000072 ], [ -76.216111360999946, 36.871060141000044 ], [ -76.216667790999963, 36.871649481000077 ], [ -76.216755650999971, 36.871733235000079 ], [ -76.216870473999961, 36.871857310000053 ], [ -76.216887844999974, 36.87206111200004 ], [ -76.216914609999947, 36.872287295000035 ], [ -76.216922198999953, 36.872940826000047 ], [ -76.216924786999982, 36.873059777000037 ], [ -76.216712822999966, 36.873291332000065 ], [ -76.216400741999962, 36.87360007400008 ], [ -76.216196614999944, 36.873798752000027 ], [ -76.21616893099997, 36.873830032000058 ], [ -76.216153219999967, 36.873853204000056 ], [ -76.216130304999979, 36.873917381000069 ], [ -76.216078864999986, 36.874070670000037 ], [ -76.216056783999989, 36.874136466000039 ], [ -76.216053253999974, 36.874146984000049 ], [ -76.216033092999965, 36.874211112000069 ], [ -76.215913697999952, 36.874567959000046 ], [ -76.215888371999938, 36.874638315000027 ], [ -76.215855545999943, 36.874736132000066 ], [ -76.215764303999947, 36.875008019000063 ], [ -76.215782229999945, 36.875001982000072 ], [ -76.215856488999975, 36.874980222000033 ], [ -76.216012883999952, 36.874934393000046 ], [ -76.216036475999942, 36.874927592000063 ], [ -76.216038951999963, 36.874926754000057 ], [ -76.216055198999982, 36.874921993000044 ], [ -76.216085434999968, 36.874911024000028 ], [ -76.216261408999969, 36.874851474000025 ], [ -76.216320654999947, 36.87482569000008 ], [ -76.216351578999934, 36.874814472000025 ], [ -76.216515160999961, 36.874741258000029 ], [ -76.21667518199996, 36.874672012000076 ], [ -76.216881197999953, 36.874568880000027 ], [ -76.217638912999973, 36.87415704600005 ], [ -76.219372897999961, 36.873211730000037 ], [ -76.219768780999971, 36.872998180000025 ], [ -76.219982357999982, 36.872876551000047 ], [ -76.22019643699997, 36.872754634000046 ], [ -76.220391997999968, 36.872647692000044 ], [ -76.220632548999959, 36.872513299000047 ], [ -76.221270695999976, 36.872156770000061 ], [ -76.221372582999948, 36.872099350000042 ], [ -76.221691379999982, 36.871907235000037 ], [ -76.221863488999986, 36.871803516000057 ], [ -76.221904289999941, 36.87156772000003 ], [ -76.221983169999987, 36.87113041300006 ], [ -76.221992890999957, 36.871010503000036 ], [ -76.222126568999954, 36.87088973200008 ], [ -76.222413537999955, 36.87065799800007 ], [ -76.222615110999982, 36.870538177000071 ], [ -76.222613367999941, 36.870410155000059 ], [ -76.222607837999988, 36.870317453000041 ], [ -76.222589884999934, 36.870136177000063 ], [ -76.222583549999968, 36.870072208000067 ], [ -76.222579376999988, 36.86995999800007 ], [ -76.222568905999935, 36.869678511000075 ], [ -76.222546818999945, 36.869498141000065 ], [ -76.222491769999976, 36.869107584000062 ], [ -76.222488175999956, 36.869084412000063 ], [ -76.222424531999934, 36.869011034000039 ], [ -76.222328955999956, 36.86892264200003 ], [ -76.222269169999947, 36.868867351000063 ], [ -76.222260469999981, 36.868861258000038 ], [ -76.222235932999979, 36.868838654000058 ], [ -76.222214174999976, 36.868825603000062 ], [ -76.222120625999935, 36.868763317000059 ], [ -76.222047704999966, 36.868725744000074 ], [ -76.22201836399995, 36.868708143000049 ], [ -76.221993544999975, 36.868694752000067 ], [ -76.221992616999955, 36.868692698000075 ], [ -76.22198739199996, 36.868689564000078 ], [ -76.221981489999962, 36.868668068000034 ], [ -76.221980038999959, 36.868664855000077 ], [ -76.221964706999984, 36.868606937000038 ], [ -76.221899239999971, 36.868368481000061 ], [ -76.221863323999969, 36.868244096000069 ], [ -76.221801290999963, 36.86803128400004 ], [ -76.221691379999982, 36.867685014000074 ], [ -76.221653946999936, 36.867556941000032 ], [ -76.221651865999945, 36.867549819000033 ], [ -76.221527997999942, 36.867126008000071 ], [ -76.221480401999941, 36.866948941000032 ], [ -76.221270543999935, 36.866422144000069 ], [ -76.221261016999961, 36.866419539000049 ], [ -76.221258303999946, 36.86641299300004 ], [ -76.221474382999986, 36.866268325000078 ], [ -76.221867501999952, 36.865956966000056 ], [ -76.22242999499997, 36.865526307000039 ], [ -76.222456594999983, 36.865526823000039 ], [ -76.22254716599997, 36.865296201000035 ], [ -76.222582866999971, 36.865208026000062 ], [ -76.222612229999982, 36.86513326000005 ], [ -76.22283509, 36.864582830000074 ], [ -76.223308209999971, 36.863369229000057 ], [ -76.223349321999933, 36.863256360000037 ], [ -76.223369360999982, 36.863205331000074 ], [ -76.22350189399998, 36.862841463000052 ], [ -76.223544005999941, 36.862727052000025 ], [ -76.223548944999948, 36.862719571000071 ], [ -76.223564803999977, 36.862707646000047 ], [ -76.223573622999936, 36.862685187000068 ], [ -76.223986238999942, 36.862389815000029 ], [ -76.224138553999978, 36.862572820000025 ], [ -76.224207039999953, 36.862655105000044 ], [ -76.224232859999972, 36.862695539000072 ], [ -76.224311765999971, 36.862803174000078 ], [ -76.224525980999942, 36.863201938000032 ], [ -76.224822181999969, 36.86373420700005 ], [ -76.225085596999975, 36.864269818000025 ], [ -76.22527925199995, 36.864646770000036 ], [ -76.225432311999953, 36.864928717000055 ], [ -76.225679319999983, 36.865400196000053 ], [ -76.225694768999972, 36.865431561000037 ], [ -76.225739542999975, 36.865513780000072 ], [ -76.226152401999968, 36.866337100000067 ], [ -76.226409774999979, 36.866826058000072 ], [ -76.226809169999967, 36.867584820000047 ], [ -76.227445632999945, 36.86879392700007 ], [ -76.227435890999971, 36.868799444000047 ], [ -76.227419146999978, 36.868808928000078 ], [ -76.229375206999975, 36.867845543000044 ], [ -76.229441356999985, 36.867812464000053 ], [ -76.229471702999945, 36.867794878000041 ], [ -76.229711528999985, 36.86813512100008 ], [ -76.230528411999956, 36.869187449000037 ], [ -76.230561842999975, 36.869233014000031 ], [ -76.230581169999937, 36.869257957000059 ], [ -76.230975414999989, 36.869795822000071 ], [ -76.231197119999933, 36.870044647000043 ], [ -76.231508305999967, 36.870385815000077 ], [ -76.231704253999965, 36.870579857000052 ], [ -76.231883628999981, 36.870756407000044 ], [ -76.232147556999962, 36.870957580000038 ], [ -76.232045881999966, 36.871113066000078 ], [ -76.229900880999935, 36.874392079000074 ], [ -76.227849119999973, 36.877585427000042 ], [ -76.227548639999952, 36.878052628000034 ], [ -76.227305752999939, 36.87843044400006 ], [ -76.227299810999966, 36.878439674000049 ], [ -76.227081458999976, 36.878780126000038 ], [ -76.226954860999967, 36.878979901000037 ], [ -76.226895270999989, 36.879073935000065 ], [ -76.226795678999963, 36.879231091000065 ], [ -76.226058063999972, 36.879213321000066 ], [ -76.226054750999936, 36.879213442000037 ], [ -76.226051920999964, 36.87921334300006 ], [ -76.22604677399994, 36.879213733000029 ], [ -76.225989215999959, 36.879215832000057 ], [ -76.225952228999972, 36.87922089500006 ], [ -76.225668543999973, 36.879270236000025 ], [ -76.22525679499995, 36.879350791000036 ], [ -76.224011365999957, 36.879611634000071 ], [ -76.222970247999967, 36.879827378000073 ], [ -76.222620089999964, 36.879899937000062 ], [ -76.221495588999971, 36.880130105000035 ], [ -76.220321633999959, 36.880357845000049 ], [ -76.220018785999969, 36.880435185000067 ], [ -76.219471917999954, 36.880574841000055 ], [ -76.219184300999984, 36.880648290000067 ], [ -76.219032045999938, 36.880712499000026 ], [ -76.218746650999947, 36.88083285700003 ], [ -76.218422879999935, 36.880969397000058 ], [ -76.218120862999967, 36.881096763000073 ], [ -76.218002265999985, 36.881155729000056 ], [ -76.217609466999988, 36.88135102800004 ], [ -76.217188646999944, 36.881560256000057 ], [ -76.217093149999982, 36.881607736000035 ], [ -76.216775963999964, 36.881798089000029 ], [ -76.216398208999976, 36.88202478900007 ], [ -76.216184084999952, 36.88215328900003 ], [ -76.216182900999968, 36.882192597000028 ], [ -76.216182140999933, 36.882217816000036 ], [ -76.215669920999972, 36.882078042000046 ], [ -76.215126271999964, 36.881846305000067 ], [ -76.21451194399998, 36.881433435000076 ], [ -76.213948096999957, 36.880994354000052 ], [ -76.213314385, 36.880347368000059 ], [ -76.212516474999973, 36.879475328000069 ] ] ] ] } },
{ "type": "Feature", "properties": { "OBJECTID": 40, "UID": 40, "LEAGUE": "Freemason Street Area Association", "PRES_ADDRE": "312 College Place", "MTG_FREQUE": "3rd Wednesday of Jan. March May July Se", "MTG_TIME": "7:00 pm", "MTG_LOCATI": "Blocker YMCA", "SHAPE_LENG": 7928.45110535, "NAME1": "Freemason", "NAME2": "Street", "PRESIDENT": "Jack Kavanaugh", "E_MAIL": "Ocs1062@cox.net", "created_user": null, "created_date": null, "last_edited_user": "WTILGHM", "last_edited_date": "2024-02-20T04:13:07Z", "Shape_Length": 0.025346077601890706, "Shape_Area": 3.0317441552318392e-05 }, "geometry": { "type": "MultiPolygon", "coordinates": [ [ [ [ -76.29763879799998, 36.853482986000074 ], [ -76.297648970999944, 36.853383617000077 ], [ -76.296657961999983, 36.853412805000062 ], [ -76.296067726, 36.853444601000035 ], [ -76.296060745999966, 36.853444470000056 ], [ -76.293561717999978, 36.853590309000026 ], [ -76.292801905999966, 36.853629572000045 ], [ -76.291908837999983, 36.853663793000067 ], [ -76.291905024999949, 36.853663939000057 ], [ -76.291904236999983, 36.853643515000044 ], [ -76.291881564999983, 36.852955406000035 ], [ -76.291882799999939, 36.85294538100004 ], [ -76.29189506199998, 36.852845812000055 ], [ -76.291911181999978, 36.852744011000027 ], [ -76.292280835999975, 36.852024282000059 ], [ -76.292270321, 36.852020964000076 ], [ -76.291339755999957, 36.851727393000033 ], [ -76.291190920999952, 36.851644216000068 ], [ -76.29148831699996, 36.85106337700006 ], [ -76.291844181999977, 36.85036969600003 ], [ -76.292111247999969, 36.84984557000007 ], [ -76.292223578999938, 36.84962199000006 ], [ -76.292311169999948, 36.849463861000061 ], [ -76.292366001999937, 36.84936594800007 ], [ -76.292426621999937, 36.849257151000074 ], [ -76.292451576999952, 36.849214378000056 ], [ -76.292486430999986, 36.849149977000025 ], [ -76.292535200999964, 36.849062181000079 ], [ -76.29258439299997, 36.848975012000039 ], [ -76.29301449999997, 36.848193135000031 ], [ -76.293131692999964, 36.848028225000064 ], [ -76.293231571999968, 36.847888535000038 ], [ -76.293306959999938, 36.847804933000077 ], [ -76.293367426999964, 36.84772980300005 ], [ -76.293415913, 36.84767318300004 ], [ -76.293492508999975, 36.847525769000072 ], [ -76.293504500999973, 36.847502387000077 ], [ -76.29350458, 36.84750241200004 ], [ -76.293507920999957, 36.847503449000044 ], [ -76.296284544999935, 36.848364268000068 ], [ -76.296702764999964, 36.848578469000074 ], [ -76.297865236999939, 36.849173840000049 ], [ -76.29787201299996, 36.849177310000073 ], [ -76.297661330999972, 36.849787594000077 ], [ -76.297417524999958, 36.850493811000035 ], [ -76.297248502999935, 36.85125769900003 ], [ -76.297246357999938, 36.851267388000053 ], [ -76.297375397999986, 36.852743509000049 ], [ -76.298457115999952, 36.852674366000031 ], [ -76.298721447999981, 36.853342228000031 ], [ -76.298604729999965, 36.853471812000066 ], [ -76.298384075999934, 36.853792712000029 ], [ -76.298214160999976, 36.853997433000075 ], [ -76.298148124999955, 36.853970705000052 ], [ -76.298173516999952, 36.853891254000075 ], [ -76.298174960999972, 36.853841500000044 ], [ -76.298139987999946, 36.853791064000063 ], [ -76.298069189999978, 36.853719459000047 ], [ -76.297983654999939, 36.85365343400008 ], [ -76.297793442999989, 36.853553236000039 ], [ -76.29763879799998, 36.853482986000074 ] ] ] ] } },
{ "type": "Feature", "properties": { "OBJECTID": 41, "UID": 41, "LEAGUE": "Ghent Neighborhood League", "PRES_ADDRE": "P.O. Box 11431", "MTG_FREQUE": "3rd Wednesday", "MTG_TIME": "6:00 pm", "MTG_LOCATI": "The Williams School, 419 Colonial Ave, Norfolk, Virginia 23507", "SHAPE_LENG": 16343.8005923, "NAME1": "Ghent", "NAME2": "Neighborhood", "PRESIDENT": "Willie V Ward III", "E_MAIL": "Admin@ghentneighborhoodleague.org", "created_user": null, "created_date": null, "last_edited_user": "WTILGHM", "last_edited_date": "2024-02-20T04:13:07Z", "Shape_Length": 0.058431489624868715, "Shape_Area": 0.00013853408143148677 }, "geometry": { "type": "MultiPolygon", "coordinates": [ [ [ [ -76.29363370599998, 36.855765961000031 ], [ -76.293616846999953, 36.85557194900008 ], [ -76.293469979999941, 36.855582002000062 ], [ -76.293019915999935, 36.855618511000046 ], [ -76.292829463999965, 36.855633377000061 ], [ -76.292657943999984, 36.855643591000046 ], [ -76.292649296999969, 36.855515964000062 ], [ -76.292599434999943, 36.854774594000048 ], [ -76.292567607999956, 36.854269843000054 ], [ -76.292690854999989, 36.854263917000026 ], [ -76.293119503999947, 36.854219085000068 ], [ -76.294655646999956, 36.853827592000073 ], [ -76.29511605099998, 36.853777807000029 ], [ -76.296049598999957, 36.853719013000045 ], [ -76.296643773999961, 36.85369677400007 ], [ -76.297048401999973, 36.853722078000033 ], [ -76.297341678999942, 36.853781410000067 ], [ -76.297654858999977, 36.85391134300005 ], [ -76.298551153999938, 36.85436222900006 ], [ -76.299841525999966, 36.855017614000076 ], [ -76.300381350999942, 36.85550095800005 ], [ -76.30281266999998, 36.858489046000045 ], [ -76.303196678999939, 36.858866960000057 ], [ -76.304262033999976, 36.859386212000061 ], [ -76.304962092999972, 36.859588378000069 ], [ -76.305384387999936, 36.859767711000075 ], [ -76.305618204999973, 36.859861483000032 ], [ -76.305943982999963, 36.860101733000079 ], [ -76.306165326999974, 36.860368926000035 ], [ -76.306319482999982, 36.860713163000071 ], [ -76.306303474999936, 36.861266637000028 ], [ -76.306302745999972, 36.861291857000026 ], [ -76.30601833299994, 36.862022836000051 ], [ -76.305469652999989, 36.862906164000037 ], [ -76.30499376299997, 36.863369041000055 ], [ -76.304797059999942, 36.863517870000067 ], [ -76.304689717999963, 36.86359021800007 ], [ -76.304609116999984, 36.863633437000033 ], [ -76.304508228999964, 36.863682575000041 ], [ -76.30428048999994, 36.863758909000069 ], [ -76.303950304999944, 36.863828980000051 ], [ -76.303530332999969, 36.863852959000042 ], [ -76.303396071999941, 36.863863542000047 ], [ -76.303306513999985, 36.863888929000041 ], [ -76.30305720299998, 36.864036250000026 ], [ -76.30292936099994, 36.86407396900006 ], [ -76.30267205399997, 36.864149884000028 ], [ -76.302523586999939, 36.864202100000057 ], [ -76.302318161999949, 36.86431576800004 ], [ -76.302191064999988, 36.864427649000049 ], [ -76.302013944999942, 36.864596135000056 ], [ -76.301594310999974, 36.865079969000078 ], [ -76.301337921999959, 36.865408132000027 ], [ -76.301032211999939, 36.865833900000041 ], [ -76.300635577999969, 36.86642333900005 ], [ -76.300428711999984, 36.866840504000038 ], [ -76.300377363999985, 36.867073749000042 ], [ -76.30035901499997, 36.867234813000039 ], [ -76.300363472999948, 36.867434766000031 ], [ -76.300371263999978, 36.867487299000061 ], [ -76.30037185499998, 36.867499486000042 ], [ -76.300375836999933, 36.867518130000065 ], [ -76.300426042999959, 36.86775325800005 ], [ -76.300580883999942, 36.868427199000052 ], [ -76.30074080299994, 36.869106767000062 ], [ -76.300890056999947, 36.869792929000027 ], [ -76.301045205999969, 36.870456540000077 ], [ -76.301190063999968, 36.871121398000071 ], [ -76.300592545999962, 36.871208431000071 ], [ -76.300471340999934, 36.871223223000072 ], [ -76.300229079999951, 36.871242836000079 ], [ -76.299938160999943, 36.871251811000036 ], [ -76.299791161999963, 36.871250432000068 ], [ -76.299572610999974, 36.871240158000035 ], [ -76.299354318999974, 36.871220959000027 ], [ -76.299211216999936, 36.871203168000079 ], [ -76.299068233999947, 36.871181257000046 ], [ -76.298996781999961, 36.871168929000078 ], [ -76.298925369999949, 36.871155227000031 ], [ -76.298853976999965, 36.871140840000066 ], [ -76.298643398999957, 36.87109156300005 ], [ -76.298507709999967, 36.871053991000053 ], [ -76.298334864999958, 36.871000613000035 ], [ -76.298273944999949, 36.87097886600003 ], [ -76.296854563999943, 36.870462411000062 ], [ -76.296539306999989, 36.870343605000073 ], [ -76.296565830999953, 36.870298318000039 ], [ -76.296595902999968, 36.87024064700006 ], [ -76.294075281999937, 36.869081347000076 ], [ -76.292191331999959, 36.868254028000024 ], [ -76.292268069999977, 36.868079134000027 ], [ -76.293174903999954, 36.865945492000037 ], [ -76.294166777999976, 36.863584601000071 ], [ -76.296488325999974, 36.858879663000039 ], [ -76.295482403999983, 36.858434947000035 ], [ -76.294959202999962, 36.85820327600004 ], [ -76.293183979999981, 36.857408230000033 ], [ -76.293740302999936, 36.856617412000048 ], [ -76.29380198399997, 36.856537485000047 ], [ -76.293932175999942, 36.85634675600005 ], [ -76.294003074999978, 36.856276301000037 ], [ -76.294090867999955, 36.856202385000074 ], [ -76.293964554999945, 36.856164829000079 ], [ -76.293888041999935, 36.856125123000027 ], [ -76.293853320999972, 36.85611239900004 ], [ -76.293787562999967, 36.856075926000074 ], [ -76.293733159999988, 36.856035819000056 ], [ -76.293700017999981, 36.855998772000078 ], [ -76.293644118999964, 36.855910465000079 ], [ -76.29363370599998, 36.855765961000031 ] ] ] ] } },
{ "type": "Feature", "properties": { "OBJECTID": 42, "UID": 42, "LEAGUE": "Ghent Square Comminuty Association", "PRES_ADDRE": "852 Mowbray Arch", "MTG_FREQUE": "3rd Thursday", "MTG_TIME": "5:30 pm", "MTG_LOCATI": "852 Mowbray Arch", "SHAPE_LENG": 8391.6864902199995, "NAME1": "Ghent", "NAME2": "Square", "PRESIDENT": "Steven Roche", "E_MAIL": "ghentsquare@outlook.com", "created_user": null, "created_date": null, "last_edited_user": "WTILGHM", "last_edited_date": "2024-02-20T04:13:07Z", "Shape_Length": 0.025268826648551509, "Shape_Area": 3.6180241253139322e-05 }, "geometry": { "type": "MultiPolygon", "coordinates": [ [ [ [ -76.291926574999934, 36.857030189000056 ], [ -76.292039874999944, 36.85685290300006 ], [ -76.29224619699994, 36.856973008000068 ], [ -76.293183979999981, 36.857408230000033 ], [ -76.294959202999962, 36.85820327600004 ], [ -76.295482403999983, 36.858434947000035 ], [ -76.296488325999974, 36.858879663000039 ], [ -76.294166777999976, 36.863584601000071 ], [ -76.293174903999954, 36.865945492000037 ], [ -76.291724489999979, 36.865145539000025 ], [ -76.290395927999953, 36.864389071000062 ], [ -76.289985533999982, 36.864157439000053 ], [ -76.289855225999986, 36.864096834000065 ], [ -76.289803787999972, 36.864070967000032 ], [ -76.289739270999974, 36.864046164000058 ], [ -76.289664781999988, 36.864019766000069 ], [ -76.289587415999961, 36.863996127000064 ], [ -76.289518398999974, 36.863977290000037 ], [ -76.289475701999947, 36.863967814000034 ], [ -76.289378430999989, 36.863947636000034 ], [ -76.288943960999973, 36.863878900000032 ], [ -76.289083944999959, 36.863533993000033 ], [ -76.289135128999988, 36.863420253000072 ], [ -76.289244270999973, 36.863194963000069 ], [ -76.28930220899997, 36.863084098000058 ], [ -76.289424879999956, 36.862863870000069 ], [ -76.289557620999972, 36.862650012000074 ], [ -76.28975750799998, 36.862343643000031 ], [ -76.289792016999968, 36.862280224000074 ], [ -76.290186125999981, 36.861497642000074 ], [ -76.290369645999988, 36.861066324000035 ], [ -76.290424968999957, 36.860929834000046 ], [ -76.290458057999956, 36.860848198000042 ], [ -76.290658061999977, 36.860270785000068 ], [ -76.290675419999957, 36.860230861000048 ], [ -76.290732771999956, 36.860067430000072 ], [ -76.290801177999981, 36.859846854000068 ], [ -76.290832059999957, 36.859753861000058 ], [ -76.290847001999964, 36.859692261000077 ], [ -76.290968178999947, 36.859251562000054 ], [ -76.291013728999985, 36.859074924000026 ], [ -76.291034195999941, 36.858995557000071 ], [ -76.291056070999957, 36.858910729000058 ], [ -76.291062115999978, 36.858887282000069 ], [ -76.291117227999962, 36.858654810000075 ], [ -76.291134333999935, 36.85858846900004 ], [ -76.29113780299997, 36.858549186000062 ], [ -76.291144389999943, 36.858427299000027 ], [ -76.291147844999955, 36.858388183000045 ], [ -76.291160016999982, 36.858250351000038 ], [ -76.291161880999937, 36.858229255000026 ], [ -76.291173145999949, 36.85810170600007 ], [ -76.291174902999956, 36.858080202000053 ], [ -76.291175644999953, 36.858073404000038 ], [ -76.291183670999942, 36.857982522000043 ], [ -76.291183779999983, 36.857976287000042 ], [ -76.291189114999952, 36.857920888000024 ], [ -76.291190403999963, 36.857906324000055 ], [ -76.291196161999949, 36.857874483000046 ], [ -76.291243764999933, 36.85776265800007 ], [ -76.291243922999968, 36.857762286000025 ], [ -76.291258433999985, 36.857727644000079 ], [ -76.291294280999978, 36.857635987000037 ], [ -76.291363105999949, 36.857527470000036 ], [ -76.29148242499997, 36.857391379000035 ], [ -76.291686724999977, 36.857165796000061 ], [ -76.291808079999953, 36.85710763600008 ], [ -76.291926574999934, 36.857030189000056 ] ] ] ] } },
{ "type": "Feature", "properties": { "OBJECTID": 43, "UID": 43, "LEAGUE": "Glengariff", "PRES_ADDRE": "No Information Available", "MTG_FREQUE": "No Information Available", "MTG_TIME": "unknown", "MTG_LOCATI": "No Information Available", "SHAPE_LENG": 10161.372801199999, "NAME1": "Glengariff", "NAME2": "", "PRESIDENT": "Don Rattz", "E_MAIL": "donrattz@yahoo.com", "created_user": null, "created_date": null, "last_edited_user": "WTILGHM", "last_edited_date": "2024-02-19T18:21:55Z", "Shape_Length": 0.032031739087107096, "Shape_Area": 5.2705464917844238e-05 }, "geometry": { "type": "MultiPolygon", "coordinates": [ [ [ [ -76.210954516999948, 36.906782225000029 ], [ -76.209089804999962, 36.906674460000033 ], [ -76.209058699999957, 36.90668484300005 ], [ -76.208640402999947, 36.906569239000078 ], [ -76.208349572999964, 36.906489689000068 ], [ -76.208213624999985, 36.906421229000046 ], [ -76.208077237999987, 36.90635254700004 ], [ -76.20805302399998, 36.906340354000065 ], [ -76.20752033399998, 36.906081795000034 ], [ -76.207462858999975, 36.906053897000049 ], [ -76.207032373999937, 36.905844945000069 ], [ -76.206933381999988, 36.905796887000065 ], [ -76.206870812999966, 36.905766511000024 ], [ -76.206866205999972, 36.90576427600007 ], [ -76.206854202999978, 36.905758433000074 ], [ -76.206606602999955, 36.905637646000059 ], [ -76.20649650699994, 36.904753576000076 ], [ -76.206500184999982, 36.904751758000032 ], [ -76.207889189999946, 36.90406504200007 ], [ -76.208329443999958, 36.903081808000024 ], [ -76.208756465999954, 36.902649174000032 ], [ -76.210027223999987, 36.901351746000046 ], [ -76.211443208999981, 36.900001499000041 ], [ -76.212855703999935, 36.898651853000047 ], [ -76.213114342999972, 36.89801605100007 ], [ -76.215432301999954, 36.897652847000074 ], [ -76.215642271999968, 36.89777762500006 ], [ -76.215538297999956, 36.897979743000064 ], [ -76.215541847999987, 36.898090706000062 ], [ -76.215548473999945, 36.898174889000074 ], [ -76.21554875299995, 36.898236403000055 ], [ -76.215543175999983, 36.89829187600003 ], [ -76.215532684999971, 36.898336947000075 ], [ -76.215517097999964, 36.898380689000078 ], [ -76.215500733999988, 36.898422564000043 ], [ -76.215486709999936, 36.898446439000054 ], [ -76.215479716999937, 36.898464079000064 ], [ -76.215445336999949, 36.898517687000037 ], [ -76.215390636999985, 36.898586218000048 ], [ -76.216667731999962, 36.899251278000065 ], [ -76.217179349999981, 36.899537578000036 ], [ -76.217554189999987, 36.899748379000073 ], [ -76.217555976999961, 36.899749395000072 ], [ -76.217377760999966, 36.899895199000071 ], [ -76.217125499999952, 36.900101579000079 ], [ -76.21698635499996, 36.900195522000047 ], [ -76.216983500999959, 36.900197449000075 ], [ -76.216925703999948, 36.900244790000045 ], [ -76.216863075999981, 36.900295663000065 ], [ -76.21685892499994, 36.900299035000046 ], [ -76.216659454999956, 36.90045948900007 ], [ -76.216579755999987, 36.900523519000046 ], [ -76.21646885499996, 36.900612614000067 ], [ -76.216450790999943, 36.900700857000061 ], [ -76.216311408999957, 36.901381738000055 ], [ -76.215598396999951, 36.902139497000064 ], [ -76.214941213999964, 36.902690349000068 ], [ -76.214955122999982, 36.902702536000049 ], [ -76.215001257999972, 36.902854554000044 ], [ -76.215066546999935, 36.903063874000054 ], [ -76.215271771999937, 36.903791467000076 ], [ -76.213941588999944, 36.905908738000051 ], [ -76.213083643999937, 36.906454678000046 ], [ -76.212883802999954, 36.906582516000071 ], [ -76.212655470999948, 36.906716353000036 ], [ -76.212488679999979, 36.906806930000073 ], [ -76.212398442999984, 36.906853523000052 ], [ -76.21235571699998, 36.906877893000058 ], [ -76.212223760999962, 36.906868736000035 ], [ -76.211904953999976, 36.906846613000027 ], [ -76.211397623999972, 36.906811404000052 ], [ -76.210954516999948, 36.906782225000029 ] ] ] ] } },
{ "type": "Feature", "properties": { "OBJECTID": 44, "UID": 44, "LEAGUE": "Glenrock", "PRES_ADDRE": "No Information Available", "MTG_FREQUE": "4th Thursday", "MTG_TIME": "6:30 pm", "MTG_LOCATI": "VFW, 5728 Bartee Street", "SHAPE_LENG": 10616.501583, "NAME1": "Glenrock", "NAME2": "", "PRESIDENT": "David Hicks", "E_MAIL": "wewatchglenrock@live.com", "created_user": null, "created_date": null, "last_edited_user": null, "last_edited_date": null, "Shape_Length": 0.035490005301260251, "Shape_Area": 5.2805127745552153e-05 }, "geometry": { "type": "MultiPolygon", "coordinates": [ [ [ [ -76.210056413999951, 36.848907194000049 ], [ -76.20461851999994, 36.848871784000039 ], [ -76.203899811999975, 36.849124234000044 ], [ -76.202993209999988, 36.849372320000043 ], [ -76.20041105599995, 36.850310862000072 ], [ -76.199740174999988, 36.850563538000074 ], [ -76.199415211999963, 36.850740465000058 ], [ -76.199073623999936, 36.850909713000078 ], [ -76.19786486199996, 36.851625352000042 ], [ -76.197350352999933, 36.851955117000045 ], [ -76.196472369999981, 36.850572531000068 ], [ -76.196485394999968, 36.850387955000031 ], [ -76.196617429999947, 36.850387825000041 ], [ -76.196424529999945, 36.850101238000036 ], [ -76.19656781499998, 36.84909467600005 ], [ -76.196957339999983, 36.848505390000071 ], [ -76.197228173999974, 36.848181577000048 ], [ -76.197502397999983, 36.847939979000046 ], [ -76.198226593999948, 36.847492478000049 ], [ -76.198424483999986, 36.847314180000069 ], [ -76.198630415999958, 36.847117198000035 ], [ -76.198779366999986, 36.846891693000032 ], [ -76.198988565999969, 36.846639844000038 ], [ -76.199150423999981, 36.84646495800007 ], [ -76.199447881999959, 36.846223743000053 ], [ -76.205683274999956, 36.844976822000035 ], [ -76.207146296999952, 36.844605340000044 ], [ -76.207358668999973, 36.84455141400008 ], [ -76.207491815999958, 36.844517605000078 ], [ -76.207628989999989, 36.844503111000051 ], [ -76.207775934999972, 36.844504606000044 ], [ -76.207966692999946, 36.844526874000053 ], [ -76.208153410999955, 36.844569669000066 ], [ -76.20833904999995, 36.84464815900003 ], [ -76.208994944999972, 36.844888993000041 ], [ -76.209744201999968, 36.845207884000047 ], [ -76.209789225999941, 36.845432920000064 ], [ -76.209778272999984, 36.845766777000051 ], [ -76.209763815999963, 36.846754654000051 ], [ -76.209738889999983, 36.846855727000047 ], [ -76.209738129999948, 36.846880946000056 ], [ -76.209488354999962, 36.847576851000042 ], [ -76.209480586999973, 36.847598495000057 ], [ -76.209712885999977, 36.847717043000046 ], [ -76.210038567999959, 36.847912966000024 ], [ -76.210056413999951, 36.848907194000049 ] ] ] ] } },
{ "type": "Feature", "properties": { "OBJECTID": 45, "UID": 45, "LEAGUE": "Glenwood Park", "PRES_ADDRE": "PO Box 9727", "MTG_FREQUE": "1st Thursday of each month", "MTG_TIME": "6:00 pm", "MTG_LOCATI": "133 Woodview Avenue Norfolk, VA (social hall)", "SHAPE_LENG": 10424.586710600001, "NAME1": "Glenwood", "NAME2": "Park", "PRESIDENT": "Patricia Fugate", "E_MAIL": "No information available", "created_user": null, "created_date": null, "last_edited_user": "NORFOLKGIS", "last_edited_date": "2019-07-30T19:13:10Z", "Shape_Length": 0.03514306540915127, "Shape_Area": 6.4731218917194147e-05 }, "geometry": { "type": "MultiPolygon", "coordinates": [ [ [ [ -76.310138582999969, 36.926728486000059 ], [ -76.317365969999969, 36.926308127000027 ], [ -76.317428974999984, 36.926734448000047 ], [ -76.317517122999959, 36.927535638000052 ], [ -76.317577068999981, 36.928364997000074 ], [ -76.317672301999949, 36.929930003000038 ], [ -76.317840989, 36.931440051000038 ], [ -76.317895083999986, 36.931807569000057 ], [ -76.317684330999953, 36.931814190000068 ], [ -76.316151983999987, 36.931899018000024 ], [ -76.314367087999983, 36.931985093000037 ], [ -76.312856656999941, 36.932082209000043 ], [ -76.310766041999955, 36.932210240000074 ], [ -76.307110867999938, 36.932398170000056 ], [ -76.306285874999958, 36.932453197000029 ], [ -76.306529951999948, 36.931667380000079 ], [ -76.305321701999958, 36.930478684000036 ], [ -76.305305407999981, 36.929941245000066 ], [ -76.305498756999953, 36.929326035000031 ], [ -76.305977161999976, 36.928881573000069 ], [ -76.306051906999983, 36.928753479000079 ], [ -76.306137550999949, 36.928722639000057 ], [ -76.306119700999943, 36.928675181000074 ], [ -76.305814299999952, 36.927792671000077 ], [ -76.305570707999948, 36.927587797000058 ], [ -76.30620145599994, 36.927378554000029 ], [ -76.306467354999938, 36.926944622000065 ], [ -76.307315779999954, 36.926842127000043 ], [ -76.310138582999969, 36.926728486000059 ] ] ] ] } },
{ "type": "Feature", "properties": { "OBJECTID": 46, "UID": 46, "LEAGUE": "Grandy Village Advisory Council", "PRES_ADDRE": "No Information Available", "MTG_FREQUE": "No information Available", "MTG_TIME": "5:00 pm", "MTG_LOCATI": "No information Available", "SHAPE_LENG": 6696.54549769, "NAME1": "Grandy", "NAME2": "Village", "PRESIDENT": "No information", "E_MAIL": "grandyvillagetmc@yahoo.com", "created_user": null, "created_date": null, "last_edited_user": "WTILGHM", "last_edited_date": "2024-02-20T05:41:09Z", "Shape_Length": 0.026031117575637103, "Shape_Area": 2.6301108262311104e-05 }, "geometry": { "type": "MultiPolygon", "coordinates": [ [ [ [ -76.24522240999994, 36.843200461000038 ], [ -76.245065195999985, 36.843158807000066 ], [ -76.244980363999957, 36.843174403000035 ], [ -76.24494148399998, 36.843178413000032 ], [ -76.244918465999945, 36.843080580000048 ], [ -76.244918025999937, 36.843078711000032 ], [ -76.244934589999957, 36.842976244000056 ], [ -76.245046453999976, 36.842703337000046 ], [ -76.245320929999934, 36.842143999000029 ], [ -76.24548185499998, 36.841855558000077 ], [ -76.245494157999985, 36.841836052000076 ], [ -76.245764053999949, 36.841342672000053 ], [ -76.245990081999935, 36.840922811000041 ], [ -76.246026059999963, 36.840841827000077 ], [ -76.246108698999933, 36.840661256000033 ], [ -76.246170480999979, 36.840525713000034 ], [ -76.246292195999956, 36.840274444000045 ], [ -76.246306503999961, 36.84024428400005 ], [ -76.246393654999963, 36.840052810000032 ], [ -76.246452598999952, 36.83991504200003 ], [ -76.246821770999986, 36.839096828000038 ], [ -76.246876073999942, 36.83910996600008 ], [ -76.246899282999948, 36.839115580000055 ], [ -76.247367011999984, 36.839213700000073 ], [ -76.248439897999958, 36.839486117000035 ], [ -76.248993798999948, 36.839613963000033 ], [ -76.249412230999951, 36.839723612000057 ], [ -76.249414075999937, 36.83974936900006 ], [ -76.249417794999943, 36.839881311000056 ], [ -76.249416547999942, 36.83988435200007 ], [ -76.249816952999936, 36.839945983000064 ], [ -76.250162508999949, 36.839999170000056 ], [ -76.25035620999995, 36.840029824000055 ], [ -76.250506645999963, 36.840052137000043 ], [ -76.251141679999989, 36.840146324000045 ], [ -76.252111090999961, 36.840318530000047 ], [ -76.253734302999987, 36.84059363700004 ], [ -76.25376136999995, 36.840597154000079 ], [ -76.25372241599996, 36.840740087000029 ], [ -76.253633248999961, 36.841076026000053 ], [ -76.253576965999969, 36.841360137000038 ], [ -76.253566289999981, 36.841395659000057 ], [ -76.253474084999937, 36.841702454000028 ], [ -76.253472829999964, 36.84184175300004 ], [ -76.25337731999997, 36.842238657000053 ], [ -76.253276279999966, 36.842617078000046 ], [ -76.253159220999976, 36.843052584000077 ], [ -76.253094308999948, 36.843291328000078 ], [ -76.252672535999977, 36.843228701000044 ], [ -76.252183409999986, 36.84315239600005 ], [ -76.252196909999952, 36.843086192000044 ], [ -76.252242925999951, 36.842904198000042 ], [ -76.25198198399994, 36.842864304000045 ], [ -76.251203933999989, 36.84274491900004 ], [ -76.251080175999959, 36.842723671000044 ], [ -76.251173310999945, 36.842354020000073 ], [ -76.250637685999948, 36.842260938000038 ], [ -76.250607396999953, 36.842173338000066 ], [ -76.250475512999969, 36.841797082000028 ], [ -76.250254084999938, 36.84186598000008 ], [ -76.250022170999955, 36.842010881000078 ], [ -76.249892743999965, 36.842129874000079 ], [ -76.249854456999969, 36.842180631000076 ], [ -76.249775841999963, 36.842277350000074 ], [ -76.24975816999995, 36.84231139700006 ], [ -76.249666053999988, 36.842488861000049 ], [ -76.249658647999979, 36.842503131000058 ], [ -76.249633936999942, 36.842570949000049 ], [ -76.249599549999971, 36.842790572000069 ], [ -76.24961185799998, 36.842963963000045 ], [ -76.249614898999937, 36.843068495000068 ], [ -76.249569435999945, 36.843171692000055 ], [ -76.249510910999959, 36.843727286000046 ], [ -76.249554504999935, 36.844322060000025 ], [ -76.24941211099997, 36.844280050000066 ], [ -76.249151885999936, 36.844200096000066 ], [ -76.245592453999961, 36.843299088000038 ], [ -76.24522240999994, 36.843200461000038 ] ] ] ] } },
{ "type": "Feature", "properties": { "OBJECTID": 47, "UID": 47, "LEAGUE": "Greater Pinewell", "PRES_ADDRE": "9500 Hammett Parkway", "MTG_FREQUE": "3rd Tuesday, September through July", "MTG_TIME": "7:00 pm", "MTG_LOCATI": "Miles Memorial United Methodist Church", "SHAPE_LENG": 9460.6242147400008, "NAME1": "Greater", "NAME2": "Pinewell", "PRESIDENT": "Jerome (J.C) Brinker", "E_MAIL": "burns228@cox.net", "created_user": null, "created_date": null, "last_edited_user": "WTILGHM", "last_edited_date": "2024-02-14T13:58:16Z", "Shape_Length": 0.029022465922066462, "Shape_Area": 4.1347188850543875e-05 }, "geometry": { "type": "MultiPolygon", "coordinates": [ [ [ [ -76.248651021999933, 36.953363551000052 ], [ -76.248154814999964, 36.953812276000065 ], [ -76.24809000099998, 36.95378269400004 ], [ -76.248020230999941, 36.953742265000074 ], [ -76.247920570999952, 36.953683799000032 ], [ -76.247686330999954, 36.953491808000024 ], [ -76.247644491999949, 36.953457322000077 ], [ -76.247509565999962, 36.953345554000066 ], [ -76.247371803999954, 36.95325843300003 ], [ -76.24723277399994, 36.953213873000038 ], [ -76.247229985999979, 36.95320459900006 ], [ -76.247221679999939, 36.953165658000046 ], [ -76.24721913999997, 36.953153752000048 ], [ -76.247086180999986, 36.953044027000033 ], [ -76.246986988999936, 36.952960526000027 ], [ -76.246956707999971, 36.952942774000064 ], [ -76.246764338999981, 36.952830799000026 ], [ -76.246638217999987, 36.952756603000068 ], [ -76.246239754999976, 36.952448798000034 ], [ -76.246041697999942, 36.952308771000048 ], [ -76.245900244999973, 36.952208209000048 ], [ -76.245765905999974, 36.952121152000075 ], [ -76.245527471999935, 36.951966162000076 ], [ -76.245166887999972, 36.951710397000056 ], [ -76.245610171999942, 36.951313464000066 ], [ -76.246591136999939, 36.95043584900003 ], [ -76.246394073999966, 36.950297866000028 ], [ -76.246305329999984, 36.950246738000033 ], [ -76.246382749999952, 36.950166372000069 ], [ -76.246297143999982, 36.950114969000026 ], [ -76.248165061999941, 36.948453334000078 ], [ -76.250313408999943, 36.946538313000076 ], [ -76.25033098199998, 36.946522852000044 ], [ -76.250362259999974, 36.946506965000026 ], [ -76.250393355999961, 36.946497258000079 ], [ -76.250431169999956, 36.946491799000057 ], [ -76.25046195799996, 36.946492388000024 ], [ -76.250485823999952, 36.946495593000066 ], [ -76.250536608999937, 36.946514423000053 ], [ -76.250829516999943, 36.946683129000064 ], [ -76.251021479999963, 36.946805415000028 ], [ -76.251388696999982, 36.946983351000029 ], [ -76.252476582999975, 36.947350318000076 ], [ -76.253784157999974, 36.947581356000057 ], [ -76.25526432099997, 36.94776415900003 ], [ -76.256600419999984, 36.947957245000055 ], [ -76.256778301999987, 36.94807671600006 ], [ -76.251544887999955, 36.95256183500004 ], [ -76.249586773999965, 36.952562845000045 ], [ -76.24928812099995, 36.952782117000027 ], [ -76.24903151999996, 36.953019376000043 ], [ -76.248875770999973, 36.953158654000049 ], [ -76.248651021999933, 36.953363551000052 ] ] ] ] } },
{ "type": "Feature", "properties": { "OBJECTID": 48, "UID": 48, "LEAGUE": "Greenhill Farms", "PRES_ADDRE": "6325 Glenoak Drive", "MTG_FREQUE": "3rd Tuesday, September through June", "MTG_TIME": "6:30 pm", "MTG_LOCATI": "Norview Recreation Center", "SHAPE_LENG": 11488.5187621, "NAME1": "Greenhill", "NAME2": "Farms", "PRESIDENT": "Earl Fraley", "E_MAIL": "fraleyearl@aol.com", "created_user": null, "created_date": null, "last_edited_user": "WTILGHM", "last_edited_date": "2024-02-19T19:54:15Z", "Shape_Length": 0.025854392565316384, "Shape_Area": 3.6082723235197457e-05 }, "geometry": { "type": "MultiPolygon", "coordinates": [ [ [ [ -76.248911791999944, 36.898571339000057 ], [ -76.248921417999952, 36.898343133000026 ], [ -76.24892951399994, 36.898263247000045 ], [ -76.24894007499995, 36.898118013000044 ], [ -76.248962780999989, 36.897934981000049 ], [ -76.248972670999933, 36.897837401000061 ], [ -76.249002311999959, 36.897582569000065 ], [ -76.249068291999947, 36.897475469000028 ], [ -76.249087281999948, 36.897413917000051 ], [ -76.249090029999934, 36.897403563000069 ], [ -76.249099109999975, 36.897375579000027 ], [ -76.249136671999963, 36.897253833000036 ], [ -76.249295036999968, 36.896708802000035 ], [ -76.249328042999934, 36.896593576000043 ], [ -76.249194532999979, 36.896208929000068 ], [ -76.249130265999952, 36.896036855000034 ], [ -76.248993279, 36.895650264000039 ], [ -76.248945073999948, 36.895497521000038 ], [ -76.248953676999975, 36.895484201000045 ], [ -76.248999456999968, 36.895396185000038 ], [ -76.249091233999934, 36.895270607000043 ], [ -76.249095992999969, 36.895263861000046 ], [ -76.249311721999959, 36.894929853000065 ], [ -76.249450701999933, 36.89470502100005 ], [ -76.249500684999987, 36.894620231000033 ], [ -76.24954514999996, 36.894555924000031 ], [ -76.249558601999979, 36.894532749000064 ], [ -76.249571266999965, 36.894517515000075 ], [ -76.249572761999957, 36.894515182000077 ], [ -76.249577391999935, 36.894478642000024 ], [ -76.249610493999967, 36.89438221000006 ], [ -76.24961637399997, 36.89435949500006 ], [ -76.249803223999947, 36.893796535000035 ], [ -76.24982117199994, 36.893728517000056 ], [ -76.249839518999977, 36.893687181000075 ], [ -76.249844792999966, 36.893671290000043 ], [ -76.249846482999942, 36.893671491000077 ], [ -76.249847178999971, 36.893669923000061 ], [ -76.249938327999985, 36.893680738000057 ], [ -76.250015172999952, 36.893440799000075 ], [ -76.250083461999964, 36.893227585000034 ], [ -76.250085661999947, 36.893220910000025 ], [ -76.250075040999945, 36.893143733000045 ], [ -76.250151682999956, 36.893020664000062 ], [ -76.250236428999983, 36.892901076000044 ], [ -76.25030613399997, 36.892805813000052 ], [ -76.250362369999948, 36.892730867000068 ], [ -76.250491313999987, 36.892549926000072 ], [ -76.250935425999955, 36.891925409000066 ], [ -76.251061134999986, 36.891752111000073 ], [ -76.251134405999949, 36.891649705000077 ], [ -76.251157170999988, 36.89161972100004 ], [ -76.251333651999971, 36.891376431000026 ], [ -76.251721704999966, 36.891351231000044 ], [ -76.251992540999936, 36.891338021000024 ], [ -76.252046347999965, 36.891300820000026 ], [ -76.252255758999979, 36.891164127000025 ], [ -76.252264174999937, 36.891158567000048 ], [ -76.252272561999973, 36.891156730000034 ], [ -76.25227986799996, 36.891153514000052 ], [ -76.252291032999949, 36.891152685000066 ], [ -76.252541790999942, 36.891097762000072 ], [ -76.252741625999988, 36.891050608000057 ], [ -76.253009846999987, 36.891004582000051 ], [ -76.253142023999942, 36.890430012000024 ], [ -76.253153888999975, 36.890348934000031 ], [ -76.25317973999995, 36.890229283000053 ], [ -76.253476415999955, 36.890274921000071 ], [ -76.253478592999954, 36.890275256000052 ], [ -76.253725619999955, 36.890668048000066 ], [ -76.253762563999942, 36.891251861000057 ], [ -76.254283598999962, 36.891627726000024 ], [ -76.254144695999969, 36.892007465000063 ], [ -76.254258056999959, 36.892207112000051 ], [ -76.254567987999962, 36.892851705000055 ], [ -76.254738919999966, 36.893036295000059 ], [ -76.255041441999936, 36.893362969000066 ], [ -76.254931522999982, 36.894053921000079 ], [ -76.254766716999939, 36.894487906000052 ], [ -76.254537853999977, 36.895096799000044 ], [ -76.254559108999956, 36.895285996000041 ], [ -76.254650332999972, 36.89565809100003 ], [ -76.254777436999973, 36.895990568000059 ], [ -76.255177344999936, 36.897059455000033 ], [ -76.255376728999977, 36.897560249000037 ], [ -76.255270408999934, 36.897595719000037 ], [ -76.25524530399997, 36.897604095000077 ], [ -76.255241510999952, 36.897605095000074 ], [ -76.254597139999987, 36.897775100000047 ], [ -76.25366970999994, 36.898019752000039 ], [ -76.252888888999962, 36.898225197000045 ], [ -76.252138950999949, 36.898422509000056 ], [ -76.252017569999964, 36.898450016000027 ], [ -76.251945411999941, 36.898469337000051 ], [ -76.251773206999985, 36.898508627000069 ], [ -76.251563791999956, 36.89855207800008 ], [ -76.251491525999938, 36.898568099000045 ], [ -76.251184333999959, 36.898543323000069 ], [ -76.250985579999963, 36.898516624000024 ], [ -76.250958080999965, 36.89851070800006 ], [ -76.250788831999955, 36.89847429100007 ], [ -76.250752950999981, 36.898470393000025 ], [ -76.250428187999944, 36.898435106000079 ], [ -76.250093813999968, 36.898406039000065 ], [ -76.249973146999935, 36.898403729000051 ], [ -76.249853978999965, 36.89840188200003 ], [ -76.249763103999953, 36.898400473000038 ], [ -76.249702113999945, 36.898399535000067 ], [ -76.249701146999939, 36.898399525000059 ], [ -76.249675797999942, 36.898407903000077 ], [ -76.24961579099994, 36.898430581000071 ], [ -76.249531127999944, 36.898462576000043 ], [ -76.249418956999989, 36.89849864200005 ], [ -76.249271187999966, 36.898546153000041 ], [ -76.249156037999967, 36.898585382000078 ], [ -76.24913326799998, 36.898593402000074 ], [ -76.249065069999972, 36.898619506000045 ], [ -76.248989758999983, 36.898648932000071 ], [ -76.248907656999961, 36.898681876000069 ], [ -76.248909304999984, 36.898630293000053 ], [ -76.248911791999944, 36.898571339000057 ] ] ] ] } },
{ "type": "Feature", "properties": { "OBJECTID": 49, "UID": 49, "LEAGUE": "Greenwood and Elmhurst and Norview Heights", "PRES_ADDRE": "3314 Sewells Point Road", "MTG_FREQUE": "3rd Monday", "MTG_TIME": "7:00 pm", "MTG_LOCATI": "Upward Church, 3320 Sewells Point Road", "SHAPE_LENG": 22033.044991, "NAME1": "Greenwood/ Elmhurst", "NAME2": "Norview Heights", "PRESIDENT": "Jackie Rochelle", "E_MAIL": "greenwoodcivic1@aol.com", "created_user": null, "created_date": null, "last_edited_user": "WTILGHM", "last_edited_date": "2024-02-20T04:49:32Z", "Shape_Length": 0.072883709796826818, "Shape_Area": 0.00017922797126208921 }, "geometry": { "type": "MultiPolygon", "coordinates": [ [ [ [ -76.234918619999974, 36.884279186000072 ], [ -76.234736104999968, 36.884016152000072 ], [ -76.234646444999953, 36.884071559000063 ], [ -76.234606978999977, 36.88407907800007 ], [ -76.233326099999942, 36.884347867000031 ], [ -76.232959001999973, 36.884433911000031 ], [ -76.23254418199997, 36.88453566000004 ], [ -76.232541554999955, 36.884536252000032 ], [ -76.232530725999936, 36.884538694000071 ], [ -76.232530598999972, 36.884538721000069 ], [ -76.23252972399996, 36.884538818000067 ], [ -76.232260399999973, 36.884597651000036 ], [ -76.231922942999972, 36.884670048000032 ], [ -76.231609226999979, 36.884738593000066 ], [ -76.231357190999972, 36.88479284400006 ], [ -76.231282859999965, 36.884807366000075 ], [ -76.230909398999984, 36.884887484000046 ], [ -76.229436613999951, 36.885201712000026 ], [ -76.229212164999979, 36.885254837000048 ], [ -76.229158015999985, 36.88526822700004 ], [ -76.228911058999984, 36.885319308000078 ], [ -76.22865792999994, 36.885370859000034 ], [ -76.228582966999966, 36.885387170000058 ], [ -76.22827141199997, 36.885451611000065 ], [ -76.228063750999979, 36.885494562000076 ], [ -76.22792586099996, 36.885523082000077 ], [ -76.227813209999965, 36.885546300000044 ], [ -76.227809092999962, 36.885547233000068 ], [ -76.227692565999973, 36.885573642000054 ], [ -76.227475205999951, 36.885605574000067 ], [ -76.227215469999976, 36.885648422000031 ], [ -76.227189371999941, 36.885652697000069 ], [ -76.227103720999935, 36.885651288000076 ], [ -76.227099276999979, 36.885651402000065 ], [ -76.227026893999948, 36.885650362000035 ], [ -76.226897226999938, 36.885656521000044 ], [ -76.226888966999979, 36.885659519000058 ], [ -76.226883856999962, 36.885659761000056 ], [ -76.226606451999942, 36.885762051000029 ], [ -76.226275601999987, 36.88588160300003 ], [ -76.226136054999984, 36.885786956000061 ], [ -76.225864838999939, 36.885695875000067 ], [ -76.223295131999976, 36.884832854000024 ], [ -76.223159743999986, 36.884785585000031 ], [ -76.221930024999949, 36.884352134000039 ], [ -76.221260942999947, 36.884116289000076 ], [ -76.220224536999979, 36.883801080000069 ], [ -76.218726924999942, 36.883348180000041 ], [ -76.218171797999958, 36.883180295000045 ], [ -76.217563453999958, 36.882978259000026 ], [ -76.217070818999957, 36.882814648000078 ], [ -76.216544734999957, 36.882639925000035 ], [ -76.216398220999963, 36.882645834000073 ], [ -76.216383547999953, 36.882620315000054 ], [ -76.216372043999968, 36.882600307000075 ], [ -76.216182140999933, 36.882217816000036 ], [ -76.216182900999968, 36.882192597000028 ], [ -76.216184084999952, 36.88215328900003 ], [ -76.216398208999976, 36.88202478900007 ], [ -76.216775963999964, 36.881798089000029 ], [ -76.217093149999982, 36.881607736000035 ], [ -76.217188646999944, 36.881560256000057 ], [ -76.217609466999988, 36.88135102800004 ], [ -76.218002265999985, 36.881155729000056 ], [ -76.218120862999967, 36.881096763000073 ], [ -76.218422879999935, 36.880969397000058 ], [ -76.218746650999947, 36.88083285700003 ], [ -76.219032045999938, 36.880712499000026 ], [ -76.219184300999984, 36.880648290000067 ], [ -76.219471917999954, 36.880574841000055 ], [ -76.220018785999969, 36.880435185000067 ], [ -76.220321633999959, 36.880357845000049 ], [ -76.221495588999971, 36.880130105000035 ], [ -76.222620089999964, 36.879899937000062 ], [ -76.222970247999967, 36.879827378000073 ], [ -76.224011365999957, 36.879611634000071 ], [ -76.22525679499995, 36.879350791000036 ], [ -76.225668543999973, 36.879270236000025 ], [ -76.225952228999972, 36.87922089500006 ], [ -76.225989215999959, 36.879215832000057 ], [ -76.22604677399994, 36.879213733000029 ], [ -76.226051920999964, 36.87921334300006 ], [ -76.226054750999936, 36.879213442000037 ], [ -76.226058063999972, 36.879213321000066 ], [ -76.226795678999963, 36.879231091000065 ], [ -76.226895270999989, 36.879073935000065 ], [ -76.227199064999979, 36.879082869000058 ], [ -76.227472674999945, 36.87907754500003 ], [ -76.227863429999957, 36.879048012000055 ], [ -76.227919439999937, 36.879040453000073 ], [ -76.228047559999936, 36.879023163000056 ], [ -76.228907109999966, 36.878907158000061 ], [ -76.229156757999988, 36.878860906000057 ], [ -76.229980462999947, 36.87870829700006 ], [ -76.230351145999975, 36.87863769900008 ], [ -76.230645368999944, 36.878586923000057 ], [ -76.232168409999986, 36.87832406800004 ], [ -76.233229565999977, 36.878183720000038 ], [ -76.233275434999939, 36.878172262000078 ], [ -76.233367389999955, 36.878149289000078 ], [ -76.233543846999964, 36.878123822000077 ], [ -76.234982141999978, 36.877706291000038 ], [ -76.235502627999949, 36.877549381000051 ], [ -76.236096012999951, 36.877357393000068 ], [ -76.237174767999988, 36.87702044100007 ], [ -76.237325341999963, 36.876961651000045 ], [ -76.237359326999979, 36.876857370000039 ], [ -76.23737005199996, 36.876784617000055 ], [ -76.237348016999988, 36.876753321000024 ], [ -76.237352742999974, 36.876732320000031 ], [ -76.237347127999953, 36.876724014000047 ], [ -76.237366655999949, 36.87670793500007 ], [ -76.237605608999957, 36.876511175000076 ], [ -76.237928440999951, 36.876273425000079 ], [ -76.238095625999961, 36.876169882000056 ], [ -76.238419655999962, 36.876002559000028 ], [ -76.23843504499996, 36.87599674300003 ], [ -76.238520580999989, 36.875964417000034 ], [ -76.238603177999948, 36.875926753000044 ], [ -76.238679973999979, 36.875914205000072 ], [ -76.238975127999936, 36.87583414900007 ], [ -76.239283289999946, 36.875778894000064 ], [ -76.239298563999967, 36.87577755600006 ], [ -76.239311131999955, 36.875779647000059 ], [ -76.239312946999974, 36.875787686000024 ], [ -76.239312961999985, 36.87578774900004 ], [ -76.239335030999939, 36.875879119000047 ], [ -76.23933631999995, 36.875891166000031 ], [ -76.239338285999963, 36.875909543000034 ], [ -76.239403105999941, 36.876235096000073 ], [ -76.239468110999951, 36.876555181000072 ], [ -76.239551587999983, 36.876576640000053 ], [ -76.239714196999955, 36.876612016000024 ], [ -76.239782346999959, 36.876626844000043 ], [ -76.239859325999987, 36.87664359300004 ], [ -76.240018991999989, 36.87667833200004 ], [ -76.240082722999944, 36.876692199000047 ], [ -76.240125615999943, 36.876700573000051 ], [ -76.240128422999987, 36.876700648000053 ], [ -76.240129540999988, 36.876710109000044 ], [ -76.240129557999978, 36.876710244000037 ], [ -76.240130595999972, 36.876718489000041 ], [ -76.240176421999934, 36.87708245500005 ], [ -76.24031340099998, 36.877829674000054 ], [ -76.240346870999986, 36.878012247000072 ], [ -76.240402785999947, 36.878448318000039 ], [ -76.240438131999952, 36.87872726900008 ], [ -76.240454056999965, 36.878852949000077 ], [ -76.240468781999937, 36.878947833000041 ], [ -76.240478609999968, 36.879011154000068 ], [ -76.240672288999974, 36.879326214000059 ], [ -76.240773895999951, 36.879372378000028 ], [ -76.240773986999955, 36.879372418000059 ], [ -76.241016902999945, 36.879481647000034 ], [ -76.241021454999952, 36.879484851000029 ], [ -76.241038130999982, 36.879492427000059 ], [ -76.241095512999948, 36.879536977000043 ], [ -76.24115033399994, 36.87957556200007 ], [ -76.241225653999948, 36.879636865000066 ], [ -76.241306979999933, 36.879722599000047 ], [ -76.241527481999981, 36.879951919000064 ], [ -76.24161552399994, 36.880031761000055 ], [ -76.241670144999944, 36.880081296000071 ], [ -76.241711958999986, 36.88012580000003 ], [ -76.241717299999948, 36.880130573000031 ], [ -76.241750615999933, 36.880157347000079 ], [ -76.241944784999987, 36.880332703000079 ], [ -76.24210984399997, 36.880476778000059 ], [ -76.242178860999957, 36.880537021000066 ], [ -76.242394854999986, 36.880688555000063 ], [ -76.242439715999978, 36.880727655000044 ], [ -76.242439837999939, 36.880727763000039 ], [ -76.242491831999985, 36.880773079000051 ], [ -76.242520042999956, 36.880798526000035 ], [ -76.242544461999955, 36.880820552000046 ], [ -76.242543121999972, 36.880859112000053 ], [ -76.242540671999961, 36.880908125000076 ], [ -76.242540617999964, 36.880909246000044 ], [ -76.242538785999955, 36.880947918000061 ], [ -76.242538614999944, 36.880950072000076 ], [ -76.242536475999941, 36.880977063000046 ], [ -76.242536973999961, 36.881045052000047 ], [ -76.242532412999935, 36.881203012000071 ], [ -76.242532088999951, 36.88135701300007 ], [ -76.242532087999962, 36.881357500000036 ], [ -76.242576617999987, 36.881453987000043 ], [ -76.24289397299998, 36.881910013000038 ], [ -76.243030937999947, 36.88212367400007 ], [ -76.243200094999963, 36.882355744000051 ], [ -76.243507552999972, 36.882797989000039 ], [ -76.243507602999955, 36.882798061000074 ], [ -76.243532601999959, 36.88283450800003 ], [ -76.243580709999947, 36.882932699000037 ], [ -76.243584644999942, 36.883164846000057 ], [ -76.243591078999941, 36.883215143000029 ], [ -76.243731004999972, 36.883301779000078 ], [ -76.244961309999951, 36.884019878000061 ], [ -76.244963310999935, 36.884023414000069 ], [ -76.244986284999982, 36.884069714000077 ], [ -76.244996909999941, 36.88409112800008 ], [ -76.245001804999958, 36.884083770000075 ], [ -76.245027954999955, 36.884044454000048 ], [ -76.245056391999981, 36.884001698000077 ], [ -76.245076635999965, 36.883970874000056 ], [ -76.245081714999969, 36.883963625000035 ], [ -76.245107876999953, 36.883924289000049 ], [ -76.245190071999957, 36.883800712000038 ], [ -76.245216739999989, 36.883769990000076 ], [ -76.245233497999948, 36.883752857000047 ], [ -76.245276644999933, 36.883707536000031 ], [ -76.245299250999949, 36.883682610000051 ], [ -76.245302899999956, 36.883679958000073 ], [ -76.245303866999961, 36.883678943000064 ], [ -76.245348189999959, 36.883646206000037 ], [ -76.245352800999967, 36.883642427000041 ], [ -76.245353657999942, 36.883642017000057 ], [ -76.245354241999962, 36.883641737000062 ], [ -76.24535876799996, 36.883638395000048 ], [ -76.245391109999957, 36.883623726000053 ], [ -76.245444683999949, 36.883605372000034 ], [ -76.245466526999962, 36.883597319000046 ], [ -76.245499262999942, 36.883589938000057 ], [ -76.245506345999956, 36.883589203000042 ], [ -76.245545940999989, 36.883583892000047 ], [ -76.24557189799998, 36.883582399000034 ], [ -76.245601552999972, 36.88358295200004 ], [ -76.24562698699998, 36.883584450000058 ], [ -76.245652809999967, 36.883587365000039 ], [ -76.245675827999946, 36.883591060000072 ], [ -76.245706125999959, 36.883598917000029 ], [ -76.245743002999973, 36.883612534000065 ], [ -76.245770008999955, 36.883622505000062 ], [ -76.245826421999936, 36.883643335000045 ], [ -76.245826111999975, 36.883643695000046 ], [ -76.245767558999944, 36.883711533000053 ], [ -76.24576781199994, 36.883711692000077 ], [ -76.245767544999978, 36.883712003000028 ], [ -76.245799808999948, 36.883732696000038 ], [ -76.245817011999975, 36.883742598000026 ], [ -76.245819929999982, 36.883744430000036 ], [ -76.245841137999946, 36.883756485000049 ], [ -76.245907493999937, 36.883794677000026 ], [ -76.245919655999955, 36.883804731000055 ], [ -76.245978528999956, 36.883835314000066 ], [ -76.24598360799996, 36.883837951000032 ], [ -76.245983874, 36.88383809000004 ], [ -76.245910661999972, 36.88392428700007 ], [ -76.24557656199994, 36.884348712000076 ], [ -76.245161850999978, 36.884842591000051 ], [ -76.24415449199995, 36.885934745000043 ], [ -76.243467819999978, 36.886482715000056 ], [ -76.242691430999969, 36.88708379500008 ], [ -76.24182789799994, 36.887699078000026 ], [ -76.240996847999952, 36.888375417000077 ], [ -76.240026902999944, 36.888955699000064 ], [ -76.239485416999969, 36.889265249000061 ], [ -76.239138213999979, 36.889454428000079 ], [ -76.238866955999981, 36.889614788000074 ], [ -76.238684995999961, 36.88972235600005 ], [ -76.238550789999977, 36.889506674000074 ], [ -76.238320729999941, 36.889136948000044 ], [ -76.23824686599994, 36.889018243000066 ], [ -76.238139034999961, 36.888845724000078 ], [ -76.238138785999979, 36.888845329000048 ], [ -76.238138606999939, 36.888845070000059 ], [ -76.238137333999987, 36.888843240000028 ], [ -76.238137062999954, 36.888842853000028 ], [ -76.238137030999951, 36.88884280700006 ], [ -76.238123970999936, 36.888824062000026 ], [ -76.238117356999965, 36.888814569000033 ], [ -76.238116728999955, 36.888813668000068 ], [ -76.238116595999941, 36.888813476000053 ], [ -76.238116219999938, 36.888812936000079 ], [ -76.238114939999946, 36.888811095000051 ], [ -76.238112556999965, 36.888807672000041 ], [ -76.238110240999958, 36.888804342000071 ], [ -76.238105279999957, 36.888797215000068 ], [ -76.238102824999942, 36.888793685000053 ], [ -76.238084926999989, 36.888767963000078 ], [ -76.237917452999966, 36.888527400000044 ], [ -76.237567990999935, 36.888027448000059 ], [ -76.237380214999973, 36.887762854000073 ], [ -76.237300119999986, 36.887650321000024 ], [ -76.237297479999938, 36.887646613000072 ], [ -76.237145539999972, 36.887432169000078 ], [ -76.237114868999981, 36.887388949000069 ], [ -76.237065366999957, 36.887319193000053 ], [ -76.236980720999952, 36.887199919000068 ], [ -76.236961660999953, 36.887173059000077 ], [ -76.236937866999938, 36.88713953000007 ], [ -76.23683368899998, 36.886992729000042 ], [ -76.236599124999941, 36.886662192000074 ], [ -76.236514391999947, 36.886542792000057 ], [ -76.235853198999962, 36.88562603500003 ], [ -76.235845946999973, 36.885615980000068 ], [ -76.235418195999955, 36.885022882000044 ], [ -76.235085173999948, 36.884519216000058 ], [ -76.235053388999972, 36.884473410000055 ], [ -76.234918619999974, 36.884279186000072 ] ] ] ] } },
{ "type": "Feature", "properties": { "OBJECTID": 50, "UID": 50, "LEAGUE": "Hewitt Farms", "PRES_ADDRE": "No Information Available", "MTG_FREQUE": "No Information Available", "MTG_TIME": "unknown", "MTG_LOCATI": "No Information Available", "SHAPE_LENG": 8716.8193596799993, "NAME1": "Hewitt", "NAME2": "Farms", "PRESIDENT": "No Information", "E_MAIL": "None", "created_user": null, "created_date": null, "last_edited_user": "WTILGHM", "last_edited_date": "2024-02-16T13:55:49Z", "Shape_Length": 0.02657943786131866, "Shape_Area": 3.3666672426214108e-05 }, "geometry": { "type": "MultiPolygon", "coordinates": [ [ [ [ -76.221448640999938, 36.929265936000036 ], [ -76.223022484999944, 36.925842819000025 ], [ -76.223324807999973, 36.925844565000034 ], [ -76.223381768999957, 36.92575832600005 ], [ -76.223715316999971, 36.925294725000072 ], [ -76.224139855999965, 36.924704641000062 ], [ -76.224336421999965, 36.924431417000051 ], [ -76.224335276999966, 36.924118061000058 ], [ -76.227652987999988, 36.923751149000054 ], [ -76.227860931999942, 36.923021471000027 ], [ -76.227947024999935, 36.923036549000074 ], [ -76.228041575999953, 36.923053107000044 ], [ -76.228000454999972, 36.923213151000027 ], [ -76.22821817099998, 36.92338047100003 ], [ -76.228629364999961, 36.92364673700007 ], [ -76.229828495999982, 36.924290083000074 ], [ -76.230744765999987, 36.925592981000079 ], [ -76.230782624999961, 36.925559910000061 ], [ -76.230824521999978, 36.925621462000038 ], [ -76.23070738399997, 36.926744967000047 ], [ -76.230650169999933, 36.926741354000058 ], [ -76.230502095999952, 36.926779927000041 ], [ -76.229924687999983, 36.927166751000073 ], [ -76.229502415999946, 36.927326189000041 ], [ -76.229288748999977, 36.927490340000077 ], [ -76.229148400999975, 36.927759336000065 ], [ -76.228853408999953, 36.927880408000078 ], [ -76.228580448999935, 36.92786852100005 ], [ -76.22808865199994, 36.928025565000041 ], [ -76.227867599999968, 36.92819933100003 ], [ -76.227114511999957, 36.928175830000043 ], [ -76.226780763999955, 36.928380278000077 ], [ -76.226778854999964, 36.928288122000026 ], [ -76.223247398999945, 36.928904790000047 ], [ -76.222906076999948, 36.929099129000065 ], [ -76.222617223999976, 36.92937308300003 ], [ -76.22267895899995, 36.929710148000026 ], [ -76.222471851999956, 36.92992220900004 ], [ -76.222470207999947, 36.929922504000047 ], [ -76.222469989, 36.929922726000029 ], [ -76.221979223999938, 36.930010665000054 ], [ -76.221726516999979, 36.929901462000032 ], [ -76.221448640999938, 36.929265936000036 ] ] ] ] } },
{ "type": "Feature", "properties": { "OBJECTID": 51, "UID": 51, "LEAGUE": "Highland Park", "PRES_ADDRE": "824 W 49th Street", "MTG_FREQUE": "2nd Thursday of each month", "MTG_TIME": "7:00 pm", "MTG_LOCATI": "Immanuel Presbyterian Church, 4700 Colley", "SHAPE_LENG": 12999.867335000001, "NAME1": "Highland", "NAME2": "Park", "PRESIDENT": "T Dale Ryder", "E_MAIL": "highlandpark_cl@yahoo.com", "created_user": null, "created_date": null, "last_edited_user": "WTILGHM", "last_edited_date": "2024-02-20T04:13:07Z", "Shape_Length": 0.039237667836311996, "Shape_Area": 6.4926474107097611e-05 }, "geometry": { "type": "MultiPolygon", "coordinates": [ [ [ [ -76.291710242999955, 36.889824839000028 ], [ -76.292033800999945, 36.887288235000028 ], [ -76.292611901999976, 36.886660756000026 ], [ -76.292775810999956, 36.886651072000063 ], [ -76.292778321999947, 36.886651075000032 ], [ -76.292778571999975, 36.886650909000025 ], [ -76.293275492999953, 36.88622566600003 ], [ -76.293263888999945, 36.885920057000078 ], [ -76.293403370999954, 36.885915605000037 ], [ -76.293404616999965, 36.88591258200006 ], [ -76.294000414999971, 36.884467895000057 ], [ -76.293890405999946, 36.883038120000037 ], [ -76.293844982999985, 36.882885418000058 ], [ -76.293884785999978, 36.882496955000079 ], [ -76.293898437999985, 36.88238900500005 ], [ -76.293907941999976, 36.882320606000064 ], [ -76.293910018999952, 36.882304008000062 ], [ -76.293948562999958, 36.881995835000055 ], [ -76.294108297999969, 36.880842175000055 ], [ -76.294131877999973, 36.880746180000074 ], [ -76.294093171999975, 36.880502766000063 ], [ -76.294091058999982, 36.880493423000075 ], [ -76.294089497999948, 36.880463 ], [ -76.294089270999962, 36.880459919000032 ], [ -76.29408934099996, 36.880459915000074 ], [ -76.294089313999962, 36.880459389000066 ], [ -76.294172704999937, 36.88045384600008 ], [ -76.294242145999988, 36.880451683000047 ], [ -76.294299941999952, 36.880448571000045 ], [ -76.294272967999973, 36.880200327000068 ], [ -76.294252325999935, 36.880066716000044 ], [ -76.294452622999984, 36.880057585000031 ], [ -76.29450940299995, 36.880053304000057 ], [ -76.294748304999985, 36.880035832000033 ], [ -76.295537918999969, 36.87999556300008 ], [ -76.295537985999943, 36.879995559000065 ], [ -76.295565005999947, 36.879994013000044 ], [ -76.29595477099997, 36.879968701000053 ], [ -76.296844330999988, 36.879920522000077 ], [ -76.297204749999935, 36.879900347000046 ], [ -76.297967425999957, 36.879856774000075 ], [ -76.298186801999975, 36.879845069000055 ], [ -76.298186765999958, 36.879844415000036 ], [ -76.298188848999985, 36.879844301000048 ], [ -76.298189271999945, 36.879844278000064 ], [ -76.298190766999937, 36.879899052000042 ], [ -76.298194351999939, 36.879946602000075 ], [ -76.298196929999961, 36.880024191000075 ], [ -76.298201654999957, 36.880120137000063 ], [ -76.298214518999941, 36.880345258000034 ], [ -76.298217036999972, 36.880407114000036 ], [ -76.29821729799994, 36.88041196000006 ], [ -76.29822613999994, 36.880576354000027 ], [ -76.298226144999944, 36.880576439000038 ], [ -76.298226580999938, 36.880584033000048 ], [ -76.298307781999938, 36.88198690400003 ], [ -76.29833638599996, 36.882609786000046 ], [ -76.298341937999965, 36.882800422000059 ], [ -76.298351872999945, 36.882939341000053 ], [ -76.298351879999984, 36.882939443000055 ], [ -76.298388288999945, 36.883377800000062 ], [ -76.29839547399996, 36.883505892000073 ], [ -76.298397169999987, 36.883527929000024 ], [ -76.298398888999941, 36.883583778000059 ], [ -76.298407644999941, 36.883819247000076 ], [ -76.298418019999986, 36.884098282000025 ], [ -76.29841860199997, 36.88422429600007 ], [ -76.298419788, 36.88426284500008 ], [ -76.298422015999961, 36.884308503000057 ], [ -76.298424275999935, 36.884408639000071 ], [ -76.298427017999984, 36.884497694000061 ], [ -76.298428608999984, 36.884549396000068 ], [ -76.298431793999953, 36.884652877000065 ], [ -76.298444589999974, 36.884812829000055 ], [ -76.298449896999955, 36.884955577000028 ], [ -76.298449542999947, 36.884957897000049 ], [ -76.298433949999946, 36.885042099000032 ], [ -76.298425341999973, 36.885106801000063 ], [ -76.298386984999979, 36.885349636000058 ], [ -76.298244265999983, 36.886146864000068 ], [ -76.298235604999945, 36.886191610000026 ], [ -76.298207997999953, 36.886349447000043 ], [ -76.298074544999963, 36.887112438000031 ], [ -76.298258411999939, 36.887110276000044 ], [ -76.298261184999944, 36.887110243000052 ], [ -76.298379287999978, 36.88710702000003 ], [ -76.298524603999965, 36.887100521000036 ], [ -76.298523621999948, 36.887109745000032 ], [ -76.298520418999942, 36.887139826000066 ], [ -76.298509827999965, 36.887256703000048 ], [ -76.298528284999975, 36.887269616000026 ], [ -76.298594650999974, 36.887314479000054 ], [ -76.29860632599997, 36.887323550000076 ], [ -76.298614916999952, 36.887330226000074 ], [ -76.298623261999978, 36.887565566000035 ], [ -76.298633812999981, 36.887803701000053 ], [ -76.298634191999952, 36.887809873000037 ], [ -76.298634511999978, 36.887819481000065 ], [ -76.298863227999959, 36.887814454000079 ], [ -76.299150615999963, 36.887809169000036 ], [ -76.299228485999947, 36.887808062000033 ], [ -76.299786306999977, 36.887797336000062 ], [ -76.299953938999977, 36.887798736000036 ], [ -76.299954394999986, 36.887798750000059 ], [ -76.300182688999939, 36.887797839000029 ], [ -76.299733251999953, 36.888452701000062 ], [ -76.299695858999939, 36.888563503000057 ], [ -76.299695738999958, 36.888563846000068 ], [ -76.298886118999974, 36.889184868000029 ], [ -76.298623049999946, 36.889335776000053 ], [ -76.298171174999936, 36.889588195000044 ], [ -76.297988541999985, 36.889699193000069 ], [ -76.297947242999953, 36.889724294000075 ], [ -76.297675696999988, 36.889886290000049 ], [ -76.297127909999972, 36.890065930000048 ], [ -76.296430123999983, 36.89112640500008 ], [ -76.295396750999942, 36.89148085000005 ], [ -76.294551421999984, 36.89181022300005 ], [ -76.29386023099994, 36.89229827500003 ], [ -76.293859486999963, 36.892298571000026 ], [ -76.293824618999963, 36.892312316000073 ], [ -76.293824209999968, 36.892312477000075 ], [ -76.293791560999978, 36.892325348000043 ], [ -76.293769126999962, 36.892334317000063 ], [ -76.293659781999963, 36.892377571000054 ], [ -76.293605385999967, 36.892399089000037 ], [ -76.293585879999966, 36.892406771000026 ], [ -76.293523812999979, 36.89243143200008 ], [ -76.293494719999956, 36.892442905000053 ], [ -76.290394785999979, 36.892007576000026 ], [ -76.290846580999983, 36.89023645900005 ], [ -76.291710242999955, 36.889824839000028 ] ] ] ] } },
{ "type": "Feature", "properties": { "OBJECTID": 52, "UID": 52, "LEAGUE": "Hollywood Homes and Maple Hall", "PRES_ADDRE": "6323 Adair Avenue", "MTG_FREQUE": "1st Thursday", "MTG_TIME": "7:30 pm", "MTG_LOCATI": "1173 George Street", "SHAPE_LENG": 15323.911191, "NAME1": "Hollywood Homes/", "NAME2": "Maple Hall", "PRESIDENT": "Bruce Erie", "E_MAIL": "bruce.erie@cox.net", "created_user": null, "created_date": null, "last_edited_user": "WTILGHM", "last_edited_date": "2024-02-20T05:41:09Z", "Shape_Length": 0.049233865843437807, "Shape_Area": 0.00010877114065039039 }, "geometry": { "type": "MultiPolygon", "coordinates": [ [ [ [ -76.194155821999971, 36.863776331000054 ], [ -76.192920372999936, 36.863699872000041 ], [ -76.192905277999955, 36.863699575000055 ], [ -76.192875949999973, 36.863698999000064 ], [ -76.192874838999956, 36.86369897700007 ], [ -76.192871732999947, 36.863696274000063 ], [ -76.192762110999979, 36.863696763000064 ], [ -76.19217200199995, 36.863685171000043 ], [ -76.19214872699996, 36.863674281000044 ], [ -76.192104245999985, 36.863653470000031 ], [ -76.191649457999972, 36.863440685000057 ], [ -76.191372246999947, 36.863296117000061 ], [ -76.191195533999974, 36.863203661000057 ], [ -76.190685844999962, 36.863033491000067 ], [ -76.190589087999967, 36.862975711000047 ], [ -76.190401898999937, 36.862863927000035 ], [ -76.190088431999982, 36.862490981000064 ], [ -76.190076174999945, 36.862478725000074 ], [ -76.189978314999962, 36.862380879000057 ], [ -76.189949979999938, 36.862344964000044 ], [ -76.189946008999982, 36.862339818000066 ], [ -76.189943146999951, 36.862336303000063 ], [ -76.189898232999951, 36.862279373000035 ], [ -76.189874291999956, 36.862270602000024 ], [ -76.189866151, 36.862267501000076 ], [ -76.189826400999948, 36.86222755700004 ], [ -76.189769939999962, 36.862170822000053 ], [ -76.189691509999989, 36.862178142000062 ], [ -76.189636210999936, 36.862183303000052 ], [ -76.189635970999973, 36.862183297000058 ], [ -76.189627862999941, 36.862180326000043 ], [ -76.189493351999943, 36.86217928800005 ], [ -76.189482479999981, 36.862178905000064 ], [ -76.189494112999967, 36.862182524000048 ], [ -76.189223901999981, 36.862183276000053 ], [ -76.189208947999987, 36.862085123000043 ], [ -76.189196551999942, 36.862076767000076 ], [ -76.189187360999938, 36.862050227000054 ], [ -76.189182579999965, 36.862034261000076 ], [ -76.189179051999986, 36.86202623500003 ], [ -76.189176891999978, 36.862019996000072 ], [ -76.189176328999963, 36.86202004200004 ], [ -76.189176184999951, 36.862019711000073 ], [ -76.188994541999989, 36.862034759000039 ], [ -76.18888136399994, 36.862043921000065 ], [ -76.188667177999946, 36.862013041000068 ], [ -76.188452992999942, 36.861982161000071 ], [ -76.18845289099994, 36.861982179000051 ], [ -76.18845246099994, 36.861982117000025 ], [ -76.188379096999938, 36.861995724000053 ], [ -76.188379016999988, 36.861995739000065 ], [ -76.188337610999952, 36.862003339000069 ], [ -76.188196430999938, 36.862029251000024 ], [ -76.187945682999953, 36.862194190000025 ], [ -76.187898003999976, 36.862225325000054 ], [ -76.187443997999935, 36.862180230000035 ], [ -76.186902702999987, 36.862122637000027 ], [ -76.186803835999967, 36.862113135000072 ], [ -76.186221576999969, 36.862033668000038 ], [ -76.186221604999957, 36.862033508000025 ], [ -76.186225938999939, 36.862008939000077 ], [ -76.186238113999934, 36.861939894000045 ], [ -76.18623641399995, 36.861928679000073 ], [ -76.186235969999984, 36.861925747000043 ], [ -76.186232853999968, 36.86190519400003 ], [ -76.186226728999941, 36.861864801000024 ], [ -76.186191119999989, 36.86182718200007 ], [ -76.186158325999941, 36.861792535000063 ], [ -76.186150879999957, 36.861778615000048 ], [ -76.186131401999944, 36.86173928900007 ], [ -76.186097629999949, 36.861725574000047 ], [ -76.186064687999988, 36.861687162000067 ], [ -76.185942448999981, 36.861544619000028 ], [ -76.185890347999987, 36.861435377000078 ], [ -76.185827316999962, 36.861426323000046 ], [ -76.185719706999976, 36.861159475000079 ], [ -76.185760457999947, 36.861131326000077 ], [ -76.185744876999934, 36.861088095000071 ], [ -76.185728666999978, 36.86104312100008 ], [ -76.185689790999959, 36.860938531000045 ], [ -76.185630825999965, 36.860973903000058 ], [ -76.18556592799996, 36.860951095000075 ], [ -76.185551455999985, 36.860759280000025 ], [ -76.185491412999966, 36.860750653000025 ], [ -76.185461456999974, 36.860739924000029 ], [ -76.185422354999957, 36.860711409000032 ], [ -76.185348122999983, 36.860670042000038 ], [ -76.185290685999973, 36.860638546000075 ], [ -76.185158390999959, 36.860583491000057 ], [ -76.185118724999938, 36.860558852000054 ], [ -76.185031582999954, 36.86051750300004 ], [ -76.184944787999939, 36.860453250000035 ], [ -76.184942323999962, 36.860451084000033 ], [ -76.184858057999975, 36.860406427000044 ], [ -76.184763066999949, 36.860367290000056 ], [ -76.184709861999977, 36.860309653000058 ], [ -76.184661596999945, 36.860259014000064 ], [ -76.184570248999989, 36.860213047000059 ], [ -76.184363804999975, 36.86016757200008 ], [ -76.184092268999962, 36.860060084000054 ], [ -76.184085437999954, 36.860055027000044 ], [ -76.184085377999963, 36.860055005000049 ], [ -76.184056871999985, 36.860044488000028 ], [ -76.183978786999944, 36.860024330000044 ], [ -76.183976869999981, 36.86002383500005 ], [ -76.183812578999948, 36.859968195000079 ], [ -76.183711020999965, 36.859923887000036 ], [ -76.183575549999944, 36.859810745000061 ], [ -76.183442406999973, 36.85966211200008 ], [ -76.183344513999941, 36.85961345000004 ], [ -76.183297053999979, 36.859554083000035 ], [ -76.183231957999965, 36.859499983000035 ], [ -76.183198946999937, 36.859499331000052 ], [ -76.18320050899996, 36.859536157000036 ], [ -76.182972264999989, 36.859494860000041 ], [ -76.182904196999971, 36.859477439000045 ], [ -76.182731927999953, 36.859401910000031 ], [ -76.182422054999961, 36.859243147000029 ], [ -76.182421997999938, 36.859243119000041 ], [ -76.182032152999966, 36.859042902000056 ], [ -76.182008590999942, 36.859030761000042 ], [ -76.181991757999981, 36.859022186000061 ], [ -76.181961995999984, 36.859007437000059 ], [ -76.181716500999983, 36.858881656000051 ], [ -76.181179310999937, 36.858621946000028 ], [ -76.181182760999945, 36.858608189000051 ], [ -76.181023198999981, 36.858526435000044 ], [ -76.181012951999946, 36.858543527000052 ], [ -76.179908152999985, 36.857981110000026 ], [ -76.179949090999969, 36.857976734000033 ], [ -76.179917481999951, 36.857959892000054 ], [ -76.179665212999964, 36.857830633000049 ], [ -76.179601729999945, 36.85782269300006 ], [ -76.177859561999981, 36.85693727000006 ], [ -76.177896736999969, 36.856924463000041 ], [ -76.177616512999975, 36.85678087000008 ], [ -76.177227079999966, 36.856581317000064 ], [ -76.177217961999986, 36.856576644000029 ], [ -76.177087135999955, 36.856509601000027 ], [ -76.177099877999979, 36.856490518000044 ], [ -76.17713013599996, 36.856445200000053 ], [ -76.177353980999953, 36.855610969000054 ], [ -76.177470149999976, 36.855166806000057 ], [ -76.177497534999986, 36.855054016000054 ], [ -76.177508730999989, 36.855023328000073 ], [ -76.177709633999939, 36.854491549000045 ], [ -76.177743800999963, 36.854492224000069 ], [ -76.177777968999976, 36.854492900000025 ], [ -76.178167685999938, 36.854605695000032 ], [ -76.178653892999989, 36.854693608000048 ], [ -76.179107528999964, 36.854728673000068 ], [ -76.179790890999982, 36.854742175000069 ], [ -76.181289272999948, 36.854823967000073 ], [ -76.18334277799994, 36.854864489000079 ], [ -76.185329750999983, 36.854956553000079 ], [ -76.188454554999964, 36.855070294000029 ], [ -76.191060007999965, 36.855173744000069 ], [ -76.194316478999951, 36.855342807000056 ], [ -76.195370223999987, 36.857119097000066 ], [ -76.195818910999947, 36.857502779000072 ], [ -76.195818415999952, 36.857514575000039 ], [ -76.195779991999984, 36.858429152000042 ], [ -76.19573730999997, 36.859602505000055 ], [ -76.195717993999949, 36.860335964000058 ], [ -76.195702471999937, 36.860925314000042 ], [ -76.195679072999951, 36.861344692000046 ], [ -76.195612444999938, 36.862413877000051 ], [ -76.19559296999995, 36.86287640200004 ], [ -76.195591, 36.862923206000062 ], [ -76.19554074499996, 36.863823896000042 ], [ -76.194155821999971, 36.863776331000054 ] ] ] ] } },
{ "type": "Feature", "properties": { "OBJECTID": 53, "UID": 53, "LEAGUE": "Hunters Square", "PRES_ADDRE": "No Information Available", "MTG_FREQUE": "No Information Available", "MTG_TIME": "unknown", "MTG_LOCATI": "No Information Available", "SHAPE_LENG": 4681.6439873199997, "NAME1": "Hunters", "NAME2": "Square", "PRESIDENT": "No Information Available", "E_MAIL": "", "created_user": null, "created_date": null, "last_edited_user": "WTILGHM", "last_edited_date": "2024-02-20T04:13:07Z", "Shape_Length": 0.015083423932694637, "Shape_Area": 8.7905248126272844e-06 }, "geometry": { "type": "MultiPolygon", "coordinates": [ [ [ [ -76.271950110999967, 36.860286356000074 ], [ -76.272725615999946, 36.858467336000047 ], [ -76.272792940999977, 36.85848924000004 ], [ -76.273763484999961, 36.858804500000076 ], [ -76.27413596599996, 36.858925490000047 ], [ -76.274689991999935, 36.859105446000058 ], [ -76.275285191999956, 36.859298773000035 ], [ -76.275446005999981, 36.859351007000043 ], [ -76.275696254999957, 36.85943228800005 ], [ -76.275992024999937, 36.859528354000076 ], [ -76.276050691999956, 36.859547409000072 ], [ -76.276073847999953, 36.859551011000065 ], [ -76.276377425999954, 36.859598240000025 ], [ -76.276514854999959, 36.859582837000062 ], [ -76.276843462999977, 36.859546006000073 ], [ -76.277294723999944, 36.85949542700007 ], [ -76.27762469299995, 36.859458442000061 ], [ -76.277855871999975, 36.85943252900006 ], [ -76.27789360099996, 36.859428435000041 ], [ -76.277895942999976, 36.859439458000054 ], [ -76.278109948999941, 36.860446308000064 ], [ -76.275010451999947, 36.860819521000053 ], [ -76.274636128999987, 36.860864587000037 ], [ -76.273210234999965, 36.861036247000072 ], [ -76.273064954999938, 36.860394727000028 ], [ -76.271950110999967, 36.860286356000074 ] ] ] ] } },
{ "type": "Feature", "properties": { "OBJECTID": 54, "UID": 54, "LEAGUE": "Idlewood and Sandy Heights", "PRES_ADDRE": "3362 Loam Street", "MTG_FREQUE": "2nd Tues, bimontly except Jun, Jul, Aug", "MTG_TIME": "6:00 pm", "MTG_LOCATI": "Full Restoration Ministry, 3326 N. Military Hwy", "SHAPE_LENG": 9186.4674894700001, "NAME1": "Idlewood/", "NAME2": "Sandy Heights", "PRESIDENT": "Jackie Scott", "E_MAIL": "idlewoodcivic@gmail.com", "created_user": null, "created_date": null, "last_edited_user": "WTILGHM", "last_edited_date": "2024-02-19T19:54:15Z", "Shape_Length": 0.028031275002666192, "Shape_Area": 4.5438459092666092e-05 }, "geometry": { "type": "MultiPolygon", "coordinates": [ [ [ [ -76.215568231999953, 36.882772005000049 ], [ -76.21583581799996, 36.882558147000054 ], [ -76.216398220999963, 36.882645834000073 ], [ -76.216544734999957, 36.882639925000035 ], [ -76.217070818999957, 36.882814648000078 ], [ -76.217563453999958, 36.882978259000026 ], [ -76.218171797999958, 36.883180295000045 ], [ -76.218726924999942, 36.883348180000041 ], [ -76.220224536999979, 36.883801080000069 ], [ -76.221260942999947, 36.884116289000076 ], [ -76.221930024999949, 36.884352134000039 ], [ -76.223159743999986, 36.884785585000031 ], [ -76.219984805999957, 36.889823217000071 ], [ -76.219636129999969, 36.890357046000076 ], [ -76.219167841999933, 36.89007248300004 ], [ -76.219127212999979, 36.890039346000037 ], [ -76.218810786999939, 36.889780195000071 ], [ -76.218789432999984, 36.889761982000039 ], [ -76.217933357999982, 36.889031770000031 ], [ -76.217497915999957, 36.888633166000034 ], [ -76.216975913999988, 36.888170706000039 ], [ -76.216944482999963, 36.888142860000073 ], [ -76.216940066999939, 36.888141266000048 ], [ -76.216937210999959, 36.888138920000074 ], [ -76.216771734999952, 36.888080469000045 ], [ -76.216498962999935, 36.887984116000041 ], [ -76.216471469999988, 36.887972020000063 ], [ -76.216428537999946, 36.887956513000063 ], [ -76.215829601999985, 36.887689788000046 ], [ -76.21572615499997, 36.88763446400003 ], [ -76.21505504299995, 36.887278563000052 ], [ -76.214687499999968, 36.887081848000037 ], [ -76.213855726999952, 36.886627162000025 ], [ -76.213043744999936, 36.886183283000037 ], [ -76.212755874999971, 36.885713483000075 ], [ -76.212558092999984, 36.885380515000065 ], [ -76.21223551099996, 36.88485432300007 ], [ -76.212615852999988, 36.88431360800007 ], [ -76.213699478999956, 36.88359044300006 ], [ -76.213835751999966, 36.883508965000033 ], [ -76.214631599999962, 36.88317427700008 ], [ -76.215040744999953, 36.883008949000043 ], [ -76.215568231999953, 36.882772005000049 ] ] ] ] } },
{ "type": "Feature", "properties": { "OBJECTID": 55, "UID": 55, "LEAGUE": "Ingleside", "PRES_ADDRE": "PO Box 1038", "MTG_FREQUE": "3rd Thursday", "MTG_TIME": "6:30 pm", "MTG_LOCATI": "Ingleside Church Fellowship Hall", "SHAPE_LENG": 20725.488210799998, "NAME1": "Ingleside", "NAME2": "", "PRESIDENT": "Shirley B  Smith", "E_MAIL": "inglesidecl@gmail.com", "created_user": null, "created_date": null, "last_edited_user": "WTILGHM", "last_edited_date": "2024-02-20T05:41:09Z", "Shape_Length": 0.077128440290123904, "Shape_Area": 0.00023942894154509696 }, "geometry": { "type": "MultiPolygon", "coordinates": [ [ [ [ -76.226708933999987, 36.851730529000065 ], [ -76.227157759999955, 36.851209514000061 ], [ -76.227157555999952, 36.851208326000062 ], [ -76.22687530099995, 36.849569338000038 ], [ -76.225828702999934, 36.848103939000055 ], [ -76.224999653999987, 36.845883084000036 ], [ -76.224999521999962, 36.845882003000042 ], [ -76.224999499999967, 36.845881826000038 ], [ -76.224954644999968, 36.845509486000026 ], [ -76.224954546999982, 36.845508687000063 ], [ -76.224947807999968, 36.845452741000031 ], [ -76.224947720999978, 36.845452020000039 ], [ -76.224938680999969, 36.845376981000072 ], [ -76.224938609999981, 36.845376391000059 ], [ -76.224926221999965, 36.845273555000063 ], [ -76.224926155999981, 36.845273013000053 ], [ -76.224913749999985, 36.845170039000038 ], [ -76.224913698999956, 36.845169611000074 ], [ -76.224902669999949, 36.845078068000078 ], [ -76.224902629999974, 36.84507773200005 ], [ -76.224890078999977, 36.844973547000052 ], [ -76.224890047999963, 36.84497329800007 ], [ -76.224879698999985, 36.844887378000067 ], [ -76.224879677999979, 36.844887211000071 ], [ -76.224868618999949, 36.844795408000039 ], [ -76.224868610999977, 36.844795339000029 ], [ -76.224868275999938, 36.844792564000045 ], [ -76.224867829999937, 36.844788931000039 ], [ -76.224867793999977, 36.844788643000072 ], [ -76.224867225999958, 36.844784004000076 ], [ -76.224867139999958, 36.844783305000078 ], [ -76.224864733999937, 36.844763718000024 ], [ -76.224864293999985, 36.844760137000037 ], [ -76.22485809799997, 36.84470966300006 ], [ -76.224854860999983, 36.844683276000069 ], [ -76.224591732999954, 36.842540029000077 ], [ -76.224591686999986, 36.842539653000074 ], [ -76.22459164199995, 36.842539286000033 ], [ -76.22459162399997, 36.842539127000066 ], [ -76.224591387999965, 36.842537195000034 ], [ -76.224591285999963, 36.842536365000058 ], [ -76.22458544899996, 36.842488524000032 ], [ -76.225902644999962, 36.841001030000029 ], [ -76.225901759999942, 36.840996209000025 ], [ -76.226833087999978, 36.840254801000071 ], [ -76.231675851999967, 36.838423544000079 ], [ -76.23172298999998, 36.83841405000004 ], [ -76.237342571999989, 36.837864697000043 ], [ -76.237665367999966, 36.838882043000069 ], [ -76.237978462999934, 36.839641947000075 ], [ -76.237989832999972, 36.839675326000076 ], [ -76.237935578999952, 36.83966569100005 ], [ -76.237935858999947, 36.839666161000025 ], [ -76.237935314999959, 36.839666069000032 ], [ -76.238124034999942, 36.839983390000043 ], [ -76.238162614999965, 36.840083643000071 ], [ -76.23840308399997, 36.840651490000027 ], [ -76.238436061999948, 36.840729361000058 ], [ -76.238445258999946, 36.840752642000041 ], [ -76.238506690999941, 36.840908158000047 ], [ -76.238673492999965, 36.841308973000025 ], [ -76.238786793999964, 36.841549154000063 ], [ -76.239032026999951, 36.842086276000032 ], [ -76.239062421999961, 36.84223286200006 ], [ -76.239064728999949, 36.842266498000072 ], [ -76.239120247999949, 36.842280792000054 ], [ -76.239119190999986, 36.842325530000039 ], [ -76.239114838999967, 36.842419036000024 ], [ -76.239113496999948, 36.842553672000065 ], [ -76.239117854999961, 36.842747590000045 ], [ -76.239113246999977, 36.84285654100006 ], [ -76.239112828999964, 36.842866432000051 ], [ -76.239108098999964, 36.842946434000055 ], [ -76.239110767999989, 36.842989125000031 ], [ -76.239113009999983, 36.84302496600003 ], [ -76.239113123999971, 36.84304441900008 ], [ -76.239113130999954, 36.843045478000079 ], [ -76.239112801999966, 36.843075850000048 ], [ -76.239133551999942, 36.843090174000054 ], [ -76.239187834999939, 36.843128738000075 ], [ -76.239359930999967, 36.843250997000041 ], [ -76.239514360999976, 36.843358838000029 ], [ -76.239733613999988, 36.843514342000049 ], [ -76.239894661999983, 36.843628563000038 ], [ -76.240143141999965, 36.843803865000041 ], [ -76.240142846999959, 36.843804324000075 ], [ -76.240130620999935, 36.843823340000029 ], [ -76.240081231999966, 36.84389771900004 ], [ -76.239996066999936, 36.844032605000052 ], [ -76.239677735999976, 36.84452768500006 ], [ -76.239680048999958, 36.844528796000077 ], [ -76.239679612999964, 36.844529475000058 ], [ -76.240016800999967, 36.844692022000061 ], [ -76.240248484999938, 36.844803801000069 ], [ -76.240477675999955, 36.844912400000055 ], [ -76.241392256999973, 36.845316616000048 ], [ -76.241402629999982, 36.845337141000073 ], [ -76.24172072999994, 36.846021403000066 ], [ -76.24181901999998, 36.846068206000041 ], [ -76.242238500999974, 36.846267026000078 ], [ -76.242444446999968, 36.846360718000028 ], [ -76.243640998999979, 36.846792944000072 ], [ -76.243835066999964, 36.847559069000056 ], [ -76.243968265999968, 36.848122431000036 ], [ -76.244369933999963, 36.849575640000069 ], [ -76.24465282999995, 36.85067556000007 ], [ -76.24493270499994, 36.851607644000069 ], [ -76.245066118999944, 36.852111033000028 ], [ -76.245237825999936, 36.852823835000038 ], [ -76.245382250999967, 36.853408287000036 ], [ -76.245384748999982, 36.853455469000039 ], [ -76.24537737199995, 36.853456872000038 ], [ -76.245376008999983, 36.853449985000054 ], [ -76.24511714099998, 36.853506374000062 ], [ -76.244789884999989, 36.853568626000026 ], [ -76.243520466999939, 36.853774197000064 ], [ -76.243110339999987, 36.853843826000059 ], [ -76.242048202999968, 36.854007856000067 ], [ -76.240881351999974, 36.854157817000043 ], [ -76.239235399999984, 36.854437975000053 ], [ -76.238024421999967, 36.854691461000073 ], [ -76.237257323999984, 36.854820003000043 ], [ -76.237147965999952, 36.854369663000057 ], [ -76.23713816999998, 36.854334663000031 ], [ -76.237127452999971, 36.854289463000043 ], [ -76.237096776999977, 36.854186757000036 ], [ -76.23700785799997, 36.853889052000056 ], [ -76.236898799999949, 36.853458859000057 ], [ -76.236704487999987, 36.852873369000065 ], [ -76.236389695999947, 36.851897315000031 ], [ -76.236245654999948, 36.851425676000076 ], [ -76.236251940999978, 36.851419131000057 ], [ -76.236251312999968, 36.851417147000063 ], [ -76.236289982999949, 36.851379515000076 ], [ -76.236559726999985, 36.851098610000065 ], [ -76.236564066999961, 36.851094090000061 ], [ -76.236408627999936, 36.851091704000055 ], [ -76.235908061999965, 36.851612904000035 ], [ -76.235513926999943, 36.852042178000033 ], [ -76.235376792999944, 36.852179493000051 ], [ -76.235206569999946, 36.852376359000061 ], [ -76.235163867999972, 36.85242278700008 ], [ -76.234998673999939, 36.852596599000037 ], [ -76.234824899999978, 36.852786865000041 ], [ -76.234546929999965, 36.852727002000051 ], [ -76.234201586999973, 36.852652212000066 ], [ -76.234026323999956, 36.85261949900007 ], [ -76.233914322999965, 36.852598594000028 ], [ -76.233918007999989, 36.852549775000057 ], [ -76.233924791999982, 36.85226550200008 ], [ -76.233909437999955, 36.852190914000062 ], [ -76.233886828999971, 36.852062193000052 ], [ -76.233876168999984, 36.852001504000043 ], [ -76.233868278999978, 36.851997186000062 ], [ -76.233847828999956, 36.851985997000043 ], [ -76.233693435999953, 36.851901518000034 ], [ -76.23358088699996, 36.851842236000039 ], [ -76.233580632999974, 36.851842102000035 ], [ -76.233383338999943, 36.851891421000062 ], [ -76.233238431999951, 36.851927963000037 ], [ -76.233197296999947, 36.85193643100007 ], [ -76.233191431999956, 36.851937340000063 ], [ -76.233180751999953, 36.851938996000058 ], [ -76.233178194999937, 36.851938485000062 ], [ -76.233174087999942, 36.851937249000059 ], [ -76.232980426999973, 36.851900873000034 ], [ -76.232436964999977, 36.851798791000078 ], [ -76.232417293999958, 36.851795096000046 ], [ -76.232406909999952, 36.851792849000049 ], [ -76.231935292999935, 36.851703797000027 ], [ -76.231877244999964, 36.851695425000059 ], [ -76.231826023999986, 36.851685804000056 ], [ -76.231608188999985, 36.851777802000072 ], [ -76.231297285999972, 36.851915244000054 ], [ -76.230908720999935, 36.852102854000066 ], [ -76.230903115, 36.852105325000025 ], [ -76.230842309999957, 36.852132120000078 ], [ -76.230679788999964, 36.852282908000063 ], [ -76.230416116999947, 36.852527545000044 ], [ -76.230291550999937, 36.852634453000064 ], [ -76.230257864999942, 36.852658209000026 ], [ -76.230247841999983, 36.852665278000075 ], [ -76.23020945899998, 36.852701418000038 ], [ -76.230138049999937, 36.852704190000054 ], [ -76.230045905999987, 36.852712163000035 ], [ -76.229867844999944, 36.852727478000077 ], [ -76.229828110999961, 36.852730896000025 ], [ -76.229513563999944, 36.852797063000025 ], [ -76.229357814999958, 36.852882115000057 ], [ -76.229263323999987, 36.852933716000052 ], [ -76.229261944999962, 36.853018520000035 ], [ -76.229261727999983, 36.853031881000049 ], [ -76.22927234499997, 36.853036623000037 ], [ -76.229584698999986, 36.85319759500004 ], [ -76.22961010399996, 36.853211827000052 ], [ -76.229611581999961, 36.853214630000025 ], [ -76.22961417199997, 36.85321592300005 ], [ -76.22966011799997, 36.853306717000066 ], [ -76.229743732999964, 36.85346535900004 ], [ -76.229723811999975, 36.853488517000073 ], [ -76.229713888999981, 36.853500051000026 ], [ -76.229711047999956, 36.853504990000033 ], [ -76.229582222999966, 36.853728994000051 ], [ -76.229533683999989, 36.85378509700007 ], [ -76.229525665999972, 36.853794365000056 ], [ -76.229497436999964, 36.853834946000063 ], [ -76.229404876999979, 36.853984703000037 ], [ -76.229447260999962, 36.854224091000049 ], [ -76.229448590999937, 36.854231604000063 ], [ -76.22945197599995, 36.854233408000027 ], [ -76.229751389999933, 36.854393006000066 ], [ -76.229916281999976, 36.854480899000066 ], [ -76.229968696999947, 36.854508838000072 ], [ -76.229991580999979, 36.854526374000045 ], [ -76.230335387999958, 36.854863531000035 ], [ -76.230388063999953, 36.854914483000073 ], [ -76.230414260999964, 36.854931248000071 ], [ -76.230485656999974, 36.855061661000036 ], [ -76.230563581999945, 36.855223300000034 ], [ -76.230606446999957, 36.855277761000025 ], [ -76.230641957999978, 36.855328007000026 ], [ -76.230653460999974, 36.855344283000079 ], [ -76.230670726999961, 36.855368713000075 ], [ -76.230685646999973, 36.855388127000026 ], [ -76.230729033999978, 36.855444587000079 ], [ -76.230768113999943, 36.85549362200004 ], [ -76.230947366999942, 36.855718530000047 ], [ -76.230959384999949, 36.855733610000073 ], [ -76.23113546899998, 36.855803183000035 ], [ -76.231157145999987, 36.855811749000054 ], [ -76.231147973999953, 36.855814748000057 ], [ -76.231147092999947, 36.855815036000024 ], [ -76.231122960999983, 36.855826113000035 ], [ -76.231098679999945, 36.855837075000068 ], [ -76.231098293999935, 36.855837321000024 ], [ -76.231093095999938, 36.855840628000067 ], [ -76.231042485999978, 36.855857713000034 ], [ -76.23102197999998, 36.855864891000067 ], [ -76.231019204999939, 36.855865572000027 ], [ -76.231001230999937, 36.855871639000043 ], [ -76.230978289999939, 36.855875609000066 ], [ -76.230957, 36.855880830000046 ], [ -76.230954505999989, 36.855881671000077 ], [ -76.230546251999954, 36.856019488000072 ], [ -76.230532442999959, 36.856022033000045 ], [ -76.230461127999945, 36.856046106000065 ], [ -76.230085126999938, 36.856104452000068 ], [ -76.230049505999943, 36.856111013000032 ], [ -76.229738875999942, 36.856159215000048 ], [ -76.229011467999953, 36.856246120000037 ], [ -76.229005536999978, 36.85624600500006 ], [ -76.228205075999938, 36.856230525000058 ], [ -76.226335319999976, 36.853505120000079 ], [ -76.226112093999973, 36.853082505000032 ], [ -76.22612139599994, 36.85277222700006 ], [ -76.226132610999969, 36.852398109000035 ], [ -76.226679910999962, 36.85176279600006 ], [ -76.226708933999987, 36.851730529000065 ] ] ] ] } },
{ "type": "Feature", "properties": { "OBJECTID": 56, "UID": 56, "LEAGUE": "Janaf", "PRES_ADDRE": "No Information Available", "MTG_FREQUE": "No Information Available", "MTG_TIME": "unknown", "MTG_LOCATI": "No Information Available", "SHAPE_LENG": 8754.9894719599997, "NAME1": "Janaf", "NAME2": "", "PRESIDENT": "No Information", "E_MAIL": "None", "created_user": null, "created_date": null, "last_edited_user": "WTILGHM", "last_edited_date": "2024-02-20T05:41:09Z", "Shape_Length": 0.031425988762245498, "Shape_Area": 4.3622785047409035e-05 }, "geometry": { "type": "MultiPolygon", "coordinates": [ [ [ [ -76.209021232999987, 36.862132408000036 ], [ -76.209020067999973, 36.862127876000045 ], [ -76.208999183999936, 36.862130644000047 ], [ -76.208977901999958, 36.862133464000067 ], [ -76.208965775999957, 36.862043605000054 ], [ -76.20887571999998, 36.86140329300008 ], [ -76.209034876999965, 36.861137285000041 ], [ -76.209015289999968, 36.86101530500008 ], [ -76.208947844999955, 36.860519466000028 ], [ -76.20894707399998, 36.860513798000056 ], [ -76.207346697999981, 36.861509782000041 ], [ -76.207147022999948, 36.861765456000057 ], [ -76.207007433999934, 36.861828841000033 ], [ -76.205853839999975, 36.861467546000029 ], [ -76.205699022999966, 36.861419057000035 ], [ -76.20552055099995, 36.861524103000079 ], [ -76.205331253999987, 36.861641281000061 ], [ -76.205227267999987, 36.861703047000049 ], [ -76.205215496999983, 36.861711226000068 ], [ -76.205186436999952, 36.861679675000062 ], [ -76.205077972999959, 36.86155915900008 ], [ -76.204795695999962, 36.861255432000064 ], [ -76.204602767999972, 36.861039149000078 ], [ -76.204302146999964, 36.860719559000074 ], [ -76.203247122999983, 36.859574026000075 ], [ -76.202142720999973, 36.858421121000049 ], [ -76.202305387999957, 36.85821633200004 ], [ -76.202124691999984, 36.858033360000036 ], [ -76.201673018999941, 36.857588301000078 ], [ -76.201185520999957, 36.857089153000061 ], [ -76.20116573599995, 36.857069334000073 ], [ -76.201093864999962, 36.856993139000053 ], [ -76.200831749999963, 36.856734759000062 ], [ -76.200617007999938, 36.85651144600007 ], [ -76.200450848999935, 36.856343306000042 ], [ -76.20024632999997, 36.856138968000039 ], [ -76.20001259999998, 36.855893965000064 ], [ -76.199883100999955, 36.855759025000054 ], [ -76.199827028999948, 36.855696421000061 ], [ -76.199827039999946, 36.85568448600003 ], [ -76.199829448999935, 36.855567171000075 ], [ -76.200799650999954, 36.855613855000058 ], [ -76.203474631999939, 36.85560259500005 ], [ -76.206196446999968, 36.855698186000041 ], [ -76.208738958999959, 36.855783109000072 ], [ -76.209172274999958, 36.856222821000074 ], [ -76.209496832999946, 36.856457187000046 ], [ -76.209727972999985, 36.856728194000027 ], [ -76.209856229999957, 36.857014104000029 ], [ -76.209897561999981, 36.857339368000055 ], [ -76.210115433999988, 36.861107583000035 ], [ -76.210193671999946, 36.862078073000077 ], [ -76.210164144999965, 36.862081270000033 ], [ -76.209712477999972, 36.862130171000047 ], [ -76.209270673999981, 36.862171173000036 ], [ -76.209233468999969, 36.86217462500008 ], [ -76.209233518999952, 36.862175069000045 ], [ -76.209231791999969, 36.862175249000074 ], [ -76.20923685799994, 36.862205968000069 ], [ -76.209064178999938, 36.862224633000039 ], [ -76.209040615999982, 36.862226887000077 ], [ -76.209034199999962, 36.862227500000074 ], [ -76.209023526999943, 36.86214314700004 ], [ -76.209022424999944, 36.862134437000066 ], [ -76.209021232999987, 36.862132408000036 ] ] ] ] } },
{ "type": "Feature", "properties": { "OBJECTID": 57, "UID": 57, "LEAGUE": "Kensington and Old Dominion", "PRES_ADDRE": "No information Available", "MTG_FREQUE": "No Information Available", "MTG_TIME": "unknown", "MTG_LOCATI": "", "SHAPE_LENG": 9320.9003058800008, "NAME1": "Kensington/", "NAME2": "Old Dominion", "PRESIDENT": "No Information", "E_MAIL": "", "created_user": null, "created_date": null, "last_edited_user": "WTILGHM", "last_edited_date": "2024-02-20T04:13:07Z", "Shape_Length": 0.024994075717944399, "Shape_Area": 3.786461992256884e-05 }, "geometry": { "type": "MultiPolygon", "coordinates": [ [ [ [ -76.295044734999976, 36.874349069000061 ], [ -76.295132107999962, 36.873578700000053 ], [ -76.29522704599998, 36.873606582000036 ], [ -76.295532228999946, 36.873695416000032 ], [ -76.297363324999935, 36.874229094000043 ], [ -76.29866882999994, 36.874610032000078 ], [ -76.301656254999955, 36.875482624000028 ], [ -76.301873344999933, 36.875543693000054 ], [ -76.301887822999959, 36.875752077000072 ], [ -76.301925196999946, 36.876350326000079 ], [ -76.301928491999945, 36.876409145000025 ], [ -76.301947457999972, 36.876719919000038 ], [ -76.301974782999935, 36.87715428100006 ], [ -76.301993059999973, 36.877449916000046 ], [ -76.302011968999977, 36.877783894000061 ], [ -76.30202159199996, 36.877953838000053 ], [ -76.302075645999935, 36.878920545000028 ], [ -76.302082397999982, 36.879041555000072 ], [ -76.302109952999956, 36.879602890000058 ], [ -76.302108843999974, 36.879655999000079 ], [ -76.301802007999981, 36.879665733000024 ], [ -76.300338906999968, 36.879736984000033 ], [ -76.298501207999948, 36.879826453000078 ], [ -76.298189271999945, 36.879844278000064 ], [ -76.298188848999985, 36.879844301000048 ], [ -76.298186765999958, 36.879844415000036 ], [ -76.298186801999975, 36.879845069000055 ], [ -76.297967425999957, 36.879856774000075 ], [ -76.297204749999935, 36.879900347000046 ], [ -76.296844330999988, 36.879920522000077 ], [ -76.29595477099997, 36.879968701000053 ], [ -76.295565005999947, 36.879994013000044 ], [ -76.295537985999943, 36.879995559000065 ], [ -76.295537918999969, 36.87999556300008 ], [ -76.294748304999985, 36.880035832000033 ], [ -76.294754115999979, 36.879702388000055 ], [ -76.294762355999978, 36.879365293000035 ], [ -76.294766651999964, 36.878983004000077 ], [ -76.294768744999942, 36.878862896000044 ], [ -76.294773335999935, 36.878599435000069 ], [ -76.294776716999934, 36.878405460000067 ], [ -76.29478228399995, 36.878085990000045 ], [ -76.294784283999945, 36.877971243000047 ], [ -76.294785555999965, 36.877898230000028 ], [ -76.29478944799996, 36.877834386000075 ], [ -76.294793504999973, 36.877442014000053 ], [ -76.294796970999982, 36.877106891000039 ], [ -76.294807280999976, 36.876399639000056 ], [ -76.294832234999944, 36.875541557000076 ], [ -76.294886789999964, 36.875194438000051 ], [ -76.295044734999976, 36.874349069000061 ] ] ] ] } },
{ "type": "Feature", "properties": { "OBJECTID": 58, "UID": 58, "LEAGUE": "Lafayette and Winona", "PRES_ADDRE": "1516 Lafayette Boulevard", "MTG_FREQUE": "3rd Tuesday", "MTG_TIME": "7:00 pm", "MTG_LOCATI": "Church of the Epiphany, 1530 Lafayette Boulevard", "SHAPE_LENG": 21365.2449246, "NAME1": "Lafayette/", "NAME2": "Winona", "PRESIDENT": "Mathew Hinson", "E_MAIL": "admin@lwcl.org", "created_user": null, "created_date": null, "last_edited_user": "WTILGHM", "last_edited_date": "2024-02-19T20:39:19Z", "Shape_Length": 0.062807221059675608, "Shape_Area": 0.00013537427125679538 }, "geometry": { "type": "MultiPolygon", "coordinates": [ [ [ [ -76.274609688999988, 36.88338064800007 ], [ -76.273978242999988, 36.883463167000059 ], [ -76.273978119999981, 36.88346318400005 ], [ -76.273923606999972, 36.883470337000063 ], [ -76.273424106999983, 36.883481993000032 ], [ -76.273116614999935, 36.883489128000065 ], [ -76.27292585899994, 36.883490091000056 ], [ -76.272105462999946, 36.883503420000068 ], [ -76.271611224999958, 36.88352535100006 ], [ -76.27147830499996, 36.883531248000054 ], [ -76.271283065999967, 36.883553593000045 ], [ -76.271068826999965, 36.883571120000056 ], [ -76.27087245599995, 36.883573221000063 ], [ -76.270856520999985, 36.883573391000027 ], [ -76.27038055099996, 36.883603734000076 ], [ -76.270209764999947, 36.883617222000055 ], [ -76.270119518999934, 36.883623215000057 ], [ -76.270069805999981, 36.883628276000024 ], [ -76.269771163999962, 36.883400362000032 ], [ -76.269561536999959, 36.883252755000058 ], [ -76.269427004999955, 36.883158024000068 ], [ -76.269294471999956, 36.883076410000058 ], [ -76.269118678999973, 36.88296456900008 ], [ -76.268744895999987, 36.882739180000044 ], [ -76.268647388999966, 36.882684606000055 ], [ -76.268461288999958, 36.882574875000046 ], [ -76.268258105999962, 36.882454532000054 ], [ -76.26801530299997, 36.882327315000055 ], [ -76.268009060999987, 36.882324053000048 ], [ -76.267774179999947, 36.882285718000048 ], [ -76.267223502999968, 36.882156542000075 ], [ -76.267078380999976, 36.88213259500003 ], [ -76.266422549999959, 36.88217484200004 ], [ -76.266138615999978, 36.882436924000046 ], [ -76.266049104, 36.882511062000049 ], [ -76.26601126199995, 36.882555746000037 ], [ -76.265999564999959, 36.882563772000026 ], [ -76.265602955999952, 36.882744821000074 ], [ -76.265458321999972, 36.882806505000076 ], [ -76.265317079999988, 36.882866722000074 ], [ -76.265155296999978, 36.88293494900006 ], [ -76.264799124999968, 36.883080151000058 ], [ -76.264360003999968, 36.883086995000042 ], [ -76.26431587999997, 36.883265161000054 ], [ -76.264237011999967, 36.883566388000077 ], [ -76.264147142999946, 36.883875964000026 ], [ -76.264106027999958, 36.884031868000079 ], [ -76.264087653999979, 36.884089518000053 ], [ -76.264092860999938, 36.884090617000027 ], [ -76.264092491999975, 36.884091953000052 ], [ -76.264432552999949, 36.884165839000048 ], [ -76.26440463199998, 36.88424866400004 ], [ -76.264397581999958, 36.884269655000026 ], [ -76.264383004999956, 36.884311908000029 ], [ -76.264307919999965, 36.88451066500005 ], [ -76.264236620999952, 36.884756294000056 ], [ -76.264192342999934, 36.884908839000047 ], [ -76.264129881999963, 36.885090858000069 ], [ -76.263820898999938, 36.885991256000068 ], [ -76.26370523099996, 36.886376517000031 ], [ -76.26367543799995, 36.886379045000069 ], [ -76.263613688999953, 36.886362646000066 ], [ -76.263611662999949, 36.886368856000047 ], [ -76.263611195999943, 36.886368765000043 ], [ -76.26358853399995, 36.886439755000026 ], [ -76.263520009999979, 36.886654408000027 ], [ -76.263423562999947, 36.886949627000035 ], [ -76.263515993999988, 36.886968409000076 ], [ -76.263555933999953, 36.886975776000043 ], [ -76.26381388599998, 36.887023356000043 ], [ -76.264030743999967, 36.88706637000007 ], [ -76.264239419999967, 36.887110176000078 ], [ -76.265084976999958, 36.887278133000052 ], [ -76.265067089999945, 36.887338357000033 ], [ -76.264824321999981, 36.888127126000029 ], [ -76.264822910999953, 36.888126863000025 ], [ -76.264075936999973, 36.887987919000068 ], [ -76.26401821099995, 36.887975594000068 ], [ -76.26365905199998, 36.88789706700004 ], [ -76.263436496999987, 36.887851392000073 ], [ -76.263401801999976, 36.887844271000063 ], [ -76.263361264999958, 36.887835327000062 ], [ -76.263335124999969, 36.887829746000079 ], [ -76.263134946999969, 36.887789903000055 ], [ -76.262758730999963, 36.887716556000044 ], [ -76.262596149999979, 36.887684859000046 ], [ -76.262427355999989, 36.887650961000077 ], [ -76.26242661699996, 36.887653580000062 ], [ -76.262405562999959, 36.88772820500003 ], [ -76.262352651999947, 36.887923740000076 ], [ -76.262313431999985, 36.887915679000059 ], [ -76.26230594499998, 36.887936400000058 ], [ -76.262285528999939, 36.888000988000044 ], [ -76.262263982999968, 36.888089066000077 ], [ -76.261604532999968, 36.887954164000064 ], [ -76.261475737999945, 36.887929473000042 ], [ -76.260778395999978, 36.887794041000063 ], [ -76.260526289999973, 36.887741659000028 ], [ -76.260575046999975, 36.887578616000042 ], [ -76.259979554999973, 36.887456772000064 ], [ -76.259868842999936, 36.88743558200008 ], [ -76.262180468999986, 36.881192992000024 ], [ -76.262790476999953, 36.879649530000052 ], [ -76.263122387999942, 36.878764327000056 ], [ -76.265294082999958, 36.872959912000056 ], [ -76.266010567999956, 36.870926052000073 ], [ -76.26669931899994, 36.869948717000057 ], [ -76.267797017999953, 36.868785459000037 ], [ -76.268684591999943, 36.869195939000065 ], [ -76.269261851999943, 36.869682199000067 ], [ -76.269678931999977, 36.870034228000065 ], [ -76.27099580099997, 36.870836043000054 ], [ -76.272243021999941, 36.871797930000071 ], [ -76.272280694999949, 36.872494418000031 ], [ -76.272831532999987, 36.873206291000031 ], [ -76.27288565899994, 36.873294228000077 ], [ -76.273526104999974, 36.874334730000044 ], [ -76.274060814999984, 36.874706092000054 ], [ -76.274069023999971, 36.874711792000028 ], [ -76.27330539999997, 36.876377343000058 ], [ -76.272323076999953, 36.878035995000062 ], [ -76.272135482999943, 36.878851381000061 ], [ -76.272130970999967, 36.878870989000063 ], [ -76.27289686599994, 36.880010811000034 ], [ -76.273551423999947, 36.881042929000046 ], [ -76.274331793999977, 36.881954045000043 ], [ -76.27441416299996, 36.882373955000048 ], [ -76.274506254999949, 36.882853889000046 ], [ -76.274605593999979, 36.883358903000044 ], [ -76.274605621999967, 36.883359045000077 ], [ -76.27460851799998, 36.883373688000063 ], [ -76.274609688999988, 36.88338064800007 ] ] ], [ [ [ -76.274609856999973, 36.883380626000076 ], [ -76.274609688999988, 36.88338064800007 ], [ -76.274609357999964, 36.883378039000036 ], [ -76.274609845999976, 36.883380567000074 ], [ -76.274609856999973, 36.883380626000076 ] ] ] ] } },
{ "type": "Feature", "properties": { "OBJECTID": 59, "UID": 59, "LEAGUE": "Lake Taylor", "PRES_ADDRE": "PO Box12753", "MTG_FREQUE": "3rd Thursday", "MTG_TIME": "7:00 pm", "MTG_LOCATI": "St. Timothy's Lutheran Church 1051 Kempsville Rd", "SHAPE_LENG": 19962.986567899999, "NAME1": "Lake Taylor", "NAME2": "", "PRESIDENT": "Steve Mirman", "E_MAIL": "laketaylorcivicleague@gmail.com", "created_user": null, "created_date": null, "last_edited_user": "WTILGHM", "last_edited_date": "2024-02-20T05:41:09Z", "Shape_Length": 0.063259029094311192, "Shape_Area": 0.00016371129732406341 }, "geometry": { "type": "MultiPolygon", "coordinates": [ [ [ [ -76.204395117999979, 36.868507498000042 ], [ -76.204417302999957, 36.868058568000038 ], [ -76.203421916999957, 36.868522021000047 ], [ -76.203136561999941, 36.868234144000041 ], [ -76.202783413999953, 36.867813751000028 ], [ -76.202257429999975, 36.867906492000031 ], [ -76.20201812199997, 36.867791914000065 ], [ -76.20187687899994, 36.867713596000044 ], [ -76.200305602999947, 36.866418343000078 ], [ -76.197986348999962, 36.866223181000066 ], [ -76.196215838999933, 36.865974172000051 ], [ -76.195953625999948, 36.865826163000065 ], [ -76.195507272999976, 36.864423773000055 ], [ -76.19550858499997, 36.864400266000075 ], [ -76.19554074499996, 36.863823896000042 ], [ -76.195591, 36.862923206000062 ], [ -76.19559296999995, 36.86287640200004 ], [ -76.195612444999938, 36.862413877000051 ], [ -76.195679072999951, 36.861344692000046 ], [ -76.195702471999937, 36.860925314000042 ], [ -76.195717993999949, 36.860335964000058 ], [ -76.19573730999997, 36.859602505000055 ], [ -76.195779991999984, 36.858429152000042 ], [ -76.195818415999952, 36.857514575000039 ], [ -76.195818910999947, 36.857502779000072 ], [ -76.195911429999967, 36.855366193000066 ], [ -76.196860418999961, 36.855409542000075 ], [ -76.198247711999954, 36.855497531000026 ], [ -76.199409386999946, 36.85555258200003 ], [ -76.199804989999961, 36.855568094000034 ], [ -76.199829448999935, 36.855567171000075 ], [ -76.199827039999946, 36.85568448600003 ], [ -76.199827028999948, 36.855696421000061 ], [ -76.199883100999955, 36.855759025000054 ], [ -76.20001259999998, 36.855893965000064 ], [ -76.20024632999997, 36.856138968000039 ], [ -76.200450848999935, 36.856343306000042 ], [ -76.200617007999938, 36.85651144600007 ], [ -76.200831749999963, 36.856734759000062 ], [ -76.201093864999962, 36.856993139000053 ], [ -76.20116573599995, 36.857069334000073 ], [ -76.201185520999957, 36.857089153000061 ], [ -76.201673018999941, 36.857588301000078 ], [ -76.202124691999984, 36.858033360000036 ], [ -76.202305387999957, 36.85821633200004 ], [ -76.202142720999973, 36.858421121000049 ], [ -76.203247122999983, 36.859574026000075 ], [ -76.204302147999954, 36.860719560000064 ], [ -76.204602767999972, 36.861039149000078 ], [ -76.204795695999962, 36.861255432000064 ], [ -76.205077972999959, 36.86155915900008 ], [ -76.205186436999952, 36.861679675000062 ], [ -76.205215496999983, 36.861711226000068 ], [ -76.205227267999987, 36.861703047000049 ], [ -76.205331253999987, 36.861641281000061 ], [ -76.20552055099995, 36.861524103000079 ], [ -76.205699022999966, 36.861419057000035 ], [ -76.205853839999975, 36.861467546000029 ], [ -76.207007433999934, 36.861828841000033 ], [ -76.207147022999948, 36.861765456000057 ], [ -76.207346697999981, 36.861509782000041 ], [ -76.20894707399998, 36.860513798000056 ], [ -76.208947844999955, 36.860519466000028 ], [ -76.209015289999968, 36.86101530500008 ], [ -76.209034876999965, 36.861137285000041 ], [ -76.20887571999998, 36.86140329300008 ], [ -76.208965775999957, 36.862043605000054 ], [ -76.208977901999958, 36.862133464000067 ], [ -76.208999183999936, 36.862130644000047 ], [ -76.209020067999973, 36.862127876000045 ], [ -76.209021232999987, 36.862132408000036 ], [ -76.209022424999944, 36.862134437000066 ], [ -76.209023526999943, 36.86214314700004 ], [ -76.209034199999962, 36.862227500000074 ], [ -76.209040615999982, 36.862226887000077 ], [ -76.209064178999938, 36.862224633000039 ], [ -76.20923685799994, 36.862205968000069 ], [ -76.209231791999969, 36.862175249000074 ], [ -76.209233518999952, 36.862175069000045 ], [ -76.209233468999969, 36.86217462500008 ], [ -76.209270673999981, 36.862171173000036 ], [ -76.209712477999972, 36.862130171000047 ], [ -76.210164144999965, 36.862081270000033 ], [ -76.210186784999962, 36.862707973000056 ], [ -76.210976655999957, 36.867691391000051 ], [ -76.211051942999973, 36.871427976000064 ], [ -76.211059664999937, 36.871823945000074 ], [ -76.21105999599996, 36.871840932000055 ], [ -76.210874080999986, 36.873241929000073 ], [ -76.210851771999955, 36.873301250000054 ], [ -76.210555415999977, 36.874055823000049 ], [ -76.210356955999941, 36.874286174000076 ], [ -76.20981448799995, 36.874470667000026 ], [ -76.209619677999967, 36.874466869000059 ], [ -76.206420825999942, 36.874287009000057 ], [ -76.206402461999971, 36.87331131600007 ], [ -76.206403224999974, 36.873286096000072 ], [ -76.206417805999934, 36.872804029000065 ], [ -76.205558237999981, 36.872279658000025 ], [ -76.205201706999958, 36.871887879000042 ], [ -76.20468066899997, 36.871417552000025 ], [ -76.204333868999981, 36.870928732000039 ], [ -76.204287367999939, 36.870739251000032 ], [ -76.204212740999935, 36.87052372800008 ], [ -76.204187635999972, 36.870252136000033 ], [ -76.204196912999976, 36.869993260000058 ], [ -76.204234821999989, 36.869800887000054 ], [ -76.204305044999955, 36.869184572000052 ], [ -76.204395117999979, 36.868507498000042 ] ] ] ] } },
{ "type": "Feature", "properties": { "OBJECTID": 60, "UID": 60, "LEAGUE": "Lakewood", "PRES_ADDRE": "403 Boush St, Suite 300 ", "MTG_FREQUE": "No information Available", "MTG_TIME": "unknown", "MTG_LOCATI": "No information Available", "SHAPE_LENG": 20910.742633099999, "NAME1": "Lakewood", "NAME2": "", "PRESIDENT": "Ted Enright", "E_MAIL": "ted@nusbauminsurance.com", "created_user": null, "created_date": null, "last_edited_user": "WTILGHM", "last_edited_date": "2024-02-19T20:39:19Z", "Shape_Length": 0.042754616234502295, "Shape_Area": 7.3218710947355799e-05 }, "geometry": { "type": "MultiPolygon", "coordinates": [ [ [ [ -76.267812317999983, 36.896722461000024 ], [ -76.267793840999957, 36.896638734000078 ], [ -76.267850643999964, 36.896663308000029 ], [ -76.267864785999961, 36.896669427000063 ], [ -76.267864539999948, 36.896668857000066 ], [ -76.267871041999967, 36.896671453000067 ], [ -76.267096208999988, 36.89487299700005 ], [ -76.266592558999946, 36.893391517000055 ], [ -76.266203036999968, 36.892912938000052 ], [ -76.264975018999962, 36.892004396000061 ], [ -76.265014896999958, 36.891932179000037 ], [ -76.265195508999966, 36.891605102000028 ], [ -76.265277652999941, 36.891443585000047 ], [ -76.265282887999945, 36.891402807000077 ], [ -76.265284741999949, 36.891388358000029 ], [ -76.265287108999985, 36.891384201000051 ], [ -76.265290162999975, 36.891370743000039 ], [ -76.265324607999958, 36.891289187000041 ], [ -76.265334374999952, 36.891266061000067 ], [ -76.265435541999977, 36.890945515000055 ], [ -76.26641280299998, 36.891152978000036 ], [ -76.266634601999954, 36.890553443000044 ], [ -76.266770144999953, 36.890132236000056 ], [ -76.267046946999983, 36.889211629000044 ], [ -76.267258337999976, 36.888519103000078 ], [ -76.267258938999987, 36.888517135000029 ], [ -76.26813593199995, 36.888683019000041 ], [ -76.268819643999961, 36.888830448000078 ], [ -76.269647373999987, 36.888978823000059 ], [ -76.270441690999974, 36.889151770000069 ], [ -76.270779551999965, 36.889177413000027 ], [ -76.270886326999971, 36.889171601000044 ], [ -76.271281817999977, 36.889144669000075 ], [ -76.271576355999969, 36.889103326000054 ], [ -76.271665244999951, 36.889089604000048 ], [ -76.271565898999938, 36.888744921000068 ], [ -76.271548444999951, 36.888684366000064 ], [ -76.271452480999983, 36.888337425000032 ], [ -76.27140228899998, 36.888228513000058 ], [ -76.271316591999948, 36.888042555000027 ], [ -76.271303219999936, 36.887962884000046 ], [ -76.271289030999981, 36.887878336000028 ], [ -76.27164092199996, 36.88769234800003 ], [ -76.271332301999962, 36.887310005000074 ], [ -76.271281859999988, 36.887247513000034 ], [ -76.271424233999937, 36.887181930000054 ], [ -76.27151192599996, 36.887141537000048 ], [ -76.271526173999973, 36.887132498000028 ], [ -76.271551991999956, 36.887119979000033 ], [ -76.271633556999973, 36.887068863000025 ], [ -76.271634178999989, 36.887063979000061 ], [ -76.271640973999979, 36.887059669000053 ], [ -76.271678536999957, 36.886756104000028 ], [ -76.271689846999948, 36.886547864000079 ], [ -76.271698923999963, 36.886470245000055 ], [ -76.271728159999952, 36.886286897000048 ], [ -76.271732597999971, 36.886249863000046 ], [ -76.271732765999957, 36.886254715000064 ], [ -76.271912769999972, 36.886261345000037 ], [ -76.271981914999969, 36.886263892000045 ], [ -76.272030032999965, 36.886268249000068 ], [ -76.272031665999975, 36.886268397000038 ], [ -76.272107033999987, 36.886218363000069 ], [ -76.272766545999957, 36.88579108600004 ], [ -76.27327330199995, 36.885476489000041 ], [ -76.273566389999985, 36.885292952000043 ], [ -76.273568773999955, 36.88529145800004 ], [ -76.273915296999974, 36.885284213000034 ], [ -76.273999309999965, 36.885282456000027 ], [ -76.274088021999944, 36.885281740000039 ], [ -76.274278834999961, 36.885187449000057 ], [ -76.274283237999953, 36.885185273000047 ], [ -76.274317569999937, 36.885237761000042 ], [ -76.274349363999988, 36.885279060000073 ], [ -76.274575509999977, 36.885281912000039 ], [ -76.274829931999989, 36.88529245400008 ], [ -76.274934761999987, 36.885299345000078 ], [ -76.27498404399995, 36.885301034000065 ], [ -76.275291632999938, 36.886155028000076 ], [ -76.275624995999976, 36.887075340000024 ], [ -76.275653635999959, 36.887114061000034 ], [ -76.275656854999966, 36.887118412000063 ], [ -76.275814521999962, 36.887330704000078 ], [ -76.275860110999986, 36.88739208700008 ], [ -76.27599412099994, 36.887558555000055 ], [ -76.276069404999987, 36.887652073000027 ], [ -76.275902520999978, 36.887648901000034 ], [ -76.275833283999987, 36.887647585000025 ], [ -76.275833879999936, 36.887649223000039 ], [ -76.275821213999961, 36.887649282000041 ], [ -76.276322466999943, 36.888991520000047 ], [ -76.276385955999956, 36.889161524000031 ], [ -76.275176539999961, 36.890432110000063 ], [ -76.273539684999946, 36.891195786000026 ], [ -76.273274976999971, 36.893121032000067 ], [ -76.272978571999943, 36.895276682000031 ], [ -76.272923176999939, 36.895325573000036 ], [ -76.272877742999981, 36.895362526000042 ], [ -76.271580321999977, 36.896507591000045 ], [ -76.270950850999952, 36.89706312800007 ], [ -76.270475364999982, 36.897767472000055 ], [ -76.270074597999951, 36.898361123000029 ], [ -76.269943904999934, 36.899004068000067 ], [ -76.268249770999944, 36.897781973000065 ], [ -76.26798810799994, 36.897592828000029 ], [ -76.267754359999969, 36.89693451100004 ], [ -76.267836917999944, 36.896789116000036 ], [ -76.267812317999983, 36.896722461000024 ] ] ] ] } },
{ "type": "Feature", "properties": { "OBJECTID": 61, "UID": 61, "LEAGUE": "Lamberts Point", "PRES_ADDRE": "1221 W 27th St", "MTG_FREQUE": "3rd Tuesday of each month", "MTG_TIME": "6:30 pm", "MTG_LOCATI": "Lamberts Point Community, 1251 W. 42nd St.", "SHAPE_LENG": 13813.135361099999, "NAME1": "Lamberts", "NAME2": "Point", "PRESIDENT": "Gloria Bostic", "E_MAIL": "gloriaoffline@aol.com", "created_user": null, "created_date": null, "last_edited_user": "WTILGHM", "last_edited_date": "2024-02-20T04:13:07Z", "Shape_Length": 0.044117537348860071, "Shape_Area": 0.00011525867942101127 }, "geometry": { "type": "MultiPolygon", "coordinates": [ [ [ [ -76.302561742999956, 36.887744530000077 ], [ -76.302453412999967, 36.886997970000039 ], [ -76.302389482999956, 36.886253614000054 ], [ -76.302338454999983, 36.884828157000072 ], [ -76.302260622999938, 36.88338787400005 ], [ -76.302258516999984, 36.883081116000028 ], [ -76.302231650999943, 36.882468599000049 ], [ -76.302231726999935, 36.882377464000058 ], [ -76.302225752999959, 36.88208108200007 ], [ -76.30222215799995, 36.881974538000065 ], [ -76.302194103999966, 36.881392810000079 ], [ -76.302125296999975, 36.879965944000048 ], [ -76.302108843999974, 36.879655999000079 ], [ -76.302109952999956, 36.879602890000058 ], [ -76.302082397999982, 36.879041555000072 ], [ -76.302075645999935, 36.878920545000028 ], [ -76.30202159199996, 36.877953838000053 ], [ -76.302011968999977, 36.877783894000061 ], [ -76.301993059999973, 36.877449916000046 ], [ -76.301974782999935, 36.87715428100006 ], [ -76.301947457999972, 36.876719919000038 ], [ -76.301928491999945, 36.876409145000025 ], [ -76.301973841999938, 36.876433059000078 ], [ -76.302645525999935, 36.876649585000052 ], [ -76.304578823999975, 36.877214891000051 ], [ -76.304785394999953, 36.877252954000028 ], [ -76.304823631999966, 36.877184807000049 ], [ -76.305100644999982, 36.87646791700007 ], [ -76.305493969999986, 36.87645139600005 ], [ -76.305673682999952, 36.875974031000055 ], [ -76.306259841999974, 36.875649100000032 ], [ -76.307052404, 36.875494867000043 ], [ -76.309540942999945, 36.87622198300005 ], [ -76.311121462999949, 36.876683782000043 ], [ -76.311957553999946, 36.876914781000039 ], [ -76.311670739999954, 36.878404426000031 ], [ -76.312293603999933, 36.878423181000073 ], [ -76.312361046999968, 36.878854256000068 ], [ -76.312793319999969, 36.887461507000069 ], [ -76.309250970999983, 36.887592208000058 ], [ -76.307377807999956, 36.887656298000024 ], [ -76.306093522999959, 36.887693076000062 ], [ -76.305957783999986, 36.887635594000074 ], [ -76.305844559999969, 36.887647902000026 ], [ -76.302561742999956, 36.887744530000077 ] ] ] ] } },
{ "type": "Feature", "properties": { "OBJECTID": 62, "UID": 62, "LEAGUE": "Larchmont and Edgewater", "PRES_ADDRE": "1046 Manchester Avenue", "MTG_FREQUE": "Bi-monthly, 3rd Thursday", "MTG_TIME": "7:00 pm", "MTG_LOCATI": "Larchmont United Methodist Church", "SHAPE_LENG": 24480.760194400002, "NAME1": "Larchmont/", "NAME2": "Edgewater", "PRESIDENT": "Michael Crockett", "E_MAIL": "mike.crockett@yahoo.com", "created_user": null, "created_date": null, "last_edited_user": "RFRASHE", "last_edited_date": "2025-03-11T13:54:24Z", "Shape_Length": 0.0781585866494732, "Shape_Area": 0.00038825932460261569 }, "geometry": { "type": "MultiPolygon", "coordinates": [ [ [ [ -76.302561742999956, 36.887744530000077 ], [ -76.305844559999969, 36.887647902000026 ], [ -76.305957783999986, 36.887635594000074 ], [ -76.306093522999959, 36.887693076000062 ], [ -76.307377807999956, 36.887656298000024 ], [ -76.309250970999983, 36.887592208000058 ], [ -76.312793319999969, 36.887461507000069 ], [ -76.312753068999939, 36.886640443000033 ], [ -76.314750882999988, 36.886564779000025 ], [ -76.317044339999939, 36.886482902000068 ], [ -76.317102641999952, 36.887338337000074 ], [ -76.318110370999989, 36.888429955000049 ], [ -76.318110956999988, 36.888430590000041 ], [ -76.317300854999985, 36.903620040000078 ], [ -76.312303633999989, 36.90442207600006 ], [ -76.305764426999986, 36.904598262000036 ], [ -76.301615344999959, 36.904341462000048 ], [ -76.29689732199995, 36.903180273000032 ], [ -76.292068953999944, 36.900644513000032 ], [ -76.29207132199997, 36.900620152000045 ], [ -76.292601279999985, 36.895168718000036 ], [ -76.293494719999956, 36.892442905000053 ], [ -76.293523812999979, 36.89243143200008 ], [ -76.293585879999966, 36.892406771000026 ], [ -76.293605385999967, 36.892399089000037 ], [ -76.293659781999963, 36.892377571000054 ], [ -76.293769126999962, 36.892334317000063 ], [ -76.293791560999978, 36.892325348000043 ], [ -76.293824209999968, 36.892312477000075 ], [ -76.293824618999963, 36.892312316000073 ], [ -76.293859486999963, 36.892298571000026 ], [ -76.29386023099994, 36.89229827500003 ], [ -76.294551421999984, 36.89181022300005 ], [ -76.295396750999942, 36.89148085000005 ], [ -76.296430123999983, 36.89112640500008 ], [ -76.297127909999972, 36.890065930000048 ], [ -76.297675696999988, 36.889886290000049 ], [ -76.297947242999953, 36.889724294000075 ], [ -76.297988541999985, 36.889699193000069 ], [ -76.298171174999936, 36.889588195000044 ], [ -76.298623049999946, 36.889335776000053 ], [ -76.298886118999974, 36.889184868000029 ], [ -76.299695738999958, 36.888563846000068 ], [ -76.299695858999939, 36.888563503000057 ], [ -76.299733251999953, 36.888452701000062 ], [ -76.300182688999939, 36.887797839000029 ], [ -76.30018642899995, 36.887797867000074 ], [ -76.300490180999986, 36.887786682000069 ], [ -76.301298641999949, 36.887768472000062 ], [ -76.302561742999956, 36.887744530000077 ] ] ] ] } },
{ "type": "Feature", "properties": { "OBJECTID": 63, "UID": 63, "LEAGUE": "Lindenwood and Barraud Park and Cottage Heights", "PRES_ADDRE": "946 Pollard Street ", "MTG_FREQUE": "3rd Tuesday", "MTG_TIME": "7:00 pm", "MTG_LOCATI": "Mt. Olive Baptist Church or New Union AME Ch.", "SHAPE_LENG": 13833.069426599999, "NAME1": "Lindenwood/", "NAME2": "Barraud Park/ Cottage Heights", "PRESIDENT": "Shavon Smith", "E_MAIL": "LCHBPCIVIC@gmail.com", "created_user": null, "created_date": null, "last_edited_user": "WTILGHM", "last_edited_date": "2024-02-20T15:14:27Z", "Shape_Length": 0.043749509956644075, "Shape_Area": 9.1033542988709477e-05 }, "geometry": { "type": "MultiPolygon", "coordinates": [ [ [ [ -76.270997282999986, 36.870836071000042 ], [ -76.269680414999982, 36.870034256000054 ], [ -76.269263334999948, 36.869682227000055 ], [ -76.268686074999948, 36.869195967000053 ], [ -76.267795544999956, 36.868781367000054 ], [ -76.267717952999988, 36.868745549000039 ], [ -76.266172770999958, 36.868151590000025 ], [ -76.26561703699997, 36.867864222000037 ], [ -76.264313559999948, 36.867191727000034 ], [ -76.262691389999986, 36.866195824000044 ], [ -76.262536903999944, 36.866100845000062 ], [ -76.262063855999941, 36.865561588000048 ], [ -76.261940816999982, 36.865508639000041 ], [ -76.261810430999958, 36.865469354000027 ], [ -76.261338168999941, 36.86532412400004 ], [ -76.261335722999945, 36.865323801000045 ], [ -76.261601970999948, 36.864760167000043 ], [ -76.261930646999986, 36.864098027000068 ], [ -76.262261107999961, 36.86346040400008 ], [ -76.262456782999948, 36.863025219000065 ], [ -76.262546079999936, 36.862842304000026 ], [ -76.262566257999936, 36.86269473200008 ], [ -76.262348753999959, 36.862609981000048 ], [ -76.262505641999951, 36.862334892000035 ], [ -76.262148187999969, 36.862069789000032 ], [ -76.262018499999954, 36.861724357000071 ], [ -76.262002527999982, 36.86105867100008 ], [ -76.261995964999983, 36.860526718000074 ], [ -76.262190843999974, 36.860158389000048 ], [ -76.262396829999943, 36.860186491000036 ], [ -76.263316593999946, 36.860304780000035 ], [ -76.265305669999975, 36.860560565000071 ], [ -76.268353713999943, 36.860968805000027 ], [ -76.26897655099998, 36.861065805000067 ], [ -76.269092145999934, 36.861094069000046 ], [ -76.269100203999983, 36.861471961000063 ], [ -76.269180018999975, 36.861936468000067 ], [ -76.269298489999983, 36.862370660000067 ], [ -76.269496397999944, 36.862807713000052 ], [ -76.269592356999965, 36.862971486000049 ], [ -76.269655042999943, 36.863086119000059 ], [ -76.269713485999944, 36.863186230000053 ], [ -76.269907151999973, 36.863460761000056 ], [ -76.270282610999971, 36.863772352000069 ], [ -76.270448766999948, 36.863905014000068 ], [ -76.271902289999957, 36.864940194000042 ], [ -76.273565234999978, 36.865714891000039 ], [ -76.273850597999967, 36.865815013000031 ], [ -76.273870285999976, 36.865821921000077 ], [ -76.273922311999968, 36.865840174000027 ], [ -76.273954754999977, 36.865848348000043 ], [ -76.274013906999983, 36.865864060000035 ], [ -76.274327518999939, 36.865947363000032 ], [ -76.274981958999945, 36.866129314000034 ], [ -76.275240349999933, 36.866194451000069 ], [ -76.275986822999982, 36.866388099000062 ], [ -76.27643132999998, 36.866506161000075 ], [ -76.276401332999967, 36.866578347000029 ], [ -76.27675168199994, 36.866673055000035 ], [ -76.27664780899994, 36.866976352000052 ], [ -76.276424221999946, 36.867617763000055 ], [ -76.276139739999962, 36.868499635000035 ], [ -76.27605114399995, 36.868604779000066 ], [ -76.276104754999949, 36.868853591000061 ], [ -76.276145060999966, 36.869019718000061 ], [ -76.276118123999936, 36.869082395000078 ], [ -76.276068543999941, 36.869174280000038 ], [ -76.275660325999979, 36.869826878000026 ], [ -76.275023468999962, 36.870522272000073 ], [ -76.275004928999977, 36.87054085300008 ], [ -76.274966147999976, 36.870488786000067 ], [ -76.274566088999961, 36.870669322000026 ], [ -76.274565276999965, 36.870670127000039 ], [ -76.274553899999944, 36.870675107000068 ], [ -76.274167309999939, 36.871064453000031 ], [ -76.272853742999985, 36.871196845000043 ], [ -76.272795441999961, 36.871202607000043 ], [ -76.27228768599997, 36.871375681000075 ], [ -76.272244504999946, 36.871797958000059 ], [ -76.270997282999986, 36.870836071000042 ] ] ] ] } },
{ "type": "Feature", "properties": { "OBJECTID": 64, "UID": 64, "LEAGUE": "Lochhaven", "PRES_ADDRE": "500 w. 21st Street, #300", "MTG_FREQUE": "Tuesday, Semi-Annually", "MTG_TIME": "6:00 pm", "MTG_LOCATI": "Norfolk Yacht & Country Club", "SHAPE_LENG": 11254.671146000001, "NAME1": "Lochhaven", "NAME2": "", "PRESIDENT": "Charles Nusbaum", "E_MAIL": "civicleaguelochhaven@gmail.com", "created_user": null, "created_date": null, "last_edited_user": "WTILGHM", "last_edited_date": "2024-02-16T20:29:08Z", "Shape_Length": 0.041319267360551033, "Shape_Area": 8.6410549327261706e-05 }, "geometry": { "type": "MultiPolygon", "coordinates": [ [ [ [ -76.305636217999961, 36.910208708000027 ], [ -76.305576233999943, 36.909562648000076 ], [ -76.305523487999949, 36.90902112100008 ], [ -76.305422351999937, 36.908142141000042 ], [ -76.305248963999986, 36.907447403000049 ], [ -76.30523797799998, 36.907396429000073 ], [ -76.307849121999936, 36.908083656000031 ], [ -76.30808245999998, 36.908743842000035 ], [ -76.307888936999973, 36.909209498000052 ], [ -76.309896220999974, 36.909695821000071 ], [ -76.311251777999985, 36.909098398000026 ], [ -76.312278353999943, 36.908112888000062 ], [ -76.313828817999934, 36.909542663000025 ], [ -76.316026601999965, 36.910326677000057 ], [ -76.319232626999963, 36.911201511000058 ], [ -76.319237899999962, 36.911202950000074 ], [ -76.318972205999955, 36.913900940000076 ], [ -76.318935278999959, 36.91427589500006 ], [ -76.318766019999941, 36.914302589000044 ], [ -76.318921581999973, 36.914611446000038 ], [ -76.318944153999951, 36.914663397000027 ], [ -76.318206989999965, 36.914899863000073 ], [ -76.31753312799998, 36.915109942000072 ], [ -76.317051254999967, 36.915126423000061 ], [ -76.316211841999973, 36.915653100000043 ], [ -76.312820169999952, 36.916753542000038 ], [ -76.310217146999946, 36.917200290000039 ], [ -76.309697552999978, 36.917301877000057 ], [ -76.309227227999941, 36.916864116000056 ], [ -76.308874549999985, 36.91653651200005 ], [ -76.308061425999938, 36.915785063000044 ], [ -76.307788677999952, 36.915514857000062 ], [ -76.307698968999944, 36.915422522000028 ], [ -76.307612717999973, 36.915328877000036 ], [ -76.307490261999988, 36.915185791000056 ], [ -76.307328260999952, 36.914990455000066 ], [ -76.307226045999982, 36.914857363000067 ], [ -76.307068199999947, 36.914636691000055 ], [ -76.306881286999953, 36.91435640800006 ], [ -76.306688251999958, 36.914051284000038 ], [ -76.306424954999954, 36.91357313900005 ], [ -76.306308863999959, 36.913328519000061 ], [ -76.306088950999936, 36.912770136000063 ], [ -76.305929616999947, 36.91224653900008 ], [ -76.305825058999972, 36.911840040000072 ], [ -76.305749825999953, 36.911366091000048 ], [ -76.305636217999961, 36.910208708000027 ] ] ] ] } },
{ "type": "Feature", "properties": { "OBJECTID": 65, "UID": 65, "LEAGUE": "Meadowbrook", "PRES_ADDRE": "PO Box 6072", "MTG_FREQUE": "2nd Monday every other month", "MTG_TIME": "7:00 pm", "MTG_LOCATI": "Church of the Good Shepherd, 7400 Hampton Blvd.", "SHAPE_LENG": 8496.6221061399992, "NAME1": "Meadowbrook", "NAME2": "", "PRESIDENT": "Jean Swartz", "E_MAIL": "meadowbrookcivicleague@gmail.com", "created_user": null, "created_date": null, "last_edited_user": "WTILGHM", "last_edited_date": "2024-02-17T18:11:39Z", "Shape_Length": 0.025918409152615909, "Shape_Area": 2.6425868812692856e-05 }, "geometry": { "type": "MultiPolygon", "coordinates": [ [ [ [ -76.303198501999987, 36.915817913000069 ], [ -76.30246679399994, 36.915800802000035 ], [ -76.302421245999938, 36.915800604000026 ], [ -76.302418897999985, 36.915800594000075 ], [ -76.302524553999945, 36.915592583000034 ], [ -76.302564552999968, 36.915515345000074 ], [ -76.302592993999951, 36.915460429000063 ], [ -76.302639797999973, 36.915380258000027 ], [ -76.302711215999977, 36.915277193000065 ], [ -76.302771538999934, 36.915202768000029 ], [ -76.302803231999974, 36.915166950000071 ], [ -76.302901175999978, 36.915066317000026 ], [ -76.302905643999964, 36.915061725000044 ], [ -76.302923848999967, 36.915045453000062 ], [ -76.302979406999953, 36.914995794000049 ], [ -76.30301099899998, 36.914968225000052 ], [ -76.303024776999962, 36.914965048000056 ], [ -76.303028375999986, 36.914958933000037 ], [ -76.303049628999986, 36.914933917000042 ], [ -76.303077703999975, 36.914909716000068 ], [ -76.303107453999985, 36.914885490000074 ], [ -76.303119753999965, 36.914875473000052 ], [ -76.303124093999941, 36.914872648000028 ], [ -76.303137189999973, 36.914864123000029 ], [ -76.303151066999988, 36.914853464000032 ], [ -76.303182599999957, 36.914832003000072 ], [ -76.303213993999975, 36.914811298000075 ], [ -76.303220409999938, 36.914806586000054 ], [ -76.303234968999959, 36.914795893000075 ], [ -76.303249734999952, 36.914784261000079 ], [ -76.303263478999952, 36.91477343400004 ], [ -76.30326648199997, 36.914771069000039 ], [ -76.303281509999977, 36.914759070000059 ], [ -76.303287496999985, 36.914754291000065 ], [ -76.303315649999945, 36.914727343000038 ], [ -76.303350959999989, 36.91468954000004 ], [ -76.30335195899994, 36.91468820800003 ], [ -76.303365194999969, 36.91467057400007 ], [ -76.303382366999983, 36.914649522000047 ], [ -76.303390027999967, 36.914640130000066 ], [ -76.303400884999974, 36.914619729000037 ], [ -76.303422315999967, 36.914588534000075 ], [ -76.303447844999937, 36.914534065000055 ], [ -76.303450252999937, 36.914529252000079 ], [ -76.303455363999944, 36.914519038000037 ], [ -76.303458740999986, 36.914512290000062 ], [ -76.303481228999942, 36.914444712000034 ], [ -76.303489081999942, 36.914409830000068 ], [ -76.30349317799994, 36.914386554000032 ], [ -76.303493853999953, 36.914363215000037 ], [ -76.30349795099994, 36.914339938000069 ], [ -76.30349896599995, 36.914304929000025 ], [ -76.303497763999985, 36.914294682000047 ], [ -76.303496221999978, 36.914281525000035 ], [ -76.303496407999944, 36.914275104000069 ], [ -76.303496897999935, 36.91425818600004 ], [ -76.303494134999937, 36.914235468000072 ], [ -76.30348797299996, 36.914212 ], [ -76.303485347999981, 36.914184478000038 ], [ -76.303457177999974, 36.914093975000071 ], [ -76.303442464999989, 36.91405822400003 ], [ -76.303434951999975, 36.914034492000042 ], [ -76.303408908999984, 36.913988674000052 ], [ -76.303386184999965, 36.913946352000039 ], [ -76.303369882999959, 36.913918574000036 ], [ -76.303312072999972, 36.913834166000072 ], [ -76.303293485999973, 36.913804439000046 ], [ -76.303242190999981, 36.913720438000041 ], [ -76.303207416999953, 36.913652604000049 ], [ -76.303185496999959, 36.913609841000039 ], [ -76.303164496999955, 36.913567882000052 ], [ -76.303163391999988, 36.913565202000029 ], [ -76.303160318999971, 36.913557749000063 ], [ -76.303153772999963, 36.913541872000053 ], [ -76.303116588999956, 36.913450225000076 ], [ -76.303100623999967, 36.913410776000035 ], [ -76.303078055999947, 36.913345423000067 ], [ -76.303064795999944, 36.913307026000041 ], [ -76.30305963099994, 36.913290500000073 ], [ -76.303040629999941, 36.913225699000066 ], [ -76.303039695999985, 36.913222513000051 ], [ -76.302952798999968, 36.912926165000044 ], [ -76.30293508799997, 36.912865766000039 ], [ -76.302932053999939, 36.912855259000025 ], [ -76.302857031999963, 36.912595446000068 ], [ -76.302856900999984, 36.912594993000027 ], [ -76.302851138999984, 36.912575039000046 ], [ -76.302844836999952, 36.912556376000055 ], [ -76.302833287999988, 36.912482669000042 ], [ -76.302833716999942, 36.912453908000032 ], [ -76.302834640999947, 36.912435989000073 ], [ -76.302835892999951, 36.912427687000047 ], [ -76.302838876999942, 36.912407908000034 ], [ -76.302839057999961, 36.912401659000068 ], [ -76.302839413999948, 36.912389373000053 ], [ -76.302871804999938, 36.912216208000075 ], [ -76.302872739999941, 36.912183945000038 ], [ -76.302874197999984, 36.912173353000071 ], [ -76.302911098999971, 36.912171010000066 ], [ -76.302916474999961, 36.912170669000034 ], [ -76.302922106999972, 36.912170311000068 ], [ -76.302973273999953, 36.91208225400004 ], [ -76.302823893999971, 36.911674079000079 ], [ -76.302814867999984, 36.911649416000046 ], [ -76.302799413999935, 36.911607188000062 ], [ -76.302787538999951, 36.911502839000036 ], [ -76.302780757999983, 36.911453208000069 ], [ -76.30277745799998, 36.911434883000027 ], [ -76.302744897999958, 36.91125981700003 ], [ -76.302702456999953, 36.910976733000041 ], [ -76.302705770999978, 36.91096568200004 ], [ -76.302903187999959, 36.910307384000077 ], [ -76.302674381999964, 36.908409154000026 ], [ -76.302678080999954, 36.90840885700004 ], [ -76.303557896999962, 36.908316066000054 ], [ -76.303653807999979, 36.90776732300003 ], [ -76.305248963999986, 36.907447403000049 ], [ -76.305422351999937, 36.908142141000042 ], [ -76.305523487999949, 36.90902112100008 ], [ -76.305576233999943, 36.909562648000076 ], [ -76.305636217999961, 36.910208708000027 ], [ -76.305749825999953, 36.911366091000048 ], [ -76.305825058999972, 36.911840040000072 ], [ -76.305929616999947, 36.91224653900008 ], [ -76.306088950999936, 36.912770136000063 ], [ -76.306308863999959, 36.913328519000061 ], [ -76.306424954999954, 36.91357313900005 ], [ -76.306688251999958, 36.914051284000038 ], [ -76.306881286999953, 36.91435640800006 ], [ -76.307068199999947, 36.914636691000055 ], [ -76.307226045999982, 36.914857363000067 ], [ -76.307328260999952, 36.914990455000066 ], [ -76.307490261999988, 36.915185791000056 ], [ -76.307612717999973, 36.915328877000036 ], [ -76.307698968999944, 36.915422522000028 ], [ -76.307788677999952, 36.915514857000062 ], [ -76.308061425999938, 36.915785063000044 ], [ -76.307522121999966, 36.916099540000062 ], [ -76.307482246999939, 36.916095971000061 ], [ -76.307115832999955, 36.916064970000036 ], [ -76.306605360999981, 36.91602664100003 ], [ -76.306570619999945, 36.916024236000055 ], [ -76.30616026499996, 36.915999130000046 ], [ -76.306123962999948, 36.915996908000068 ], [ -76.30476619999996, 36.915913824000029 ], [ -76.304157883999949, 36.915870385000062 ], [ -76.303506628999969, 36.915836636000051 ], [ -76.303198501999987, 36.915817913000069 ] ] ] ] } },
{ "type": "Feature", "properties": { "OBJECTID": 66, "UID": 66, "LEAGUE": "Lake Whitehurst West ", "PRES_ADDRE": "PO Box 9671", "MTG_FREQUE": "3rd Tuesday, monthly", "MTG_TIME": "7:00 pm", "MTG_LOCATI": "Larrymore Lawns Elementary School", "SHAPE_LENG": 16029.1395309, "NAME1": "Lake Whitehurst", "NAME2": "West", "PRESIDENT": "Alex McConnaghy", "E_MAIL": "adm2005@cox.net", "created_user": null, "created_date": null, "last_edited_user": "WTILGHM", "last_edited_date": "2024-02-19T18:21:55Z", "Shape_Length": 0.07335951093689895, "Shape_Area": 0.00028565683115232586 }, "geometry": { "type": "MultiPolygon", "coordinates": [ [ [ [ -76.221228555999971, 36.915242350000028 ], [ -76.220531912999945, 36.915197246000048 ], [ -76.219892433999973, 36.915185531000077 ], [ -76.217486768999947, 36.915189129000055 ], [ -76.217502869999976, 36.914981332000025 ], [ -76.217540132999943, 36.914635915000076 ], [ -76.217607864999934, 36.913933723000071 ], [ -76.217615905999935, 36.913933499000052 ], [ -76.217616523999936, 36.913927769000054 ], [ -76.218496485999935, 36.913909027000045 ], [ -76.218543012999987, 36.91390773300003 ], [ -76.217648450999945, 36.913527121000072 ], [ -76.217486756999961, 36.912647557000071 ], [ -76.217359451999982, 36.912339423000049 ], [ -76.21731529799996, 36.912223787000073 ], [ -76.217196129999934, 36.911511705000066 ], [ -76.21630457699996, 36.910692544000028 ], [ -76.215623613999981, 36.909561114000041 ], [ -76.215046340999947, 36.909226966000062 ], [ -76.214734935999957, 36.909229154000059 ], [ -76.213914563999936, 36.908750948000034 ], [ -76.213850177999973, 36.90873046300004 ], [ -76.213091344999953, 36.908480796000049 ], [ -76.212639122999974, 36.907689776000041 ], [ -76.212576870999953, 36.907493093000028 ], [ -76.21249632699994, 36.907252947000075 ], [ -76.21244666299998, 36.907067939000058 ], [ -76.212369798999987, 36.906896790000076 ], [ -76.212366691999989, 36.906890859000043 ], [ -76.212364280999964, 36.90688695800003 ], [ -76.21235571699998, 36.906877893000058 ], [ -76.212398442999984, 36.906853523000052 ], [ -76.212488679999979, 36.906806930000073 ], [ -76.212655470999948, 36.906716353000036 ], [ -76.212883802999954, 36.906582516000071 ], [ -76.213083643999937, 36.906454678000046 ], [ -76.213941588999944, 36.905908738000051 ], [ -76.215271771999937, 36.903791467000076 ], [ -76.215066546999935, 36.903063874000054 ], [ -76.215001257999972, 36.902854554000044 ], [ -76.214955122999982, 36.902702536000049 ], [ -76.214941213999964, 36.902690349000068 ], [ -76.215598396999951, 36.902139497000064 ], [ -76.216311408999957, 36.901381738000055 ], [ -76.216450790999943, 36.900700857000061 ], [ -76.21646885499996, 36.900612614000067 ], [ -76.216579755999987, 36.900523519000046 ], [ -76.216659454999956, 36.90045948900007 ], [ -76.21685892499994, 36.900299035000046 ], [ -76.216863075999981, 36.900295663000065 ], [ -76.216925703999948, 36.900244790000045 ], [ -76.216983500999959, 36.900197449000075 ], [ -76.21698635499996, 36.900195522000047 ], [ -76.217125499999952, 36.900101579000079 ], [ -76.217377760999966, 36.899895199000071 ], [ -76.217555976999961, 36.899749395000072 ], [ -76.217888778999964, 36.899484179000069 ], [ -76.218166639999936, 36.899274892000051 ], [ -76.218423220999966, 36.89989156300004 ], [ -76.218683139999939, 36.900515580000047 ], [ -76.220270419999963, 36.900117130000069 ], [ -76.220553162999977, 36.900042939000059 ], [ -76.221346232999963, 36.899834405000036 ], [ -76.222959917999958, 36.899410986000078 ], [ -76.223684040999956, 36.899219646000063 ], [ -76.225178513999936, 36.898778089000075 ], [ -76.22588505899995, 36.898602193000045 ], [ -76.22606755299995, 36.898562453000068 ], [ -76.226315066999973, 36.898521909000067 ], [ -76.228327680999939, 36.901354150000031 ], [ -76.229779831999963, 36.903244223000058 ], [ -76.230537612999967, 36.904293683000049 ], [ -76.230969670999968, 36.904876138000077 ], [ -76.231810735999943, 36.906027841000025 ], [ -76.234013863999962, 36.909044539000035 ], [ -76.233993492999957, 36.909054582000067 ], [ -76.234099888999936, 36.909191141000065 ], [ -76.234395173999985, 36.909580195000046 ], [ -76.234508281999979, 36.909746741000049 ], [ -76.234720462999974, 36.910022668000067 ], [ -76.234855264999965, 36.910190083000032 ], [ -76.234898844999975, 36.910244207000062 ], [ -76.234986740999943, 36.910369065000054 ], [ -76.23507253799994, 36.910490942000024 ], [ -76.235310278999975, 36.910833738000065 ], [ -76.235400291999952, 36.91094718100004 ], [ -76.235553397, 36.911160432000031 ], [ -76.235694385999977, 36.911363727000037 ], [ -76.235780139999974, 36.911475680000081 ], [ -76.235817269999984, 36.911512856000058 ], [ -76.236260211999934, 36.912123961000077 ], [ -76.236775253999951, 36.91283446500006 ], [ -76.236992167999972, 36.913132613000073 ], [ -76.237944461999973, 36.914470382000047 ], [ -76.238094640999975, 36.91480708000006 ], [ -76.23807557899994, 36.915004780000061 ], [ -76.238045625999973, 36.915064577000066 ], [ -76.237931315999958, 36.915216119000036 ], [ -76.237798253999983, 36.915292832000034 ], [ -76.237389976999964, 36.915443899000024 ], [ -76.236807884999962, 36.915630175000047 ], [ -76.236748549999959, 36.915649163000069 ], [ -76.23668119499996, 36.915670717000069 ], [ -76.236584185999959, 36.915693547000046 ], [ -76.236567466999986, 36.915698061000057 ], [ -76.236333170999956, 36.915752620000035 ], [ -76.236228663999952, 36.915777665000064 ], [ -76.234147643999961, 36.916276366000034 ], [ -76.233634723999955, 36.916399836000039 ], [ -76.232890334, 36.916577799000038 ], [ -76.232181451999963, 36.916712485000062 ], [ -76.231958335999934, 36.916746905000025 ], [ -76.23139473599997, 36.916818190000072 ], [ -76.230285709999976, 36.916891434000036 ], [ -76.230212016999985, 36.916893578000042 ], [ -76.230013472999985, 36.916896612000073 ], [ -76.230005417999962, 36.91689662400006 ], [ -76.229980551999972, 36.916897084000027 ], [ -76.229919858999949, 36.916896749000045 ], [ -76.229860146999954, 36.916897354000071 ], [ -76.229815008999935, 36.91689690100003 ], [ -76.228668884999934, 36.916796771000065 ], [ -76.227860351999936, 36.916644094000048 ], [ -76.226575716999946, 36.916358240000079 ], [ -76.22587981099997, 36.916185301000041 ], [ -76.224703913999974, 36.915893068000059 ], [ -76.223678451999945, 36.915641430000051 ], [ -76.222203458999957, 36.915364272000033 ], [ -76.221228555999971, 36.915242350000028 ] ] ] ] } },
{ "type": "Feature", "properties": { "OBJECTID": 67, "UID": 67, "LEAGUE": "Meadowbrook Woods", "PRES_ADDRE": "6830 Orangewood Avenue", "MTG_FREQUE": "Online Only", "MTG_TIME": "", "MTG_LOCATI": "Online Only", "SHAPE_LENG": 5465.5998882599997, "NAME1": "Meadowbrook", "NAME2": "Woods", "PRESIDENT": "Kathryn Ju'nell Curry-Robinson (Acting)", "E_MAIL": "KathrynJCR@gmail.com", "created_user": null, "created_date": null, "last_edited_user": "RFRASHE", "last_edited_date": "2022-07-21T14:00:55Z", "Shape_Length": 0.017893718605607654, "Shape_Area": 1.4138694056058774e-05 }, "geometry": { "type": "MultiPolygon", "coordinates": [ [ [ [ -76.233129352999981, 36.904983910000055 ], [ -76.233125387999962, 36.904978646000075 ], [ -76.231869798999981, 36.905317105000051 ], [ -76.231806880999955, 36.90533375800004 ], [ -76.231504627999982, 36.904916501000059 ], [ -76.231465384999979, 36.904855987000076 ], [ -76.231426121999959, 36.904796161000036 ], [ -76.231386900999951, 36.904734960000042 ], [ -76.231341313999962, 36.904657840000027 ], [ -76.231315337999945, 36.904611319000026 ], [ -76.231286107999949, 36.904559241000072 ], [ -76.231224678, 36.904439917000047 ], [ -76.23120199799996, 36.904397581000069 ], [ -76.231179296999983, 36.904355932000044 ], [ -76.231153177999943, 36.904314216000046 ], [ -76.231127036999965, 36.904273188000047 ], [ -76.231100875999971, 36.90423284600007 ], [ -76.231074715999966, 36.904192503000047 ], [ -76.231048533999967, 36.904152848000024 ], [ -76.231018932999973, 36.904113125000038 ], [ -76.230989312999952, 36.904074090000051 ], [ -76.230956271999958, 36.904034988000035 ], [ -76.230926610999973, 36.903997326000024 ], [ -76.230893529999946, 36.903959597000039 ], [ -76.230850539999949, 36.903910001000042 ], [ -76.230677352999976, 36.903752803000032 ], [ -76.230640852999954, 36.903715007000073 ], [ -76.230604353, 36.903677212000048 ], [ -76.230567873999973, 36.903638731000058 ], [ -76.230531413999984, 36.903599564000046 ], [ -76.230498394999984, 36.903559776000066 ], [ -76.230465376999973, 36.903519988000028 ], [ -76.230432377999989, 36.903479513000036 ], [ -76.230399379999938, 36.903439038000045 ], [ -76.230369842999949, 36.903397256000062 ], [ -76.230336884999986, 36.903355409000028 ], [ -76.23030734799994, 36.903313627000045 ], [ -76.230281248999972, 36.903271226000072 ], [ -76.230251750999969, 36.903228071000058 ], [ -76.230225693999955, 36.903184296000063 ], [ -76.230199636999942, 36.903140522000058 ], [ -76.23017699899998, 36.903096813000047 ], [ -76.230154380999977, 36.903052417000026 ], [ -76.230131762999974, 36.903008023000041 ], [ -76.230102656999975, 36.902951826000049 ], [ -76.230240917999936, 36.902904355000032 ], [ -76.230271956999957, 36.902896025000075 ], [ -76.230292635999945, 36.902890931000059 ], [ -76.230309894999948, 36.902885768000033 ], [ -76.230330531999982, 36.902882046000059 ], [ -76.230361467999955, 36.902877148000073 ], [ -76.230608849999953, 36.902841402000035 ], [ -76.232103414999983, 36.902626420000047 ], [ -76.232120570999939, 36.902624690000039 ], [ -76.232137727999941, 36.902622960000031 ], [ -76.232154843999979, 36.902622604000044 ], [ -76.23217879699996, 36.902622380000025 ], [ -76.232195849999982, 36.902624082000045 ], [ -76.232212904999983, 36.902625785000055 ], [ -76.232243573999938, 36.902629811000054 ], [ -76.232260564999933, 36.90263357300006 ], [ -76.232277537999948, 36.902638022000076 ], [ -76.232304622999948, 36.902647474000048 ], [ -76.232328247999988, 36.902658232000078 ], [ -76.232361985999944, 36.902673994000054 ], [ -76.232382150999968, 36.902686059000075 ], [ -76.232402315999934, 36.902698125000029 ], [ -76.232435910999982, 36.902718692000064 ], [ -76.232515841999941, 36.902699936000033 ], [ -76.232500490999939, 36.902646219000076 ], [ -76.233145829999955, 36.902552101000026 ], [ -76.233196920999944, 36.90259515200006 ], [ -76.233162718999949, 36.90262954700006 ], [ -76.233131838999952, 36.902669617000072 ], [ -76.233129519999977, 36.902691502000039 ], [ -76.233257911999942, 36.902686469000059 ], [ -76.23326862, 36.902671565000048 ], [ -76.233279246999984, 36.902659407000044 ], [ -76.23329677299995, 36.902645320000033 ], [ -76.233307337999975, 36.902635222000072 ], [ -76.233321321999938, 36.902625189000048 ], [ -76.233335264999937, 36.902616529000056 ], [ -76.233356085999958, 36.902606628000058 ], [ -76.233376866999947, 36.902598099000045 ], [ -76.233397606999972, 36.902590943000064 ], [ -76.234097119999944, 36.902498944000058 ], [ -76.234234211999933, 36.902482508000048 ], [ -76.234351527999934, 36.902432302000079 ], [ -76.234504741999956, 36.90237324800006 ], [ -76.234677734999934, 36.902347964000057 ], [ -76.235069275999933, 36.902287302000047 ], [ -76.235127726999963, 36.902277439000045 ], [ -76.235165561999963, 36.902270613000042 ], [ -76.235206855999934, 36.902262479000058 ], [ -76.235248170999967, 36.902253660000042 ], [ -76.235289486999989, 36.902244840000037 ], [ -76.235327403999975, 36.902235267000037 ], [ -76.235355001999949, 36.90222755700006 ], [ -76.235386078999966, 36.902217854000071 ], [ -76.235413779999988, 36.90220671000003 ], [ -76.235438122999938, 36.902193443000044 ], [ -76.235458964999964, 36.902182855000035 ], [ -76.235469448999936, 36.902175502000034 ], [ -76.235825299999988, 36.90194402000003 ], [ -76.235938552999983, 36.90204648200006 ], [ -76.236055283999974, 36.902146950000031 ], [ -76.23617547799995, 36.902246112000057 ], [ -76.236295732999963, 36.902343214000041 ], [ -76.236529814999983, 36.902523555000073 ], [ -76.236549919999959, 36.90253768000008 ], [ -76.236929421999946, 36.902774396000041 ], [ -76.236962997999967, 36.902795648000051 ], [ -76.236996531999978, 36.902818273000037 ], [ -76.23700987999996, 36.902829521000058 ], [ -76.237039974999959, 36.90285276600008 ], [ -76.237056722999966, 36.902864764000071 ], [ -76.237083336999945, 36.902890003000039 ], [ -76.237096642999973, 36.902902623000045 ], [ -76.237126655999987, 36.902928614000075 ], [ -76.237149810999938, 36.902955160000033 ], [ -76.237176363999936, 36.902982459000043 ], [ -76.237199456999974, 36.903011064000054 ], [ -76.237209303999975, 36.903024991000052 ], [ -76.237232377999987, 36.903054282000028 ], [ -76.237252030999969, 36.903083508000066 ], [ -76.237271642999985, 36.903114107000079 ], [ -76.23728783699994, 36.90314464000005 ], [ -76.237304009999946, 36.903175861000079 ], [ -76.237320181999962, 36.903207080000072 ], [ -76.237332895999941, 36.903239607000046 ], [ -76.237345629999936, 36.903271447000066 ], [ -76.23735185299995, 36.903292172000079 ], [ -76.23757735199996, 36.903989544000069 ], [ -76.237460794999947, 36.90399760300005 ], [ -76.237344198999949, 36.904007035000063 ], [ -76.237230978999946, 36.904017906000036 ], [ -76.237114279999957, 36.904030770000077 ], [ -76.237000957999953, 36.904045072000031 ], [ -76.236884176999979, 36.904060682000079 ], [ -76.236770752999973, 36.904078415000072 ], [ -76.236657288999936, 36.904097524000065 ], [ -76.23654376199994, 36.904118690000075 ], [ -76.236430213999938, 36.90414054300004 ], [ -76.236316605999946, 36.904164455000057 ], [ -76.235410392999938, 36.904381213000079 ], [ -76.234717289999935, 36.904564295000057 ], [ -76.233129352999981, 36.904983910000055 ] ] ] ] } },
{ "type": "Feature", "properties": { "OBJECTID": 68, "UID": 68, "LEAGUE": "Middle Towne Arch", "PRES_ADDRE": "PO Box 1742", "MTG_FREQUE": "Quarterly,, 3rd Thursdays", "MTG_TIME": "7:00 pm", "MTG_LOCATI": "Second Calvary Baptist Church, 2940 Corprew Avenue", "SHAPE_LENG": 6821.5888096299996, "NAME1": "Middle", "NAME2": "Towne Arch", "PRESIDENT": "Harold Perkins", "E_MAIL": "hlphlp@cox.net", "created_user": null, "created_date": null, "last_edited_user": null, "last_edited_date": null, "Shape_Length": 0.021417156058518946, "Shape_Area": 2.085153540843116e-05 }, "geometry": { "type": "MultiPolygon", "coordinates": [ [ [ [ -76.248637546999987, 36.849739668000041 ], [ -76.248652543999981, 36.849722609000025 ], [ -76.248722458999964, 36.849643077000053 ], [ -76.249069124999949, 36.849250663000078 ], [ -76.249481271999969, 36.848840270000039 ], [ -76.249680417999969, 36.848695727000063 ], [ -76.249930809999967, 36.848552165000058 ], [ -76.250152322999952, 36.848460250000073 ], [ -76.250653833999934, 36.848263802000076 ], [ -76.250889600999983, 36.848152240000047 ], [ -76.251099993999958, 36.848149255000067 ], [ -76.251221620999956, 36.848187762000066 ], [ -76.251373822999938, 36.848437346000026 ], [ -76.251534180999954, 36.848597329000029 ], [ -76.251585235999983, 36.848622284000044 ], [ -76.251637162999941, 36.848659865000059 ], [ -76.251811353999983, 36.848725281000043 ], [ -76.252023158999975, 36.848758935000035 ], [ -76.252096446999985, 36.848755223000069 ], [ -76.252305348999982, 36.848723520000078 ], [ -76.252439077999952, 36.848671517000071 ], [ -76.252589727999975, 36.848559287000057 ], [ -76.252686750999942, 36.848482915000034 ], [ -76.253331593999974, 36.847951498000043 ], [ -76.253478910999945, 36.847829715000046 ], [ -76.253720510999983, 36.847686334000059 ], [ -76.254056859999935, 36.847521743000073 ], [ -76.254288427999938, 36.847440660000075 ], [ -76.254654965999976, 36.847362156000031 ], [ -76.255032409999956, 36.847329905000038 ], [ -76.255142546999934, 36.847341877000076 ], [ -76.255310234999968, 36.847345082000061 ], [ -76.255599553999957, 36.84738679000003 ], [ -76.255908542999975, 36.847455184000069 ], [ -76.256152093999958, 36.847522327000036 ], [ -76.256362438999986, 36.847605280000039 ], [ -76.256800405999968, 36.847855633000052 ], [ -76.256976152999982, 36.848024829000053 ], [ -76.257134567999969, 36.848195900000064 ], [ -76.257360036999955, 36.848757456000044 ], [ -76.257431578999956, 36.849214222000057 ], [ -76.257428235999953, 36.849572672000079 ], [ -76.257478406999951, 36.850535216000026 ], [ -76.255176481999968, 36.850575722000031 ], [ -76.252823302999957, 36.850615203000075 ], [ -76.251154313999962, 36.850638892000063 ], [ -76.250531296999952, 36.850666798000077 ], [ -76.250428795999937, 36.850664835000032 ], [ -76.25037443399998, 36.85065349100006 ], [ -76.250245556999971, 36.850618740000073 ], [ -76.249922564999963, 36.850443587000029 ], [ -76.249272862999987, 36.850103512000032 ], [ -76.248637546999987, 36.849739668000041 ] ] ] ] } },
{ "type": "Feature", "properties": { "OBJECTID": 69, "UID": 69, "LEAGUE": "Miltary Circle", "PRES_ADDRE": "No Information Available", "MTG_FREQUE": "No Information Available", "MTG_TIME": "unknown", "MTG_LOCATI": "No Information Available", "SHAPE_LENG": 9531.2045363399993, "NAME1": "Military", "NAME2": "Circle", "PRESIDENT": "No Information", "E_MAIL": "None", "created_user": null, "created_date": null, "last_edited_user": "WTILGHM", "last_edited_date": "2024-02-20T05:41:09Z", "Shape_Length": 0.029796801478493104, "Shape_Area": 5.5042480514667938e-05 }, "geometry": { "type": "MultiPolygon", "coordinates": [ [ [ [ -76.210056413999951, 36.848907194000049 ], [ -76.210230721999949, 36.848908532000053 ], [ -76.21014753299994, 36.849083921000044 ], [ -76.210147289999952, 36.84909198400004 ], [ -76.210146502999976, 36.849093715000038 ], [ -76.210086841999953, 36.851070008000079 ], [ -76.210016877999976, 36.853387467000061 ], [ -76.209992774999989, 36.854185811000036 ], [ -76.209997905999955, 36.854199134000055 ], [ -76.21001161099997, 36.854237950000027 ], [ -76.210025716999951, 36.85427134400004 ], [ -76.210030500999949, 36.854282671000078 ], [ -76.210046152999951, 36.854324408000025 ], [ -76.209059717999935, 36.855308482000055 ], [ -76.208738958999959, 36.855783109000072 ], [ -76.206196446999968, 36.855698186000041 ], [ -76.203474631999939, 36.85560259500005 ], [ -76.203448809999941, 36.855213329000037 ], [ -76.199779716999956, 36.850612393000063 ], [ -76.199761745999979, 36.850590189000059 ], [ -76.199740174999988, 36.850563538000074 ], [ -76.20041105599995, 36.850310862000072 ], [ -76.202993209999988, 36.849372320000043 ], [ -76.203899811999975, 36.849124234000044 ], [ -76.20461851999994, 36.848871784000039 ], [ -76.210056413999951, 36.848907194000049 ] ] ] ] } },
{ "type": "Feature", "properties": { "OBJECTID": 70, "UID": 70, "LEAGUE": "Monticello Village", "PRES_ADDRE": "No information Available", "MTG_FREQUE": "3rd Thursday each month", "MTG_TIME": "7:00 pm", "MTG_LOCATI": "Wesley Gracel United Methodist Church, 288 E. Little Creek Road", "SHAPE_LENG": 8126.2808508300004, "NAME1": "Monticello", "NAME2": "Village", "PRESIDENT": "Diane M. Wishart", "E_MAIL": "monticellovillageCL@gmail.com", "created_user": null, "created_date": null, "last_edited_user": "WTILGHM", "last_edited_date": "2024-02-16T19:40:41Z", "Shape_Length": 0.02597338772429153, "Shape_Area": 3.7487649477690604e-05 }, "geometry": { "type": "MultiPolygon", "coordinates": [ [ [ [ -76.261284804999946, 36.924045970000066 ], [ -76.261225425999953, 36.923985205000065 ], [ -76.260985326999958, 36.924111562000064 ], [ -76.260739677999936, 36.923411015000056 ], [ -76.260647184999982, 36.923270646000049 ], [ -76.260323507999942, 36.923034581000024 ], [ -76.260102168999936, 36.92238534300003 ], [ -76.259504209999989, 36.922075022000058 ], [ -76.259475566999981, 36.921848810000029 ], [ -76.259478983999941, 36.921841963000077 ], [ -76.259436596999933, 36.921541020000063 ], [ -76.259242622999977, 36.92123540800003 ], [ -76.259254626999962, 36.919877247000045 ], [ -76.259248581999941, 36.919437135000067 ], [ -76.259233777999953, 36.919285338000066 ], [ -76.259218774999965, 36.91907202200008 ], [ -76.259207198999945, 36.918907459000025 ], [ -76.259207193999941, 36.918907391000062 ], [ -76.259195624999961, 36.918742929000075 ], [ -76.259184894999976, 36.91859037200004 ], [ -76.259183735999954, 36.918569681000065 ], [ -76.259176987999979, 36.91844922000007 ], [ -76.259122926999964, 36.917708762000075 ], [ -76.259119109999972, 36.917633398000078 ], [ -76.260028257999977, 36.917810326000051 ], [ -76.261073445999955, 36.918013432000066 ], [ -76.261834783999973, 36.918161372000043 ], [ -76.261936848999937, 36.91818117300005 ], [ -76.262154759999987, 36.918217604000063 ], [ -76.262372932999938, 36.918245109000054 ], [ -76.262376339999946, 36.918245454000044 ], [ -76.262447984999937, 36.918252719000066 ], [ -76.262516984999934, 36.918258662000028 ], [ -76.262519658999963, 36.91825889200004 ], [ -76.262594791999959, 36.918263757000034 ], [ -76.262816932999954, 36.918272792000039 ], [ -76.262964041999965, 36.918273531000068 ], [ -76.263186649999966, 36.918266777000042 ], [ -76.263337482999987, 36.918257284000049 ], [ -76.263409541999977, 36.918250413000067 ], [ -76.263557135999974, 36.918234676000054 ], [ -76.263777053999945, 36.918203144000074 ], [ -76.263921532999973, 36.91817704500005 ], [ -76.263993812999956, 36.918162623000057 ], [ -76.26413505499994, 36.918130280000071 ], [ -76.26426603799996, 36.918097743000033 ], [ -76.264335040999981, 36.918078450000053 ], [ -76.264428243999987, 36.918050687000061 ], [ -76.264635533999979, 36.917983197000069 ], [ -76.264747174999968, 36.917941450000058 ], [ -76.264836245999959, 36.917906654000035 ], [ -76.264967917999968, 36.917850775000034 ], [ -76.265094252999972, 36.91779217800007 ], [ -76.265470922999953, 36.917617882000059 ], [ -76.265980689999935, 36.917386591000025 ], [ -76.266052573999957, 36.917486333000056 ], [ -76.266430593999985, 36.91804111700003 ], [ -76.265951507999944, 36.918945271000041 ], [ -76.266686443999959, 36.919424699000047 ], [ -76.266605483999967, 36.919555067000033 ], [ -76.266560283, 36.919742694000035 ], [ -76.266556240999989, 36.91990719100005 ], [ -76.266640295999935, 36.920106091000036 ], [ -76.266662584999949, 36.920712790000039 ], [ -76.266425489999961, 36.921030213000051 ], [ -76.266412855999988, 36.921294604000025 ], [ -76.266132633999973, 36.921641889000057 ], [ -76.26598602599995, 36.921754922000048 ], [ -76.265398938999965, 36.922045627000045 ], [ -76.265134717999956, 36.922521928000037 ], [ -76.264963013999989, 36.922619161000057 ], [ -76.264776500999972, 36.922705506000057 ], [ -76.264558571999942, 36.922768780000069 ], [ -76.264224927999976, 36.922933187000069 ], [ -76.264056554999968, 36.923145501000079 ], [ -76.263701115999936, 36.923776924000038 ], [ -76.263571010999954, 36.923919178000062 ], [ -76.263236566999979, 36.924050172000079 ], [ -76.263008927999977, 36.924212344000068 ], [ -76.262799112999971, 36.924477017000072 ], [ -76.262248152999973, 36.924516097000037 ], [ -76.261612238999987, 36.924381046000065 ], [ -76.261284804999946, 36.924045970000066 ] ] ] ] } },
{ "type": "Feature", "properties": { "OBJECTID": 71, "UID": 71, "LEAGUE": "Newtown South", "PRES_ADDRE": "No information Available", "MTG_FREQUE": "4th Wednesday of each month", "MTG_TIME": "7:00 pm", "MTG_LOCATI": "Fairlawn Recreation Center", "SHAPE_LENG": 7467.8305467299997, "NAME1": "Newtown", "NAME2": "South", "PRESIDENT": "Ford Mason", "E_MAIL": "ford0910@cox.net", "created_user": null, "created_date": null, "last_edited_user": "NORFOLKGIS", "last_edited_date": "2019-06-13T19:53:14Z", "Shape_Length": 0.020780855144936425, "Shape_Area": 2.5763010913518862e-05 }, "geometry": { "type": "MultiPolygon", "coordinates": [ [ [ [ -76.178475639999988, 36.852056259000051 ], [ -76.178702000999976, 36.851561768000067 ], [ -76.178897579999955, 36.851236419000031 ], [ -76.17918452899994, 36.85057536000005 ], [ -76.179539905999945, 36.849871871000062 ], [ -76.179760917999943, 36.849518498000066 ], [ -76.180352315999983, 36.848950700000046 ], [ -76.18084231399996, 36.848419605000061 ], [ -76.181408626999939, 36.847862424000027 ], [ -76.18288940399998, 36.850634134000074 ], [ -76.183259995999947, 36.851361987000075 ], [ -76.183527247999962, 36.851892455000041 ], [ -76.184009817999936, 36.852591687000029 ], [ -76.183977135999953, 36.85288844300004 ], [ -76.183916500999942, 36.85384272500005 ], [ -76.183672168999976, 36.853850562000048 ], [ -76.183602550999979, 36.854583197000068 ], [ -76.183081845999936, 36.854564679000077 ], [ -76.182012386999986, 36.854543577000072 ], [ -76.180386599999963, 36.854501016000029 ], [ -76.179621339999983, 36.854456103000075 ], [ -76.178921616999958, 36.854418546000034 ], [ -76.178584255999965, 36.854399628000067 ], [ -76.178115828999978, 36.854289400000027 ], [ -76.177912019999951, 36.854219432000036 ], [ -76.177932058999943, 36.854130098000041 ], [ -76.177964979999956, 36.853989488000025 ], [ -76.178098768999973, 36.853358103000062 ], [ -76.17812820599994, 36.853197714000032 ], [ -76.178243003999967, 36.85278605700006 ], [ -76.178292364999947, 36.852642486000036 ], [ -76.178362902999936, 36.852393533000054 ], [ -76.178475639999988, 36.852056259000051 ] ] ] ] } },
{ "type": "Feature", "properties": { "OBJECTID": 72, "UID": 72, "LEAGUE": "Norfolk Crossing", "PRES_ADDRE": "No Information Available", "MTG_FREQUE": "No Information Available", "MTG_TIME": "unknown", "MTG_LOCATI": "No Information Available", "SHAPE_LENG": 5354.7845976999997, "NAME1": "Norfolk", "NAME2": "Crossing", "PRESIDENT": "No Information", "E_MAIL": "None", "created_user": null, "created_date": null, "last_edited_user": null, "last_edited_date": null, "Shape_Length": 0.01525150032313626, "Shape_Area": 8.5544739076439012e-06 }, "geometry": { "type": "MultiPolygon", "coordinates": [ [ [ [ -76.295577982999987, 36.920079951000048 ], [ -76.296752519999984, 36.919931635000069 ], [ -76.296834924999985, 36.921875618000058 ], [ -76.29683573899996, 36.921894808000047 ], [ -76.296596981999983, 36.922825816000056 ], [ -76.296596457999954, 36.922827858000062 ], [ -76.296581079999953, 36.924533679000035 ], [ -76.296609483999987, 36.925988569000026 ], [ -76.296609946999979, 36.926012298000046 ], [ -76.296205179999959, 36.926516406000076 ], [ -76.295368547999942, 36.926103040000044 ], [ -76.294883397999968, 36.92572373400003 ], [ -76.294891964999977, 36.925704640000049 ], [ -76.295300550999968, 36.924794022000071 ], [ -76.295298812999988, 36.924774311000078 ], [ -76.295195060999959, 36.923597631000064 ], [ -76.295196813999951, 36.923583973000063 ], [ -76.295420724999985, 36.921839433000059 ], [ -76.295577982999987, 36.920079951000048 ] ] ] ] } },
{ "type": "Feature", "properties": { "OBJECTID": 73, "UID": 73, "LEAGUE": "Norfolk Industrial Park", "PRES_ADDRE": "No information Available", "MTG_FREQUE": "Yearly, December", "MTG_TIME": "unknown", "MTG_LOCATI": "No information available", "SHAPE_LENG": 21280.791368400001, "NAME1": "Norfolk", "NAME2": "Industrial Park", "PRESIDENT": "Tom Groce", "E_MAIL": "No information available", "created_user": null, "created_date": null, "last_edited_user": "WTILGHM", "last_edited_date": "2024-02-20T04:49:32Z", "Shape_Length": 0.073397402514467899, "Shape_Area": 0.00024162531505349716 }, "geometry": { "type": "MultiPolygon", "coordinates": [ [ [ [ -76.230335387999958, 36.854863531000035 ], [ -76.229991580999979, 36.854526374000045 ], [ -76.229968696999947, 36.854508838000072 ], [ -76.229916281999976, 36.854480899000066 ], [ -76.229751389999933, 36.854393006000066 ], [ -76.22945197599995, 36.854233408000027 ], [ -76.229448590999937, 36.854231604000063 ], [ -76.229447260999962, 36.854224091000049 ], [ -76.229404876999979, 36.853984703000037 ], [ -76.229497436999964, 36.853834946000063 ], [ -76.229525665999972, 36.853794365000056 ], [ -76.229533683999989, 36.85378509700007 ], [ -76.229582222999966, 36.853728994000051 ], [ -76.229711047999956, 36.853504990000033 ], [ -76.229713888999981, 36.853500051000026 ], [ -76.229723811999975, 36.853488517000073 ], [ -76.229743732999964, 36.85346535900004 ], [ -76.22966011799997, 36.853306717000066 ], [ -76.22961417199997, 36.85321592300005 ], [ -76.229611581999961, 36.853214630000025 ], [ -76.22961010399996, 36.853211827000052 ], [ -76.229584698999986, 36.85319759500004 ], [ -76.22927234499997, 36.853036623000037 ], [ -76.229261727999983, 36.853031881000049 ], [ -76.229261944999962, 36.853018520000035 ], [ -76.229263323999987, 36.852933716000052 ], [ -76.229357814999958, 36.852882115000057 ], [ -76.229513563999944, 36.852797063000025 ], [ -76.229828110999961, 36.852730896000025 ], [ -76.229867844999944, 36.852727478000077 ], [ -76.230045905999987, 36.852712163000035 ], [ -76.230138049999937, 36.852704190000054 ], [ -76.23020945899998, 36.852701418000038 ], [ -76.230247841999983, 36.852665278000075 ], [ -76.230257864999942, 36.852658209000026 ], [ -76.230291550999937, 36.852634453000064 ], [ -76.230416116999947, 36.852527545000044 ], [ -76.230679788999964, 36.852282908000063 ], [ -76.230842309999957, 36.852132120000078 ], [ -76.230903115, 36.852105325000025 ], [ -76.230908720999935, 36.852102854000066 ], [ -76.231297285999972, 36.851915244000054 ], [ -76.231608188999985, 36.851777802000072 ], [ -76.231826023999986, 36.851685804000056 ], [ -76.231877244999964, 36.851695425000059 ], [ -76.231935292999935, 36.851703797000027 ], [ -76.232406909999952, 36.851792849000049 ], [ -76.232417293999958, 36.851795096000046 ], [ -76.232436964999977, 36.851798791000078 ], [ -76.232980426999973, 36.851900873000034 ], [ -76.233174087999942, 36.851937249000059 ], [ -76.233178194999937, 36.851938485000062 ], [ -76.233180751999953, 36.851938996000058 ], [ -76.233191431999956, 36.851937340000063 ], [ -76.233197296999947, 36.85193643100007 ], [ -76.233238431999951, 36.851927963000037 ], [ -76.233383338999943, 36.851891421000062 ], [ -76.233580632999974, 36.851842102000035 ], [ -76.23358088699996, 36.851842236000039 ], [ -76.233693435999953, 36.851901518000034 ], [ -76.233847828999956, 36.851985997000043 ], [ -76.233868278999978, 36.851997186000062 ], [ -76.233876168999984, 36.852001504000043 ], [ -76.233886828999971, 36.852062193000052 ], [ -76.233909437999955, 36.852190914000062 ], [ -76.233924791999982, 36.85226550200008 ], [ -76.233918007999989, 36.852549775000057 ], [ -76.233914322999965, 36.852598594000028 ], [ -76.234026323999956, 36.85261949900007 ], [ -76.234201586999973, 36.852652212000066 ], [ -76.234546929999965, 36.852727002000051 ], [ -76.234824899999978, 36.852786865000041 ], [ -76.234998673999939, 36.852596599000037 ], [ -76.235163867999972, 36.85242278700008 ], [ -76.235206569999946, 36.852376359000061 ], [ -76.235376792999944, 36.852179493000051 ], [ -76.235513926999943, 36.852042178000033 ], [ -76.235908061999965, 36.851612904000035 ], [ -76.236408627999936, 36.851091704000055 ], [ -76.236564066999961, 36.851094090000061 ], [ -76.236559726999985, 36.851098610000065 ], [ -76.236289982999949, 36.851379515000076 ], [ -76.236251312999968, 36.851417147000063 ], [ -76.236251940999978, 36.851419131000057 ], [ -76.236245654999948, 36.851425676000076 ], [ -76.236389695999947, 36.851897315000031 ], [ -76.236704487999987, 36.852873369000065 ], [ -76.236898799999949, 36.853458859000057 ], [ -76.23700785799997, 36.853889052000056 ], [ -76.237096776999977, 36.854186757000036 ], [ -76.237127452999971, 36.854289463000043 ], [ -76.23713816999998, 36.854334663000031 ], [ -76.237147965999952, 36.854369663000057 ], [ -76.237257323999984, 36.854820003000043 ], [ -76.238024421999967, 36.854691461000073 ], [ -76.239235399999984, 36.854437975000053 ], [ -76.240881351999974, 36.854157817000043 ], [ -76.242048202999968, 36.854007856000067 ], [ -76.243110339999987, 36.853843826000059 ], [ -76.243520466999939, 36.853774197000064 ], [ -76.244789884999989, 36.853568626000026 ], [ -76.24511714099998, 36.853506374000062 ], [ -76.245376008999983, 36.853449985000054 ], [ -76.24537737199995, 36.853456872000038 ], [ -76.245839751999938, 36.855793068000025 ], [ -76.245814214999939, 36.855822510000053 ], [ -76.247164912999949, 36.861136801000043 ], [ -76.245777221999958, 36.861783648000028 ], [ -76.245523673999969, 36.861888559000079 ], [ -76.244558677999976, 36.862365212000043 ], [ -76.244000526999969, 36.862628293000057 ], [ -76.244050487999971, 36.862798027000053 ], [ -76.244143130999987, 36.862930953000046 ], [ -76.244189114999983, 36.863102938000054 ], [ -76.241354344999934, 36.86414497100003 ], [ -76.240696827999955, 36.864456569000026 ], [ -76.240684771999952, 36.864462281000044 ], [ -76.239594974999989, 36.86499196300008 ], [ -76.238905168999963, 36.865332458000069 ], [ -76.237516992999986, 36.866011064000077 ], [ -76.237065814999937, 36.866168724000033 ], [ -76.236508018999984, 36.866363899000078 ], [ -76.235388044, 36.866654830000073 ], [ -76.234717374999946, 36.866785177000054 ], [ -76.233873596999956, 36.866858193000041 ], [ -76.233272642999964, 36.86687207500006 ], [ -76.233044198999949, 36.866877493000061 ], [ -76.233015604999935, 36.866878480000025 ], [ -76.232912473999988, 36.866882039000075 ], [ -76.23245740599998, 36.866891800000076 ], [ -76.232425146999958, 36.866892208000024 ], [ -76.232399531999988, 36.866892532000065 ], [ -76.232370449999962, 36.866893597000058 ], [ -76.232317727999941, 36.866894407000075 ], [ -76.232287669999948, 36.866896627000074 ], [ -76.232231579999961, 36.866898681000066 ], [ -76.232195574999935, 36.866903077000075 ], [ -76.232144698999946, 36.866905487000054 ], [ -76.231906744999947, 36.866933300000028 ], [ -76.231890610999983, 36.86693662700003 ], [ -76.231696812999985, 36.866962336000029 ], [ -76.231544220999979, 36.866997766000054 ], [ -76.231306870999958, 36.867042895000054 ], [ -76.231295711999962, 36.867046780000067 ], [ -76.231254877999959, 36.867059292000079 ], [ -76.231021211999973, 36.867140707000033 ], [ -76.230831240999976, 36.867199733000064 ], [ -76.23006451599997, 36.867506112000058 ], [ -76.229599717999974, 36.867724324000051 ], [ -76.229536506999978, 36.867759111000055 ], [ -76.229471702999945, 36.867794878000041 ], [ -76.229441356999985, 36.867812464000053 ], [ -76.229375206999975, 36.867845543000044 ], [ -76.227419146999978, 36.868808928000078 ], [ -76.227435890999971, 36.868799444000047 ], [ -76.227445632999945, 36.86879392700007 ], [ -76.226809169999967, 36.867584820000047 ], [ -76.226409774999979, 36.866826058000072 ], [ -76.226152401999968, 36.866337100000067 ], [ -76.225739542999975, 36.865513780000072 ], [ -76.225694768999972, 36.865431561000037 ], [ -76.225679319999983, 36.865400196000053 ], [ -76.225432311999953, 36.864928717000055 ], [ -76.22527925199995, 36.864646770000036 ], [ -76.225085596999975, 36.864269818000025 ], [ -76.224822181999969, 36.86373420700005 ], [ -76.224525980999942, 36.863201938000032 ], [ -76.224311765999971, 36.862803174000078 ], [ -76.224232859999972, 36.862695539000072 ], [ -76.224207039999953, 36.862655105000044 ], [ -76.224138553999978, 36.862572820000025 ], [ -76.223986238999942, 36.862389815000029 ], [ -76.224009110999987, 36.862373442000035 ], [ -76.224308364999956, 36.862159231000078 ], [ -76.225481392999939, 36.861321652000072 ], [ -76.226968521999936, 36.858475961000067 ], [ -76.228032531999986, 36.857197023000026 ], [ -76.22799185699995, 36.856500455000059 ], [ -76.227980450999951, 36.856297788000063 ], [ -76.228068694999934, 36.856291514000077 ], [ -76.22814189199994, 36.856287094000038 ], [ -76.228198583999983, 36.85628526000005 ], [ -76.228205075999938, 36.856230525000058 ], [ -76.229005536999978, 36.85624600500006 ], [ -76.229011467999953, 36.856246120000037 ], [ -76.229738875999942, 36.856159215000048 ], [ -76.230049505999943, 36.856111013000032 ], [ -76.230085126999938, 36.856104452000068 ], [ -76.230461127999945, 36.856046106000065 ], [ -76.230532442999959, 36.856022033000045 ], [ -76.230546251999954, 36.856019488000072 ], [ -76.230954505999989, 36.855881671000077 ], [ -76.230957, 36.855880830000046 ], [ -76.230978289999939, 36.855875609000066 ], [ -76.231001230999937, 36.855871639000043 ], [ -76.231019204999939, 36.855865572000027 ], [ -76.23102197999998, 36.855864891000067 ], [ -76.231042485999978, 36.855857713000034 ], [ -76.231093095999938, 36.855840628000067 ], [ -76.231098293999935, 36.855837321000024 ], [ -76.231098679999945, 36.855837075000068 ], [ -76.231122960999983, 36.855826113000035 ], [ -76.231147092999947, 36.855815036000024 ], [ -76.231147973999953, 36.855814748000057 ], [ -76.231157145999987, 36.855811749000054 ], [ -76.23113546899998, 36.855803183000035 ], [ -76.230959384999949, 36.855733610000073 ], [ -76.230947366999942, 36.855718530000047 ], [ -76.230768113999943, 36.85549362200004 ], [ -76.230729033999978, 36.855444587000079 ], [ -76.230685646999973, 36.855388127000026 ], [ -76.230670726999961, 36.855368713000075 ], [ -76.230653460999974, 36.855344283000079 ], [ -76.230641957999978, 36.855328007000026 ], [ -76.230606446999957, 36.855277761000025 ], [ -76.230563581999945, 36.855223300000034 ], [ -76.230485656999974, 36.855061661000036 ], [ -76.230414260999964, 36.854931248000071 ], [ -76.230388063999953, 36.854914483000073 ], [ -76.230335387999958, 36.854863531000035 ] ] ], [ [ [ -76.229460974999938, 36.867801502000077 ], [ -76.22946961599996, 36.867796250000026 ], [ -76.229458689999944, 36.867803433000063 ], [ -76.229460974999938, 36.867801502000077 ] ] ] ] } },
{ "type": "Feature", "properties": { "OBJECTID": 74, "UID": 74, "LEAGUE": "North Camelia Acres", "PRES_ADDRE": "8152 Walters Drive", "MTG_FREQUE": "Quarterly", "MTG_TIME": "6:00 pm", "MTG_LOCATI": "Little Creek Elementary", "SHAPE_LENG": 16368.98443, "NAME1": "North", "NAME2": "Camellia Acres", "PRESIDENT": "Rick Dessi", "E_MAIL": "Rickdessi@gmail.com", "created_user": null, "created_date": null, "last_edited_user": "WTILGHM", "last_edited_date": "2024-02-19T18:21:55Z", "Shape_Length": 0.050831956945489705, "Shape_Area": 9.7908275332307502e-05 }, "geometry": { "type": "MultiPolygon", "coordinates": [ [ [ [ -76.201498324999989, 36.919357124000044 ], [ -76.201498267999966, 36.919046410000078 ], [ -76.201270159999979, 36.919090233000077 ], [ -76.201263649999987, 36.918868238000073 ], [ -76.201262782999947, 36.918605009000032 ], [ -76.201251285999945, 36.917659342000036 ], [ -76.201254178999989, 36.917477901000041 ], [ -76.201488163999954, 36.917434369000034 ], [ -76.202747478999981, 36.917200066000078 ], [ -76.204650453999989, 36.916843672000027 ], [ -76.20624037999994, 36.916542270000036 ], [ -76.209767724999949, 36.915874740000049 ], [ -76.211973586999989, 36.915456819000042 ], [ -76.212266094999961, 36.915401382000027 ], [ -76.212360210999975, 36.915384626000048 ], [ -76.212582579999946, 36.915345038000055 ], [ -76.212905635999959, 36.915297749000047 ], [ -76.213067059999958, 36.915277537000065 ], [ -76.21322841999995, 36.91525938400008 ], [ -76.213465429999985, 36.915238521000049 ], [ -76.213554335999959, 36.915230695000048 ], [ -76.213880001999939, 36.915210241000068 ], [ -76.214041010999949, 36.915203757000029 ], [ -76.214397058999964, 36.915196943000069 ], [ -76.216230917999951, 36.91519528200007 ], [ -76.216266017999942, 36.91519511100006 ], [ -76.216268895999974, 36.915373738000028 ], [ -76.216267075999951, 36.915829022000025 ], [ -76.216270540999972, 36.916681450000056 ], [ -76.216272307999986, 36.916835369000069 ], [ -76.21627332199995, 36.916923553000061 ], [ -76.216243950999967, 36.917031351000048 ], [ -76.216199347999975, 36.917109671000048 ], [ -76.215907780999942, 36.917379517000029 ], [ -76.21581970699998, 36.917461027000058 ], [ -76.215739652999957, 36.917535115000078 ], [ -76.215403402999982, 36.917846309000026 ], [ -76.215377100999945, 36.917870651000044 ], [ -76.215235280999934, 36.91800190500004 ], [ -76.214730893999956, 36.918468698000027 ], [ -76.214552181999977, 36.918634088000033 ], [ -76.214415463999956, 36.918761103000065 ], [ -76.214170874999979, 36.918775659000062 ], [ -76.213811951999958, 36.918798793000065 ], [ -76.213691107999978, 36.918805208000038 ], [ -76.213640959999964, 36.918808568000031 ], [ -76.213578901999938, 36.918812714000069 ], [ -76.213577227999963, 36.918812831000025 ], [ -76.213366168999983, 36.91893000500005 ], [ -76.213366065999935, 36.918930063000062 ], [ -76.213176576999956, 36.919034526000075 ], [ -76.211940274999961, 36.919720188000042 ], [ -76.211569277999956, 36.919927569000038 ], [ -76.210969399999954, 36.920262877000027 ], [ -76.209581383999989, 36.920967013000052 ], [ -76.20835187299997, 36.921485174000054 ], [ -76.208122169999967, 36.921637349000036 ], [ -76.207043526999939, 36.924685216000057 ], [ -76.207466281999984, 36.92552564600004 ], [ -76.207844037999962, 36.926297892000036 ], [ -76.208966433999933, 36.92739086000006 ], [ -76.209139046999951, 36.927784681000048 ], [ -76.201601625999956, 36.926329484000064 ], [ -76.201570345999983, 36.925705003000076 ], [ -76.201851670999986, 36.924668738000037 ], [ -76.201912857999957, 36.924549206000052 ], [ -76.201991903999954, 36.924260919000062 ], [ -76.201552944999946, 36.924175398000045 ], [ -76.201552484, 36.924102303000041 ], [ -76.201551479999978, 36.923943154000028 ], [ -76.201549109999974, 36.923827654000036 ], [ -76.201546291999989, 36.923708555000076 ], [ -76.201542610999979, 36.92355303800008 ], [ -76.201535780999961, 36.923328579000042 ], [ -76.201525380999954, 36.92297343000007 ], [ -76.201518109999938, 36.922621674000027 ], [ -76.201532623999981, 36.922402398000031 ], [ -76.201539963999949, 36.922291385000051 ], [ -76.201539803999935, 36.922124626000027 ], [ -76.201528749999966, 36.921826972000076 ], [ -76.201523272999964, 36.921536915000047 ], [ -76.201518208999971, 36.921243613000058 ], [ -76.201509227999964, 36.92097085100005 ], [ -76.201498604999983, 36.920836350000059 ], [ -76.201498543999946, 36.92051461300008 ], [ -76.201498465999975, 36.920108710000079 ], [ -76.201498436999941, 36.919937788000027 ], [ -76.201498391999962, 36.919720668000025 ], [ -76.201498324999989, 36.919357124000044 ] ] ] ] } },
{ "type": "Feature", "properties": { "OBJECTID": 75, "UID": 75, "LEAGUE": "North Meadowbrook", "PRES_ADDRE": "No information Available", "MTG_FREQUE": "No Information Available", "MTG_TIME": "unknown", "MTG_LOCATI": "No Information Available", "SHAPE_LENG": 12952.817587, "NAME1": "North", "NAME2": "Meadowbrook", "PRESIDENT": "No information available", "E_MAIL": "No information available", "created_user": null, "created_date": null, "last_edited_user": "WTILGHM", "last_edited_date": "2024-02-17T18:11:39Z", "Shape_Length": 0.043407655813591579, "Shape_Area": 5.4335743164317873e-05 }, "geometry": { "type": "MultiPolygon", "coordinates": [ [ [ [ -76.296476018999954, 36.916197480000051 ], [ -76.29643387699997, 36.915356806000034 ], [ -76.296411635999959, 36.913885867000033 ], [ -76.298451455999952, 36.913863647000028 ], [ -76.298452663999967, 36.914514800000063 ], [ -76.298727388999964, 36.914514159000078 ], [ -76.299072355999954, 36.914733134000073 ], [ -76.299074286999939, 36.914618844000074 ], [ -76.299075985999934, 36.914518587000032 ], [ -76.299077767999961, 36.914413072000059 ], [ -76.299079617999951, 36.91430377100005 ], [ -76.299553409999987, 36.914071666000041 ], [ -76.299511689999974, 36.914047452000034 ], [ -76.299672072999954, 36.913985130000071 ], [ -76.299693220999984, 36.913985811000032 ], [ -76.299950360999958, 36.913827920000074 ], [ -76.300117958999977, 36.913725007000039 ], [ -76.300187471999948, 36.913663120000024 ], [ -76.300875083999983, 36.913048708000076 ], [ -76.301149191999968, 36.912803773000064 ], [ -76.30111917499994, 36.912771907000035 ], [ -76.301265159999957, 36.912616813000056 ], [ -76.30135542499994, 36.912597135000055 ], [ -76.302001820999976, 36.91171283500006 ], [ -76.302162018999979, 36.911493672000063 ], [ -76.302319301999944, 36.911278499000048 ], [ -76.302702456999953, 36.910976733000041 ], [ -76.302744897999958, 36.91125981700003 ], [ -76.30277745799998, 36.911434883000027 ], [ -76.302780757999983, 36.911453208000069 ], [ -76.302787538999951, 36.911502839000036 ], [ -76.302799413999935, 36.911607188000062 ], [ -76.302814867999984, 36.911649416000046 ], [ -76.302823893999971, 36.911674079000079 ], [ -76.302973273999953, 36.91208225400004 ], [ -76.302922106999972, 36.912170311000068 ], [ -76.302916474999961, 36.912170669000034 ], [ -76.302911098999971, 36.912171010000066 ], [ -76.302874197999984, 36.912173353000071 ], [ -76.302872739999941, 36.912183945000038 ], [ -76.302871804999938, 36.912216208000075 ], [ -76.302839413999948, 36.912389373000053 ], [ -76.302839057999961, 36.912401659000068 ], [ -76.302838876999942, 36.912407908000034 ], [ -76.302835892999951, 36.912427687000047 ], [ -76.302834640999947, 36.912435989000073 ], [ -76.302833716999942, 36.912453908000032 ], [ -76.302833287999988, 36.912482669000042 ], [ -76.302844836999952, 36.912556376000055 ], [ -76.302851138999984, 36.912575039000046 ], [ -76.302856900999984, 36.912594993000027 ], [ -76.302857031999963, 36.912595446000068 ], [ -76.302932053999939, 36.912855259000025 ], [ -76.30293508799997, 36.912865766000039 ], [ -76.302952798999968, 36.912926165000044 ], [ -76.303039695999985, 36.913222513000051 ], [ -76.303040629999941, 36.913225699000066 ], [ -76.30305963099994, 36.913290500000073 ], [ -76.303064795999944, 36.913307026000041 ], [ -76.303078055999947, 36.913345423000067 ], [ -76.303100623999967, 36.913410776000035 ], [ -76.303116588999956, 36.913450225000076 ], [ -76.303153772999963, 36.913541872000053 ], [ -76.303160318999971, 36.913557749000063 ], [ -76.303163391999988, 36.913565202000029 ], [ -76.303164496999955, 36.913567882000052 ], [ -76.303185496999959, 36.913609841000039 ], [ -76.303207416999953, 36.913652604000049 ], [ -76.303242190999981, 36.913720438000041 ], [ -76.303293485999973, 36.913804439000046 ], [ -76.303312072999972, 36.913834166000072 ], [ -76.303369882999959, 36.913918574000036 ], [ -76.303386184999965, 36.913946352000039 ], [ -76.303408908999984, 36.913988674000052 ], [ -76.303434951999975, 36.914034492000042 ], [ -76.303442464999989, 36.91405822400003 ], [ -76.303457177999974, 36.914093975000071 ], [ -76.303485347999981, 36.914184478000038 ], [ -76.30348797299996, 36.914212 ], [ -76.303494134999937, 36.914235468000072 ], [ -76.303496897999935, 36.91425818600004 ], [ -76.303496407999944, 36.914275104000069 ], [ -76.303496221999978, 36.914281525000035 ], [ -76.303497763999985, 36.914294682000047 ], [ -76.30349896599995, 36.914304929000025 ], [ -76.30349795099994, 36.914339938000069 ], [ -76.303493853999953, 36.914363215000037 ], [ -76.30349317799994, 36.914386554000032 ], [ -76.303489081999942, 36.914409830000068 ], [ -76.303481228999942, 36.914444712000034 ], [ -76.303458740999986, 36.914512290000062 ], [ -76.303455363999944, 36.914519038000037 ], [ -76.303450252999937, 36.914529252000079 ], [ -76.303447844999937, 36.914534065000055 ], [ -76.303422315999967, 36.914588534000075 ], [ -76.303400884999974, 36.914619729000037 ], [ -76.303390027999967, 36.914640130000066 ], [ -76.303382366999983, 36.914649522000047 ], [ -76.303365194999969, 36.91467057400007 ], [ -76.30335195899994, 36.91468820800003 ], [ -76.303350959999989, 36.91468954000004 ], [ -76.303315649999945, 36.914727343000038 ], [ -76.303287496999985, 36.914754291000065 ], [ -76.303281509999977, 36.914759070000059 ], [ -76.30326648199997, 36.914771069000039 ], [ -76.303263478999952, 36.91477343400004 ], [ -76.303249734999952, 36.914784261000079 ], [ -76.303234968999959, 36.914795893000075 ], [ -76.303220409999938, 36.914806586000054 ], [ -76.303213993999975, 36.914811298000075 ], [ -76.303182599999957, 36.914832003000072 ], [ -76.303151066999988, 36.914853464000032 ], [ -76.303137189999973, 36.914864123000029 ], [ -76.303124093999941, 36.914872648000028 ], [ -76.303119753999965, 36.914875473000052 ], [ -76.303107453999985, 36.914885490000074 ], [ -76.303077703999975, 36.914909716000068 ], [ -76.303049628999986, 36.914933917000042 ], [ -76.303028375999986, 36.914958933000037 ], [ -76.303024776999962, 36.914965048000056 ], [ -76.30301099899998, 36.914968225000052 ], [ -76.302979406999953, 36.914995794000049 ], [ -76.302923848999967, 36.915045453000062 ], [ -76.302905643999964, 36.915061725000044 ], [ -76.302901175999978, 36.915066317000026 ], [ -76.302803231999974, 36.915166950000071 ], [ -76.302771538999934, 36.915202768000029 ], [ -76.302711215999977, 36.915277193000065 ], [ -76.302639797999973, 36.915380258000027 ], [ -76.302592993999951, 36.915460429000063 ], [ -76.302564552999968, 36.915515345000074 ], [ -76.302524553999945, 36.915592583000034 ], [ -76.302418897999985, 36.915800594000075 ], [ -76.302421245999938, 36.915800604000026 ], [ -76.30246679399994, 36.915800802000035 ], [ -76.303198501999987, 36.915817913000069 ], [ -76.303506628999969, 36.915836636000051 ], [ -76.304157883999949, 36.915870385000062 ], [ -76.30476619999996, 36.915913824000029 ], [ -76.306123962999948, 36.915996908000068 ], [ -76.30616026499996, 36.915999130000046 ], [ -76.306570619999945, 36.916024236000055 ], [ -76.306605360999981, 36.91602664100003 ], [ -76.307115832999955, 36.916064970000036 ], [ -76.307482246999939, 36.916095971000061 ], [ -76.307522121999966, 36.916099540000062 ], [ -76.308061425999938, 36.915785063000044 ], [ -76.308874549999985, 36.91653651200005 ], [ -76.309227227999941, 36.916864116000056 ], [ -76.309697552999978, 36.917301877000057 ], [ -76.31012745299995, 36.917699323000079 ], [ -76.309779743999968, 36.917891341000029 ], [ -76.309568458999934, 36.917980127000078 ], [ -76.309392225999943, 36.918040031000032 ], [ -76.309209429999953, 36.918090199000062 ], [ -76.309116440999958, 36.918111131000046 ], [ -76.309023510999964, 36.918130004000034 ], [ -76.308930662999956, 36.918146131000071 ], [ -76.308837890999939, 36.918159513000035 ], [ -76.307838550999975, 36.918262451000032 ], [ -76.305673276999983, 36.918477556000028 ], [ -76.303118113999972, 36.918686021000042 ], [ -76.299609649999979, 36.918847744000061 ], [ -76.297831592999955, 36.91904179200003 ], [ -76.29622543499994, 36.919207442000072 ], [ -76.295885479999981, 36.919243798000025 ], [ -76.295885170999952, 36.919234333000077 ], [ -76.295860303999973, 36.91847540100008 ], [ -76.295835269999941, 36.917780054000048 ], [ -76.295830169999988, 36.917638398000065 ], [ -76.295777675999943, 36.916886453000075 ], [ -76.295777672999975, 36.916886399000077 ], [ -76.295771578999961, 36.91678616300004 ], [ -76.295760267999981, 36.916600136000056 ], [ -76.295741286999942, 36.916205912000066 ], [ -76.296134883999969, 36.916201863000026 ], [ -76.296476018999954, 36.916197480000051 ] ] ] ] } },
{ "type": "Feature", "properties": { "OBJECTID": 76, "UID": 76, "LEAGUE": "Norvella Heights", "PRES_ADDRE": "No Information Available", "MTG_FREQUE": "No Information Available", "MTG_TIME": "unknown", "MTG_LOCATI": "No Information Available", "SHAPE_LENG": 9732.2639604699998, "NAME1": "Norvella", "NAME2": "Heights", "PRESIDENT": "No Information", "E_MAIL": "None", "created_user": null, "created_date": null, "last_edited_user": "WTILGHM", "last_edited_date": "2024-02-19T19:54:15Z", "Shape_Length": 0.029573583803518086, "Shape_Area": 5.8873333786922252e-05 }, "geometry": { "type": "MultiPolygon", "coordinates": [ [ [ [ -76.220420981999951, 36.890440148000039 ], [ -76.219984805999957, 36.889823217000071 ], [ -76.223159743999986, 36.884785585000031 ], [ -76.223295131999976, 36.884832854000024 ], [ -76.225864838999939, 36.885695875000067 ], [ -76.226136054999984, 36.885786956000061 ], [ -76.226275601999987, 36.88588160300003 ], [ -76.226660070999969, 36.88614102400004 ], [ -76.227254406999975, 36.886542048000024 ], [ -76.227356818999965, 36.886641629000053 ], [ -76.22747829399998, 36.886759744000074 ], [ -76.227902707999988, 36.887298797000028 ], [ -76.228723546999959, 36.888341325000056 ], [ -76.228888079999933, 36.888585401000057 ], [ -76.229495033999967, 36.889485769000032 ], [ -76.229956760999983, 36.890203206000024 ], [ -76.229957082999988, 36.890203209000049 ], [ -76.230019686999981, 36.890300483000033 ], [ -76.230126041999938, 36.890647854000065 ], [ -76.230107876999966, 36.891025254000056 ], [ -76.230055142999959, 36.891181402000029 ], [ -76.230032, 36.891266431000076 ], [ -76.229977319999989, 36.89137291000003 ], [ -76.229837663999945, 36.891527097000051 ], [ -76.229586231999974, 36.891930182000067 ], [ -76.229580687999942, 36.891939071000024 ], [ -76.229575079999961, 36.891940423000051 ], [ -76.228982218999988, 36.892083332000027 ], [ -76.22827622899996, 36.892253506000031 ], [ -76.227599582999972, 36.892416603000072 ], [ -76.226811820999956, 36.892793558000051 ], [ -76.226096600999938, 36.893170885000075 ], [ -76.225167878999969, 36.893660835000048 ], [ -76.224070086999973, 36.894258910000076 ], [ -76.223423184999945, 36.894607694000058 ], [ -76.223203362999982, 36.894287534000057 ], [ -76.223012045999951, 36.894016140000076 ], [ -76.222529445999953, 36.893355945000053 ], [ -76.222493222999958, 36.893306390000077 ], [ -76.222302128999956, 36.893044972000041 ], [ -76.222112264999964, 36.892785233000041 ], [ -76.221895261999975, 36.892501583000069 ], [ -76.221858473999987, 36.892453497000076 ], [ -76.221797255999945, 36.892373474000067 ], [ -76.221723362999967, 36.892276887000037 ], [ -76.221674002999976, 36.892212366000024 ], [ -76.221225949999962, 36.891578669000069 ], [ -76.220420981999951, 36.890440148000039 ] ] ] ] } },
{ "type": "Feature", "properties": { "OBJECTID": 77, "UID": 77, "LEAGUE": "Norview", "PRES_ADDRE": "No information Available", "MTG_FREQUE": "2nd Tuesday", "MTG_TIME": "7:00 pm", "MTG_LOCATI": "Norview United Methodist Church", "SHAPE_LENG": 24712.755393700001, "NAME1": "Norview", "NAME2": "", "PRESIDENT": "Penny Rochelle Brower", "E_MAIL": "pbrower@outlook.com", "created_user": null, "created_date": null, "last_edited_user": "WTILGHM", "last_edited_date": "2024-02-19T19:54:15Z", "Shape_Length": 0.042753776272896185, "Shape_Area": 9.3304010903843935e-05 }, "geometry": { "type": "MultiPolygon", "coordinates": [ [ [ [ -76.244015673999968, 36.893085933000066 ], [ -76.243618162999951, 36.892960464000055 ], [ -76.243364836999945, 36.892875982000078 ], [ -76.243348363999985, 36.892871666000076 ], [ -76.243331933999968, 36.892865991000065 ], [ -76.243305863999979, 36.892860529000075 ], [ -76.243294127999945, 36.892857453000033 ], [ -76.243289455999957, 36.892857091000053 ], [ -76.243285964999984, 36.892856360000053 ], [ -76.243235659999982, 36.892852928000025 ], [ -76.242900723999981, 36.892827002000047 ], [ -76.242597678999971, 36.892810462000057 ], [ -76.242058718999942, 36.89278076800008 ], [ -76.241650670999945, 36.892761525000026 ], [ -76.241473509999935, 36.892753403000029 ], [ -76.24120278099997, 36.892805654000028 ], [ -76.241107085999943, 36.892824989000076 ], [ -76.241105316999949, 36.892825346000052 ], [ -76.241090865, 36.89280395000003 ], [ -76.241039125999976, 36.892725348000056 ], [ -76.241023043999974, 36.892724814000076 ], [ -76.240958156999966, 36.892722659000071 ], [ -76.240950899999973, 36.892722418000062 ], [ -76.240926879999961, 36.892721621000078 ], [ -76.240926316999946, 36.892725240000061 ], [ -76.240925822999941, 36.89272942100007 ], [ -76.240924353999958, 36.892734526000027 ], [ -76.240921533999938, 36.892742677000058 ], [ -76.240920886999959, 36.892744547000063 ], [ -76.240919987999973, 36.892746269000043 ], [ -76.240915143999985, 36.892755560000069 ], [ -76.240912781999953, 36.892757958000061 ], [ -76.240912521999974, 36.892758223000044 ], [ -76.240898374999972, 36.892759069000078 ], [ -76.240877921999981, 36.892760292000048 ], [ -76.24052691299994, 36.89278484700003 ], [ -76.240359368999975, 36.892796058000044 ], [ -76.240214427999945, 36.892805829000054 ], [ -76.23990231099998, 36.89282853800006 ], [ -76.239092506999953, 36.892887795000036 ], [ -76.239039883999965, 36.892893535000042 ], [ -76.238932253999963, 36.89291974300005 ], [ -76.238841458999957, 36.892424464000044 ], [ -76.238755387999959, 36.891763087000072 ], [ -76.238643368999988, 36.890907896000044 ], [ -76.238512084999968, 36.889919740000039 ], [ -76.238504918, 36.889832677000072 ], [ -76.238504552999984, 36.889828244000057 ], [ -76.238709934999974, 36.889762433000044 ], [ -76.23869737299998, 36.889742245000036 ], [ -76.238697173999981, 36.889741926000056 ], [ -76.238685206999946, 36.889722695000046 ], [ -76.238661405999949, 36.889736301000028 ], [ -76.238684995999961, 36.88972235600005 ], [ -76.238866955999981, 36.889614788000074 ], [ -76.239138213999979, 36.889454428000079 ], [ -76.239485416999969, 36.889265249000061 ], [ -76.240026902999944, 36.888955699000064 ], [ -76.240996847999952, 36.888375417000077 ], [ -76.24182789799994, 36.887699078000026 ], [ -76.242691430999969, 36.88708379500008 ], [ -76.243467819999978, 36.886482715000056 ], [ -76.24415449199995, 36.885934745000043 ], [ -76.245161850999978, 36.884842591000051 ], [ -76.24557656199994, 36.884348712000076 ], [ -76.245910661999972, 36.88392428700007 ], [ -76.245983874, 36.88383809000004 ], [ -76.246215860999939, 36.88387612300005 ], [ -76.246245446999978, 36.883895365000058 ], [ -76.246277653999982, 36.883916312000053 ], [ -76.24639263399996, 36.883988314000078 ], [ -76.246392697999966, 36.883988334000037 ], [ -76.246398007999971, 36.883989880000058 ], [ -76.246706676999963, 36.884077483000056 ], [ -76.246748152999942, 36.884059106000052 ], [ -76.246846586999936, 36.884167618000049 ], [ -76.247105104999946, 36.884334164000052 ], [ -76.247491310999976, 36.884540320000042 ], [ -76.248014613999942, 36.884485662000031 ], [ -76.248125098999935, 36.884437567000077 ], [ -76.24836983299997, 36.88435669900008 ], [ -76.248373191999974, 36.88435449900004 ], [ -76.248424831999955, 36.884327775000031 ], [ -76.248458015999972, 36.884317199000066 ], [ -76.248458285999959, 36.884317113000066 ], [ -76.248623685999974, 36.88426486600008 ], [ -76.248785087999977, 36.88422311100004 ], [ -76.248819065999953, 36.884209614000042 ], [ -76.249092764999943, 36.884220766000055 ], [ -76.24924723099997, 36.884244865000028 ], [ -76.249380494999969, 36.884265656000025 ], [ -76.249402004, 36.884270717000049 ], [ -76.249407088999988, 36.884271566000052 ], [ -76.249492860999965, 36.884291804000043 ], [ -76.249984648999941, 36.884284556000068 ], [ -76.250016897999956, 36.884251600000027 ], [ -76.250016955999968, 36.884251540000037 ], [ -76.250199102999943, 36.884065401000043 ], [ -76.250245673999984, 36.884017810000046 ], [ -76.250245784999947, 36.884017696000058 ], [ -76.25022030599996, 36.883924154000056 ], [ -76.250220183999943, 36.883923705000029 ], [ -76.250299082999959, 36.883912468000062 ], [ -76.250346649999983, 36.883905278000043 ], [ -76.250350702999981, 36.883905115000061 ], [ -76.250352418999967, 36.883914960000027 ], [ -76.250460498999985, 36.883893985000043 ], [ -76.250554430999955, 36.883882426000071 ], [ -76.250759586999948, 36.884022292000054 ], [ -76.251195648999953, 36.884334711000065 ], [ -76.251302632999966, 36.884403416000055 ], [ -76.251362210999957, 36.88444592500008 ], [ -76.251425560999962, 36.884486638000055 ], [ -76.251639439999963, 36.884899192000034 ], [ -76.251726812999948, 36.885098959000061 ], [ -76.251878881999971, 36.885396823000065 ], [ -76.252154319999988, 36.885600605000036 ], [ -76.252299869999945, 36.88570609900006 ], [ -76.252299562999951, 36.885708062000049 ], [ -76.252302332999989, 36.885710112000027 ], [ -76.252256272999944, 36.88598432200007 ], [ -76.252158194999936, 36.886610216000065 ], [ -76.252018482999972, 36.886946570000077 ], [ -76.251915517999976, 36.887206355000046 ], [ -76.251858626999933, 36.887338897000063 ], [ -76.251754924999943, 36.887597515000039 ], [ -76.251709017999985, 36.887693462000072 ], [ -76.251879537999969, 36.888029398000072 ], [ -76.252147592999961, 36.888571795000075 ], [ -76.252148265999949, 36.888573157000053 ], [ -76.252180324999983, 36.888609357000064 ], [ -76.252796884999952, 36.889316850000057 ], [ -76.252822915999957, 36.889346719000059 ], [ -76.252845287999946, 36.889377933000048 ], [ -76.252903363999962, 36.889403083000047 ], [ -76.25292434499994, 36.889477705000047 ], [ -76.25299266199994, 36.889675834000059 ], [ -76.253021426999965, 36.889710102000038 ], [ -76.253296580999972, 36.89003789700007 ], [ -76.25317973999995, 36.890229283000053 ], [ -76.253153888999975, 36.890348934000031 ], [ -76.253142023999942, 36.890430012000024 ], [ -76.253009846999987, 36.891004582000051 ], [ -76.252741625999988, 36.891050608000057 ], [ -76.252541790999942, 36.891097762000072 ], [ -76.252291032999949, 36.891152685000066 ], [ -76.25227986799996, 36.891153514000052 ], [ -76.252272561999973, 36.891156730000034 ], [ -76.252264174999937, 36.891158567000048 ], [ -76.252255758999979, 36.891164127000025 ], [ -76.252046347999965, 36.891300820000026 ], [ -76.251992540999936, 36.891338021000024 ], [ -76.251721704999966, 36.891351231000044 ], [ -76.251333651999971, 36.891376431000026 ], [ -76.251157170999988, 36.89161972100004 ], [ -76.251134405999949, 36.891649705000077 ], [ -76.251061134999986, 36.891752111000073 ], [ -76.250935425999955, 36.891925409000066 ], [ -76.250491313999987, 36.892549926000072 ], [ -76.250362369999948, 36.892730867000068 ], [ -76.25030613399997, 36.892805813000052 ], [ -76.250236428999983, 36.892901076000044 ], [ -76.250151682999956, 36.893020664000062 ], [ -76.250075040999945, 36.893143733000045 ], [ -76.250062120999985, 36.893015098000035 ], [ -76.250056067999935, 36.89296360600008 ], [ -76.249867766999955, 36.89220169400005 ], [ -76.249867590999941, 36.892201186000079 ], [ -76.249866994999934, 36.892182915000035 ], [ -76.249862420999989, 36.892186281000079 ], [ -76.249861708999958, 36.89218422700003 ], [ -76.249797877999981, 36.892233779000037 ], [ -76.249752756999953, 36.892266985000049 ], [ -76.249730986999964, 36.892273618000047 ], [ -76.249668172999975, 36.892292757000064 ], [ -76.249587646999942, 36.892305314000055 ], [ -76.24957372199998, 36.89230748600005 ], [ -76.24957145999997, 36.892308827000079 ], [ -76.249571335999974, 36.892308853000031 ], [ -76.249015007999958, 36.892596963000074 ], [ -76.248807535999958, 36.892712690000053 ], [ -76.248687151999945, 36.89277984000006 ], [ -76.248511032999943, 36.892871642000046 ], [ -76.248493374999953, 36.892880846000025 ], [ -76.248426792999965, 36.892915086000073 ], [ -76.248399477999953, 36.89292948800005 ], [ -76.24828027999996, 36.892913526000029 ], [ -76.248097391999977, 36.89289176300008 ], [ -76.247870035999938, 36.89286197000007 ], [ -76.24776370099994, 36.892843238000069 ], [ -76.247681096999941, 36.892844432000061 ], [ -76.247669413999972, 36.892844600000046 ], [ -76.247649126999988, 36.892844893000074 ], [ -76.247331030999987, 36.892870655000024 ], [ -76.24711323799994, 36.892884449000064 ], [ -76.246614761999979, 36.892922588000033 ], [ -76.246485272999962, 36.892941484000062 ], [ -76.24608330999996, 36.892986955000026 ], [ -76.245699568999953, 36.893035848000068 ], [ -76.24553339299996, 36.893057019000025 ], [ -76.24545775699994, 36.893066739000062 ], [ -76.245315306999942, 36.893062512000029 ], [ -76.244952097999942, 36.893046323000078 ], [ -76.244951248999939, 36.893046284000036 ], [ -76.244880199999955, 36.893060501000036 ], [ -76.244638041999963, 36.893122055000049 ], [ -76.244386516999953, 36.893182700000068 ], [ -76.244233541999961, 36.893146113000057 ], [ -76.244226237999953, 36.893144365000069 ], [ -76.244205874999977, 36.893138411000052 ], [ -76.24407040899996, 36.893098737000059 ], [ -76.244015673999968, 36.893085933000066 ] ] ] ] } },
{ "type": "Feature", "properties": { "OBJECTID": 78, "UID": 78, "LEAGUE": "ODU Village", "PRES_ADDRE": "815 W 36th Street", "MTG_FREQUE": "2nd Monday", "MTG_TIME": "7:00 pm", "MTG_LOCATI": "Park Place Multi-Service Center, 606 West 29th St.", "SHAPE_LENG": 8306.8183966300003, "NAME1": "ODU Village", "NAME2": " ", "PRESIDENT": "Dr. William Anthony Hailey", "E_MAIL": "MyParkPlaceCL@gmail.com", "created_user": null, "created_date": null, "last_edited_user": "WTILGHM", "last_edited_date": "2024-02-20T04:13:07Z", "Shape_Length": 0.024491020691349417, "Shape_Area": 3.187585332418913e-05 }, "geometry": { "type": "MultiPolygon", "coordinates": [ [ [ [ -76.298633812999981, 36.887803701000053 ], [ -76.298623261999978, 36.887565566000035 ], [ -76.298614916999952, 36.887330226000074 ], [ -76.29860632599997, 36.887323550000076 ], [ -76.298594650999974, 36.887314479000054 ], [ -76.298528284999975, 36.887269616000026 ], [ -76.298509827999965, 36.887256703000048 ], [ -76.298520418999942, 36.887139826000066 ], [ -76.298523621999948, 36.887109745000032 ], [ -76.298524603999965, 36.887100521000036 ], [ -76.298379287999978, 36.88710702000003 ], [ -76.298261184999944, 36.887110243000052 ], [ -76.298258411999939, 36.887110276000044 ], [ -76.298074544999963, 36.887112438000031 ], [ -76.298207997999953, 36.886349447000043 ], [ -76.298235604999945, 36.886191610000026 ], [ -76.298244265999983, 36.886146864000068 ], [ -76.298386984999979, 36.885349636000058 ], [ -76.298425341999973, 36.885106801000063 ], [ -76.298433949999946, 36.885042099000032 ], [ -76.298449542999947, 36.884957897000049 ], [ -76.298449896999955, 36.884955577000028 ], [ -76.298444589999974, 36.884812829000055 ], [ -76.298431793999953, 36.884652877000065 ], [ -76.298428608999984, 36.884549396000068 ], [ -76.298427017999984, 36.884497694000061 ], [ -76.298424275999935, 36.884408639000071 ], [ -76.298422015999961, 36.884308503000057 ], [ -76.298419788, 36.88426284500008 ], [ -76.29841860199997, 36.88422429600007 ], [ -76.298418019999986, 36.884098282000025 ], [ -76.298407644999941, 36.883819247000076 ], [ -76.298398888999941, 36.883583778000059 ], [ -76.298397169999987, 36.883527929000024 ], [ -76.29839547399996, 36.883505892000073 ], [ -76.298388288999945, 36.883377800000062 ], [ -76.298351879999984, 36.882939443000055 ], [ -76.298351872999945, 36.882939341000053 ], [ -76.298341937999965, 36.882800422000059 ], [ -76.29833638599996, 36.882609786000046 ], [ -76.298307781999938, 36.88198690400003 ], [ -76.298226580999938, 36.880584033000048 ], [ -76.298226144999944, 36.880576439000038 ], [ -76.29822613999994, 36.880576354000027 ], [ -76.29821729799994, 36.88041196000006 ], [ -76.298217036999972, 36.880407114000036 ], [ -76.298214518999941, 36.880345258000034 ], [ -76.298201654999957, 36.880120137000063 ], [ -76.298196929999961, 36.880024191000075 ], [ -76.298194351999939, 36.879946602000075 ], [ -76.298190766999937, 36.879899052000042 ], [ -76.298189271999945, 36.879844278000064 ], [ -76.298501207999948, 36.879826453000078 ], [ -76.300338906999968, 36.879736984000033 ], [ -76.301802007999981, 36.879665733000024 ], [ -76.302108843999974, 36.879655999000079 ], [ -76.302125296999975, 36.879965944000048 ], [ -76.302194103999966, 36.881392810000079 ], [ -76.30222215799995, 36.881974538000065 ], [ -76.302225752999959, 36.88208108200007 ], [ -76.302231726999935, 36.882377464000058 ], [ -76.302231650999943, 36.882468599000049 ], [ -76.302258516999984, 36.883081116000028 ], [ -76.302260622999938, 36.88338787400005 ], [ -76.302338454999983, 36.884828157000072 ], [ -76.302389482999956, 36.886253614000054 ], [ -76.302453412999967, 36.886997970000039 ], [ -76.302561742999956, 36.887744530000077 ], [ -76.301298641999949, 36.887768472000062 ], [ -76.300490180999986, 36.887786682000069 ], [ -76.30018642899995, 36.887797867000074 ], [ -76.300182688999939, 36.887797839000029 ], [ -76.299954394999986, 36.887798750000059 ], [ -76.299953938999977, 36.887798736000036 ], [ -76.299786306999977, 36.887797336000062 ], [ -76.299228485999947, 36.887808062000033 ], [ -76.299150615999963, 36.887809169000036 ], [ -76.298863227999959, 36.887814454000079 ], [ -76.298634511999978, 36.887819481000065 ], [ -76.298634191999952, 36.887809873000037 ], [ -76.298633812999981, 36.887803701000053 ] ] ] ] } },
{ "type": "Feature", "properties": { "OBJECTID": 79, "UID": 79, "LEAGUE": "Oak Leaf Forest", "PRES_ADDRE": "1706 Greenleaf Drive", "MTG_FREQUE": "No Information Available", "MTG_TIME": "unknown", "MTG_LOCATI": "No Information Available", "SHAPE_LENG": 4736.2365487999996, "NAME1": "Oakleaf", "NAME2": "Forest", "PRESIDENT": "Dionka Holmes", "E_MAIL": "dionkahlms2@gmail.com", "created_user": null, "created_date": null, "last_edited_user": null, "last_edited_date": null, "Shape_Length": 0.018534879750530652, "Shape_Area": 1.5625448390172994e-05 }, "geometry": { "type": "MultiPolygon", "coordinates": [ [ [ [ -76.260848561999978, 36.824961593000069 ], [ -76.260999666999965, 36.826810222000063 ], [ -76.261001732999944, 36.826835485000061 ], [ -76.260807022999984, 36.826832458000069 ], [ -76.260720009999943, 36.82686353500003 ], [ -76.260723737999967, 36.826916883000024 ], [ -76.260417239999981, 36.827062344000069 ], [ -76.260388731999967, 36.827109238000048 ], [ -76.260018902999946, 36.827979821000042 ], [ -76.259350028999961, 36.828930552000031 ], [ -76.257821026999977, 36.830475387000035 ], [ -76.256700516999956, 36.830644775000053 ], [ -76.256620250999958, 36.829345863000071 ], [ -76.25654510399994, 36.828676659000052 ], [ -76.256509220999988, 36.828284852000024 ], [ -76.256190109999977, 36.827839934000053 ], [ -76.256402600999934, 36.827650599000037 ], [ -76.256714995999971, 36.82733789100007 ], [ -76.257005610999954, 36.827048951000052 ], [ -76.257258741999976, 36.826788742000076 ], [ -76.257652522999933, 36.826676746000032 ], [ -76.257923322999943, 36.826612960000034 ], [ -76.258031758999948, 36.826538463000077 ], [ -76.258190099999979, 36.82641858900007 ], [ -76.258222653999951, 36.82640075200004 ], [ -76.258410823999952, 36.825983220000069 ], [ -76.258634047999976, 36.825743053000053 ], [ -76.259416979999969, 36.825404606000063 ], [ -76.25951624399994, 36.825131341000031 ], [ -76.259669370999973, 36.824757158000068 ], [ -76.259735688999967, 36.824570988000062 ], [ -76.259815832999948, 36.824457659000075 ], [ -76.260295221999968, 36.823844932000043 ], [ -76.260456602999966, 36.82385458300007 ], [ -76.260755291999942, 36.823839704000079 ], [ -76.260848561999978, 36.824961593000069 ] ] ] ] } },
{ "type": "Feature", "properties": { "OBJECTID": 80, "UID": 80, "LEAGUE": "Oakdale Farms and Denby Park", "PRES_ADDRE": "537 McFarland Rd", "MTG_FREQUE": "No Information Available", "MTG_TIME": "7:00 pm", "MTG_LOCATI": "No Information Available", "SHAPE_LENG": 22778.730559600001, "NAME1": "Oakdale Farms/Denby Park", "NAME2": "", "PRESIDENT": "Andi Lawson", "E_MAIL": "OFDPCivicLeague@gmail.com", "created_user": null, "created_date": null, "last_edited_user": "WTILGHM", "last_edited_date": "2024-02-18T13:57:11Z", "Shape_Length": 0.061274730875603631, "Shape_Area": 0.00010824657305587895 }, "geometry": { "type": "MultiPolygon", "coordinates": [ [ [ [ -76.257462720999968, 36.92660503500008 ], [ -76.257447057999968, 36.926581088000034 ], [ -76.257443849999959, 36.926569650000033 ], [ -76.257440181999982, 36.926549397000031 ], [ -76.257418543999961, 36.926350994000074 ], [ -76.257413867999958, 36.926338981000072 ], [ -76.25739039399997, 36.926308578000032 ], [ -76.257377933999976, 36.926296918000048 ], [ -76.257338552999954, 36.926265705000048 ], [ -76.257319689999974, 36.926245927000025 ], [ -76.257307387999958, 36.92622894200008 ], [ -76.257283132999987, 36.926191298000049 ], [ -76.257191625999951, 36.92599972000005 ], [ -76.257175133999965, 36.925954562000072 ], [ -76.257150871999954, 36.925837098000045 ], [ -76.257147066999948, 36.925813146000053 ], [ -76.257145771999944, 36.925792945000069 ], [ -76.257142126999952, 36.925771933000078 ], [ -76.257139256999949, 36.925756646000025 ], [ -76.257136817999935, 36.925742894000052 ], [ -76.257132223999974, 36.925705872000037 ], [ -76.257125938999934, 36.925693953000064 ], [ -76.257117302999973, 36.925681219000069 ], [ -76.257103831999984, 36.925666333000038 ], [ -76.257093324999971, 36.925659757000062 ], [ -76.257082379999986, 36.925653809000039 ], [ -76.257060123999963, 36.925640950000059 ], [ -76.257048458999975, 36.925632760000042 ], [ -76.257037632999982, 36.925622988000043 ], [ -76.257021442999985, 36.925606430000073 ], [ -76.257009549999964, 36.925592496000036 ], [ -76.257001601999946, 36.925579274000029 ], [ -76.256995524999979, 36.925556522000079 ], [ -76.256992887999957, 36.92551519400007 ], [ -76.256937580999988, 36.925356492000049 ], [ -76.256977637999967, 36.925180388000058 ], [ -76.256901149999976, 36.924989345000029 ], [ -76.256543313999941, 36.925074012000039 ], [ -76.256534408999983, 36.924983242000053 ], [ -76.256474344999958, 36.924823610000033 ], [ -76.256329907999941, 36.924513700000034 ], [ -76.256342513999982, 36.924332188000051 ], [ -76.256339820999983, 36.92415048600003 ], [ -76.256302428999959, 36.923974256000065 ], [ -76.256238345999975, 36.923776658000065 ], [ -76.256144924999944, 36.923704823000037 ], [ -76.256146010999942, 36.923986462000073 ], [ -76.256201569999973, 36.924076666000076 ], [ -76.256156522999959, 36.92415238500007 ], [ -76.256114713999978, 36.924471141000026 ], [ -76.256108444999938, 36.924641458000053 ], [ -76.256318746999966, 36.925277416000029 ], [ -76.256562113999962, 36.925577375000046 ], [ -76.256775710999989, 36.926167353000039 ], [ -76.256760660999987, 36.926185702000055 ], [ -76.256582065999964, 36.926142699000025 ], [ -76.25641903099995, 36.926063887000055 ], [ -76.256332138999937, 36.926041033000047 ], [ -76.25624892899998, 36.926028034000069 ], [ -76.256142179999983, 36.926030739000055 ], [ -76.256028909999941, 36.926012188000072 ], [ -76.255700962999981, 36.925788863000037 ], [ -76.255530014999977, 36.925666100000058 ], [ -76.255310232999989, 36.925470306000079 ], [ -76.255215928999974, 36.925331215000028 ], [ -76.25515769499998, 36.925262027000031 ], [ -76.255083076999938, 36.925231326000073 ], [ -76.254805643999987, 36.925149916000066 ], [ -76.254724882999938, 36.925081242000033 ], [ -76.254677194999942, 36.92501039800004 ], [ -76.254606900999988, 36.924950882000076 ], [ -76.254519707999975, 36.924909143000036 ], [ -76.254282184999965, 36.924800665000078 ], [ -76.253983392999942, 36.924614950000034 ], [ -76.253936849999945, 36.924507187000074 ], [ -76.253925117999984, 36.924301057000037 ], [ -76.253981065999938, 36.924040413000057 ], [ -76.253888304999975, 36.924026037000033 ], [ -76.253652379999949, 36.924090720000038 ], [ -76.253367303999937, 36.924039518000029 ], [ -76.253337699999975, 36.924017908000053 ], [ -76.253326089999973, 36.924001498000052 ], [ -76.253308960999959, 36.923967176000076 ], [ -76.253300827999965, 36.92393545300007 ], [ -76.253281196999978, 36.923841867000078 ], [ -76.253252546999988, 36.923631189000048 ], [ -76.252755998999987, 36.92281463300003 ], [ -76.252595221999968, 36.922799846000032 ], [ -76.252595267999936, 36.922799637000026 ], [ -76.25274749099998, 36.922085726000034 ], [ -76.252898473999949, 36.921379099000035 ], [ -76.252901179999981, 36.921379337000076 ], [ -76.252901219999956, 36.921379152000043 ], [ -76.25305820899996, 36.921393142000056 ], [ -76.253376507999974, 36.919890223000039 ], [ -76.253795039999943, 36.917891256000075 ], [ -76.253878103999966, 36.91777042800004 ], [ -76.254215730999988, 36.916229532000045 ], [ -76.254584740999974, 36.914949138000054 ], [ -76.255171777999976, 36.913237671000047 ], [ -76.256458171999952, 36.913471928000035 ], [ -76.256471260999945, 36.913474731000065 ], [ -76.256667485999969, 36.913516723000043 ], [ -76.256916918999934, 36.913573323000037 ], [ -76.257017137999981, 36.913595556000075 ], [ -76.257415724999987, 36.91376851900003 ], [ -76.257674755999972, 36.913880921000043 ], [ -76.257735987999979, 36.913905045000035 ], [ -76.257823888999951, 36.913730689000033 ], [ -76.257825216999947, 36.913730387000044 ], [ -76.257826117999969, 36.913728598000034 ], [ -76.258638261999977, 36.913543767000078 ], [ -76.258721917999935, 36.91352630800003 ], [ -76.259179434999965, 36.913430824000045 ], [ -76.259235513999954, 36.913419120000071 ], [ -76.26028404799996, 36.913172479000025 ], [ -76.260711134999951, 36.913072011000054 ], [ -76.261785705999955, 36.912820482000029 ], [ -76.262731126999938, 36.912599173000046 ], [ -76.262818721999963, 36.912717622000059 ], [ -76.262830353999959, 36.912717347000068 ], [ -76.263519972999973, 36.912710195000045 ], [ -76.263787330999946, 36.91307551400007 ], [ -76.264238331999934, 36.913602827000034 ], [ -76.264845229999935, 36.914320423000049 ], [ -76.26551703399997, 36.91496720300006 ], [ -76.266198453999948, 36.915592548000063 ], [ -76.267247334999979, 36.916475579000064 ], [ -76.267266609999979, 36.916491806000067 ], [ -76.267066563999947, 36.916581667000059 ], [ -76.266388626999969, 36.916862088000073 ], [ -76.266367143999958, 36.916870973000073 ], [ -76.266619402999936, 36.917069647000062 ], [ -76.266638987999954, 36.917085073000067 ], [ -76.265980689999935, 36.917386591000025 ], [ -76.265470922999953, 36.917617882000059 ], [ -76.265094252999972, 36.91779217800007 ], [ -76.264967917999968, 36.917850775000034 ], [ -76.264836245999959, 36.917906654000035 ], [ -76.264747174999968, 36.917941450000058 ], [ -76.264635533999979, 36.917983197000069 ], [ -76.264428243999987, 36.918050687000061 ], [ -76.264335040999981, 36.918078450000053 ], [ -76.26426603799996, 36.918097743000033 ], [ -76.26413505499994, 36.918130280000071 ], [ -76.263993812999956, 36.918162623000057 ], [ -76.263921532999973, 36.91817704500005 ], [ -76.263777053999945, 36.918203144000074 ], [ -76.263557135999974, 36.918234676000054 ], [ -76.263409541999977, 36.918250413000067 ], [ -76.263337482999987, 36.918257284000049 ], [ -76.263186649999966, 36.918266777000042 ], [ -76.262964041999965, 36.918273531000068 ], [ -76.262816932999954, 36.918272792000039 ], [ -76.262594791999959, 36.918263757000034 ], [ -76.262519658999963, 36.91825889200004 ], [ -76.262447984999937, 36.918252719000066 ], [ -76.262372932999938, 36.918245109000054 ], [ -76.262154759999987, 36.918217604000063 ], [ -76.261936848999937, 36.91818117300005 ], [ -76.261834783999973, 36.918161372000043 ], [ -76.261073445999955, 36.918013432000066 ], [ -76.260028257999977, 36.917810326000051 ], [ -76.259119109999972, 36.917633398000078 ], [ -76.259122926999964, 36.917708762000075 ], [ -76.259176987999979, 36.91844922000007 ], [ -76.259184894999976, 36.91859037200004 ], [ -76.259195624999961, 36.918742929000075 ], [ -76.259218774999965, 36.91907202200008 ], [ -76.259233777999953, 36.919285338000066 ], [ -76.259248581999941, 36.919437135000067 ], [ -76.259254626999962, 36.919877247000045 ], [ -76.259242622999977, 36.92123540800003 ], [ -76.259436596999933, 36.921541020000063 ], [ -76.259478983999941, 36.921841963000077 ], [ -76.259409458999983, 36.921981304000042 ], [ -76.259330769999963, 36.922091437000063 ], [ -76.25951549399997, 36.922220752000044 ], [ -76.259682217999966, 36.922365193000076 ], [ -76.259883926999976, 36.922448451000037 ], [ -76.259903321999957, 36.922467033000032 ], [ -76.25991860299996, 36.92248280900003 ], [ -76.259932416999959, 36.922498138000037 ], [ -76.259957653999948, 36.922528921000037 ], [ -76.259967352999979, 36.922541969000065 ], [ -76.259995707999963, 36.922585338000033 ], [ -76.260020450999946, 36.922632111000041 ], [ -76.260033574999966, 36.922662774000059 ], [ -76.260046382999974, 36.922699613000077 ], [ -76.260058244999982, 36.922746630000063 ], [ -76.260063940999942, 36.922776071000044 ], [ -76.260062784999946, 36.92281519900007 ], [ -76.260053963999951, 36.922854940000036 ], [ -76.260050486999944, 36.922907838000071 ], [ -76.260088293999956, 36.922973822000074 ], [ -76.260253801999966, 36.923117732000037 ], [ -76.260402687999942, 36.923288939000031 ], [ -76.260563314999956, 36.92349276300007 ], [ -76.260675022999976, 36.923638865000044 ], [ -76.260732218999976, 36.923840101000053 ], [ -76.260714131999976, 36.924033869000027 ], [ -76.260772430999964, 36.924253760000056 ], [ -76.260876592999978, 36.924408147000065 ], [ -76.260892862999981, 36.924426012000026 ], [ -76.260911703999966, 36.92444256400006 ], [ -76.260919924999939, 36.924449158000073 ], [ -76.260928940999975, 36.924456391000035 ], [ -76.260940301999938, 36.924464226000055 ], [ -76.260953671999971, 36.924471350000033 ], [ -76.260965546999955, 36.924479077000058 ], [ -76.260976519999986, 36.924487687000067 ], [ -76.260986568999954, 36.924497202000055 ], [ -76.261006460999965, 36.924523891000035 ], [ -76.261010916999965, 36.924532708000072 ], [ -76.261015829999963, 36.924545496000064 ], [ -76.261018529999944, 36.924555663000035 ], [ -76.261020177999967, 36.924565586000028 ], [ -76.261020913999971, 36.924579566000034 ], [ -76.261020091999967, 36.92459145600003 ], [ -76.26101608099998, 36.924626405000026 ], [ -76.261016191999943, 36.924652071000025 ], [ -76.261018533999959, 36.924675291000028 ], [ -76.261020924999968, 36.924689020000073 ], [ -76.261024482999971, 36.924704258000077 ], [ -76.261027807999938, 36.924715766000077 ], [ -76.261032680999961, 36.924729914000068 ], [ -76.26104093899994, 36.924749556000052 ], [ -76.261049281999988, 36.924766033000026 ], [ -76.261114476999978, 36.924989312000037 ], [ -76.261185134999948, 36.925135397000076 ], [ -76.261182115999986, 36.925348579000058 ], [ -76.261120394999978, 36.925519820000034 ], [ -76.261034196999958, 36.925739614000065 ], [ -76.261021353999979, 36.925906009000073 ], [ -76.260973492999938, 36.92612997100008 ], [ -76.260837218999939, 36.926430882000034 ], [ -76.260681194999961, 36.92681187800008 ], [ -76.260613067999941, 36.92684222400004 ], [ -76.260540461999938, 36.926848819000043 ], [ -76.26047086799997, 36.926801902000079 ], [ -76.260384592999969, 36.92659851500008 ], [ -76.260349661999953, 36.926579613000058 ], [ -76.260316630999966, 36.926592657000072 ], [ -76.260288321999951, 36.926637310000046 ], [ -76.260251156999971, 36.926693994000061 ], [ -76.260198638999952, 36.926742008000076 ], [ -76.260132859999942, 36.926757848000079 ], [ -76.260092990999965, 36.92675732500004 ], [ -76.260016502999974, 36.926720318000037 ], [ -76.259951160999947, 36.926660922000053 ], [ -76.259904290999941, 36.926641399000061 ], [ -76.259858083999973, 36.926639776000059 ], [ -76.259820585999989, 36.926659576000077 ], [ -76.259799229999942, 36.926677439000059 ], [ -76.259821873999954, 36.926712030000033 ], [ -76.259901136999986, 36.926768253000034 ], [ -76.259974993999947, 36.926797091000026 ], [ -76.260015021999948, 36.926805759000047 ], [ -76.26004424599995, 36.926825688000065 ], [ -76.260084722999977, 36.926849258000061 ], [ -76.26012185899998, 36.926889859000028 ], [ -76.260116099999948, 36.926935083000046 ], [ -76.260154536999949, 36.926994253000032 ], [ -76.260175022999988, 36.927033101000063 ], [ -76.260188040999935, 36.927063114000077 ], [ -76.260196619999988, 36.927092002000052 ], [ -76.26018124899997, 36.927136165000036 ], [ -76.260137287999953, 36.927212227000041 ], [ -76.260116435999976, 36.927275101000077 ], [ -76.260096026999975, 36.927406450000035 ], [ -76.260059754999986, 36.927639899000042 ], [ -76.260040287999971, 36.927693864000048 ], [ -76.259999906999951, 36.927730541000074 ], [ -76.259889819999955, 36.92779666000007 ], [ -76.259802028999957, 36.927839641000048 ], [ -76.259711449999941, 36.927872642000068 ], [ -76.259669938999934, 36.927882136000051 ], [ -76.259642020999934, 36.927887687000066 ], [ -76.259613257999945, 36.927890301000048 ], [ -76.259525982999946, 36.927893600000061 ], [ -76.259472519999974, 36.927894393000031 ], [ -76.259442715999967, 36.927894281000079 ], [ -76.259382534999986, 36.927894029000072 ], [ -76.259347133999938, 36.927892904000032 ], [ -76.25931735599994, 36.927891892000048 ], [ -76.259298584999954, 36.927889846000028 ], [ -76.259276022999984, 36.927882068000031 ], [ -76.259257254999966, 36.927869967000049 ], [ -76.259237972999983, 36.927856051000049 ], [ -76.259112841, 36.927751160000071 ], [ -76.259092023999983, 36.927732252000055 ], [ -76.25905054499998, 36.927689463000036 ], [ -76.259034825999947, 36.927669297000079 ], [ -76.25901775899996, 36.927645645000041 ], [ -76.25899605099994, 36.927611138000032 ], [ -76.258989017999966, 36.927582622000045 ], [ -76.258981330999973, 36.927557189000026 ], [ -76.258971970999937, 36.927531270000031 ], [ -76.258949819999941, 36.927481625000041 ], [ -76.258931532999952, 36.92745327800003 ], [ -76.258921210999972, 36.927440889000025 ], [ -76.258909133999964, 36.927430728000047 ], [ -76.258894216999977, 36.927421863000063 ], [ -76.258870297999977, 36.927412826000079 ], [ -76.258828535999953, 36.927403557000048 ], [ -76.258521317999964, 36.927303700000039 ], [ -76.258483315999968, 36.927288392000037 ], [ -76.258411705999947, 36.927248501000065 ], [ -76.258382043999973, 36.927230616000031 ], [ -76.258332529999961, 36.92719969400008 ], [ -76.258307396999953, 36.92718418000004 ], [ -76.258274107999966, 36.927161411000043 ], [ -76.258264242999985, 36.927154019000056 ], [ -76.258235066999987, 36.927132156000027 ], [ -76.258203849999973, 36.927112081000075 ], [ -76.258181678999961, 36.92709607300003 ], [ -76.258155366999972, 36.927074363000031 ], [ -76.258128754999973, 36.927050263000069 ], [ -76.258107133999943, 36.927027992000035 ], [ -76.258079446999943, 36.926998031000039 ], [ -76.258008580999956, 36.92691459200006 ], [ -76.25798421199994, 36.926881932000072 ], [ -76.257958142999939, 36.926852007000036 ], [ -76.257939703999966, 36.926832628000057 ], [ -76.257919970999978, 36.926811888000032 ], [ -76.257887223999944, 36.926780030000032 ], [ -76.257872112999962, 36.92677012200005 ], [ -76.257854152999982, 36.926758687000074 ], [ -76.257820802999959, 36.92673770600004 ], [ -76.257801708999978, 36.92672695400006 ], [ -76.257785149999961, 36.92671860300004 ], [ -76.25776290899995, 36.926708034000058 ], [ -76.257750646999966, 36.926703474000078 ], [ -76.257745923999948, 36.926701546000061 ], [ -76.257738396999969, 36.92669847500008 ], [ -76.257724019999955, 36.926692141000046 ], [ -76.257709855999963, 36.926687662000063 ], [ -76.257659964999959, 36.926670578000028 ], [ -76.257574336999937, 36.926649032000057 ], [ -76.257527184999958, 36.926639041000044 ], [ -76.257477399999971, 36.926621689000058 ], [ -76.257470023999986, 36.926614695000069 ], [ -76.257462720999968, 36.92660503500008 ] ] ] ] } },
{ "type": "Feature", "properties": { "OBJECTID": 81, "UID": 81, "LEAGUE": "Oakmont North", "PRES_ADDRE": "P.O. Box 41389 Norfolk V", "MTG_FREQUE": "No infomation Available", "MTG_TIME": "6:00pm", "MTG_LOCATI": "Norview Community Center", "SHAPE_LENG": 8295.8876224699998, "NAME1": "Oakmont", "NAME2": "North", "PRESIDENT": "Schronia Pierce", "E_MAIL": "oakmontnorthcivicleague888@gmail.com", "created_user": null, "created_date": null, "last_edited_user": "WTILGHM", "last_edited_date": "2024-02-19T18:21:55Z", "Shape_Length": 0.023211033145869392, "Shape_Area": 2.5728198535269291e-05 }, "geometry": { "type": "MultiPolygon", "coordinates": [ [ [ [ -76.238992548999988, 36.913316722000047 ], [ -76.238839121999945, 36.913298659000077 ], [ -76.238807444999964, 36.913298050000037 ], [ -76.238801507999938, 36.91329793500006 ], [ -76.23840484599998, 36.913290304000043 ], [ -76.237933718999955, 36.912881492000054 ], [ -76.237734451999984, 36.912934084000028 ], [ -76.237429502999987, 36.91311963000004 ], [ -76.237130012999955, 36.913099551000073 ], [ -76.237092992999976, 36.913078920000032 ], [ -76.236775253999951, 36.91283446500006 ], [ -76.236260211999934, 36.912123961000077 ], [ -76.235817269999984, 36.911512856000058 ], [ -76.235780139999974, 36.911475680000081 ], [ -76.235694385999977, 36.911363727000037 ], [ -76.235553397, 36.911160432000031 ], [ -76.235400291999952, 36.91094718100004 ], [ -76.235310278999975, 36.910833738000065 ], [ -76.23507253799994, 36.910490942000024 ], [ -76.234986740999943, 36.910369065000054 ], [ -76.234898844999975, 36.910244207000062 ], [ -76.234855264999965, 36.910190083000032 ], [ -76.234720462999974, 36.910022668000067 ], [ -76.234508281999979, 36.909746741000049 ], [ -76.234395173999985, 36.909580195000046 ], [ -76.234099888999936, 36.909191141000065 ], [ -76.233993492999957, 36.909054582000067 ], [ -76.234013863999962, 36.909044539000035 ], [ -76.234032093999986, 36.909035550000056 ], [ -76.234193865999941, 36.908946043000071 ], [ -76.234227657999952, 36.908927347000031 ], [ -76.234553913999946, 36.908771538000053 ], [ -76.234682376999956, 36.908708764000039 ], [ -76.234897586999978, 36.908610316000079 ], [ -76.235154311999963, 36.908486391000054 ], [ -76.235375526999974, 36.908383306000076 ], [ -76.235712792999948, 36.908229966000079 ], [ -76.23590986499994, 36.908160956000074 ], [ -76.236112397999989, 36.908094850000055 ], [ -76.236475379999945, 36.908012499000051 ], [ -76.236818442999947, 36.907938026000068 ], [ -76.237242648999938, 36.907867237000062 ], [ -76.237575894999964, 36.907820765000054 ], [ -76.237809201999937, 36.907798469000056 ], [ -76.238035863999983, 36.908457399000042 ], [ -76.238328826999975, 36.909302366000077 ], [ -76.238503990999959, 36.909676226000045 ], [ -76.238530568999977, 36.909732950000034 ], [ -76.238531462999958, 36.909734859000025 ], [ -76.239171555999974, 36.90960980400007 ], [ -76.239269139999976, 36.909320456000046 ], [ -76.239281915999982, 36.908892109000078 ], [ -76.239476937999939, 36.908777034000025 ], [ -76.239751463999937, 36.908749345000047 ], [ -76.239854595999986, 36.908732783000062 ], [ -76.240405231999944, 36.908653307000066 ], [ -76.240564246999952, 36.909602242000062 ], [ -76.240759905999937, 36.910766706000061 ], [ -76.240875526999957, 36.911440738000067 ], [ -76.24099317799994, 36.912108088000025 ], [ -76.241010149999966, 36.912204354000039 ], [ -76.241075769999952, 36.912613107000027 ], [ -76.241235235999966, 36.913606418000029 ], [ -76.240788322999947, 36.913647282000056 ], [ -76.240709428999935, 36.913654008000037 ], [ -76.240334136999934, 36.913676217000045 ], [ -76.240111172999946, 36.913659133000067 ], [ -76.239951875999964, 36.913646927000059 ], [ -76.239655337999977, 36.913571586000046 ], [ -76.239451383999949, 36.913498979000053 ], [ -76.239237496999976, 36.913415851000025 ], [ -76.239229190999936, 36.913412623000056 ], [ -76.238992548999988, 36.913316722000047 ] ] ] ] } },
{ "type": "Feature", "properties": { "OBJECTID": 82, "UID": 82, "LEAGUE": "Oakwood", "PRES_ADDRE": "7505 Paulin Court", "MTG_FREQUE": "4th Monday", "MTG_TIME": "7:00 pm", "MTG_LOCATI": "Norview Recreation Center, Sewells Point", "SHAPE_LENG": 12734.4665895, "NAME1": "Oakwood", "NAME2": "", "PRESIDENT": "Mary F Simpson-Jones", "E_MAIL": "mjones176@cox.net", "created_user": null, "created_date": null, "last_edited_user": "WTILGHM", "last_edited_date": "2024-02-19T19:11:07Z", "Shape_Length": 0.038309832013883001, "Shape_Area": 5.7431140930922049e-05 }, "geometry": { "type": "MultiPolygon", "coordinates": [ [ [ [ -76.24315261299995, 36.914709943000048 ], [ -76.243149866999943, 36.914709877000064 ], [ -76.242834512999934, 36.914706545000058 ], [ -76.242512848999979, 36.914707941000074 ], [ -76.242194482999935, 36.91471350300003 ], [ -76.241875970999956, 36.914723869000056 ], [ -76.241738942999973, 36.914729478000027 ], [ -76.241601894999974, 36.914735774000064 ], [ -76.241567616999987, 36.914737863000028 ], [ -76.241482346999987, 36.914738507000038 ], [ -76.241471037999986, 36.914738593000038 ], [ -76.241450473999976, 36.914761421000037 ], [ -76.241235235999966, 36.913606418000029 ], [ -76.241075769999952, 36.912613107000027 ], [ -76.241010149999966, 36.912204354000039 ], [ -76.24099317799994, 36.912108088000025 ], [ -76.240875526999957, 36.911440738000067 ], [ -76.240759905999937, 36.910766706000061 ], [ -76.240564246999952, 36.909602242000062 ], [ -76.240405231999944, 36.908653307000066 ], [ -76.240341078999961, 36.90827045900005 ], [ -76.240248252999947, 36.907716487000073 ], [ -76.240207175999956, 36.907464084000026 ], [ -76.240052399999968, 36.906458995000037 ], [ -76.239651808999952, 36.90383096000005 ], [ -76.239580006999972, 36.903370764000044 ], [ -76.239753231999941, 36.90341255900006 ], [ -76.240263735999974, 36.903501363000032 ], [ -76.240823540999941, 36.903543034000052 ], [ -76.241374459999975, 36.903538512000068 ], [ -76.24191931699994, 36.903507771000079 ], [ -76.242800787999954, 36.90349864500007 ], [ -76.242801226999973, 36.903501885000026 ], [ -76.242813530999967, 36.903592640000056 ], [ -76.242922392999958, 36.904398680000043 ], [ -76.242925001999936, 36.904417932000058 ], [ -76.242965025, 36.904655843000057 ], [ -76.242991581999945, 36.904761288000032 ], [ -76.243022243999974, 36.904828654000028 ], [ -76.243114700999968, 36.905055537000067 ], [ -76.243119864999983, 36.905067 ], [ -76.243170389999989, 36.90517914600008 ], [ -76.24319858299998, 36.905237788000079 ], [ -76.243227576999971, 36.905298101000028 ], [ -76.243348409999953, 36.905524446000072 ], [ -76.243407713999943, 36.90563553000004 ], [ -76.243418060999943, 36.905655750000051 ], [ -76.243465374999971, 36.905748205000066 ], [ -76.243498527999975, 36.905812981000054 ], [ -76.24354005899994, 36.905894130000036 ], [ -76.244457334999936, 36.907671134000054 ], [ -76.244500061999986, 36.90775390500005 ], [ -76.244511652999961, 36.907776173000059 ], [ -76.244670835999955, 36.908084729000052 ], [ -76.244818673999987, 36.908371291000037 ], [ -76.244941712999946, 36.908610359000079 ], [ -76.244949718999976, 36.908626607000031 ], [ -76.244958069999939, 36.908642834000034 ], [ -76.244964792999951, 36.908656479000058 ], [ -76.244990565999956, 36.908705978000057 ], [ -76.245020860999944, 36.908764839000071 ], [ -76.245051513999954, 36.908823705000032 ], [ -76.245657745999949, 36.910001598000065 ], [ -76.245663444999934, 36.910012670000071 ], [ -76.246141910999938, 36.910950465000042 ], [ -76.246371988999954, 36.911411668000028 ], [ -76.246403230999988, 36.911469578000037 ], [ -76.246430790999966, 36.911527579000051 ], [ -76.246432781999943, 36.911531732000071 ], [ -76.246459784999956, 36.911587893000046 ], [ -76.246462501999986, 36.911593544000027 ], [ -76.246474823999961, 36.911621503000049 ], [ -76.246487848999948, 36.911646258000076 ], [ -76.24649081299998, 36.911651892000066 ], [ -76.24652124399995, 36.911707209000042 ], [ -76.246550558999957, 36.911761154000033 ], [ -76.246574571999986, 36.911806351000052 ], [ -76.246580675999951, 36.911816282000075 ], [ -76.246591225999964, 36.911833437000041 ], [ -76.246627124999975, 36.91189182100004 ], [ -76.246692555999971, 36.911992668000039 ], [ -76.246735150999939, 36.912055988000077 ], [ -76.246774530999971, 36.912112377000028 ], [ -76.246817371999953, 36.912167460000035 ], [ -76.246860212999934, 36.912222541000062 ], [ -76.246903073999988, 36.912276937000058 ], [ -76.246949374999986, 36.912330713000074 ], [ -76.246995695999942, 36.912383801000033 ], [ -76.24704203899995, 36.912436203000027 ], [ -76.24709182099997, 36.912487983000062 ], [ -76.247168142999953, 36.912567748000072 ], [ -76.247541575999946, 36.912947983000038 ], [ -76.24761984099996, 36.913029281000036 ], [ -76.247716096999966, 36.913125665000052 ], [ -76.247759346999942, 36.91316701900007 ], [ -76.247806036999975, 36.913207750000026 ], [ -76.247856206999984, 36.913246487000038 ], [ -76.247914459999947, 36.913291428000036 ], [ -76.247944398999948, 36.913312115000053 ], [ -76.247962880999978, 36.913324291000038 ], [ -76.247971243999984, 36.913329801000032 ], [ -76.248021556999959, 36.913363734000029 ], [ -76.248078751999969, 36.913396424000041 ], [ -76.248141460999989, 36.913433968000049 ], [ -76.248324046999983, 36.91354300100005 ], [ -76.248734866999939, 36.913788323000063 ], [ -76.248928128999978, 36.913903730000072 ], [ -76.250350426999944, 36.914731095000036 ], [ -76.250475430999984, 36.914962437000042 ], [ -76.250488150999956, 36.915014194000037 ], [ -76.250475936999976, 36.915065473000027 ], [ -76.25041631199997, 36.915153050000072 ], [ -76.250320951999981, 36.915236649000065 ], [ -76.250318204999985, 36.915236596000057 ], [ -76.249178030999985, 36.915232372000048 ], [ -76.247882363999963, 36.915152305000049 ], [ -76.246958431999985, 36.915041188000032 ], [ -76.24606169499998, 36.914936080000075 ], [ -76.245359303999976, 36.914853925000045 ], [ -76.245062535999978, 36.914823505000072 ], [ -76.244721335999941, 36.91479154600006 ], [ -76.244403888999955, 36.914766223000072 ], [ -76.244086316999983, 36.914745018000076 ], [ -76.243867689999945, 36.914733267000031 ], [ -76.243645581999942, 36.91472350600003 ], [ -76.24315261299995, 36.914709943000048 ] ] ] ] } },
{ "type": "Feature", "properties": { "OBJECTID": 83, "UID": 83, "LEAGUE": "Ocean View", "PRES_ADDRE": "PO Box 8727", "MTG_FREQUE": "1st Wednesday, except July", "MTG_TIME": "7:00 pm", "MTG_LOCATI": "Mary D. Pretlow Anchor Branch Library, 111 W Ocean View Avenue", "SHAPE_LENG": 21595.624042399999, "NAME1": "Ocean", "NAME2": "View", "PRESIDENT": "Andrew Pittman", "E_MAIL": "andrew@pittmanlawpc.com", "created_user": null, "created_date": null, "last_edited_user": "WTILGHM", "last_edited_date": "2024-02-16T14:20:51Z", "Shape_Length": 0.068731991310107599, "Shape_Area": 0.00016781894910645253 }, "geometry": { "type": "MultiPolygon", "coordinates": [ [ [ [ -76.257744381999942, 36.959499196000024 ], [ -76.257720613999936, 36.959492562000037 ], [ -76.257720401999961, 36.959492796000063 ], [ -76.257719106999957, 36.959492430000068 ], [ -76.257692096999961, 36.959523485000034 ], [ -76.256969733999938, 36.959068198000068 ], [ -76.256788018999941, 36.958961705000036 ], [ -76.256589499999961, 36.958844590000069 ], [ -76.256448920999958, 36.958795191000036 ], [ -76.256445106999934, 36.958793839000066 ], [ -76.256382678999955, 36.958771713000033 ], [ -76.256368159999965, 36.958771970000043 ], [ -76.256367695999984, 36.958771978000073 ], [ -76.256348580999941, 36.958771996000053 ], [ -76.256302395999967, 36.958819406000032 ], [ -76.256189358999961, 36.958933478000063 ], [ -76.256072984999946, 36.958829928000057 ], [ -76.255706399999951, 36.958607951000033 ], [ -76.255564167999978, 36.958490836000067 ], [ -76.255437223999934, 36.958384840000065 ], [ -76.255358532999935, 36.958336607000035 ], [ -76.255277738999951, 36.95828588300003 ], [ -76.254976028999977, 36.958185339000067 ], [ -76.254570060999981, 36.957906285000035 ], [ -76.254492912999979, 36.957852612000067 ], [ -76.254315662999943, 36.957711172000074 ], [ -76.254171223999947, 36.957617750000054 ], [ -76.253858865999973, 36.95741466000004 ], [ -76.253733817999944, 36.957360071000039 ], [ -76.253605408999988, 36.957303359000036 ], [ -76.253605223999955, 36.957303522000075 ], [ -76.253604539999969, 36.957303221000075 ], [ -76.253570350999951, 36.957334304000028 ], [ -76.253560161999985, 36.957343296000033 ], [ -76.253542082999957, 36.957326991000059 ], [ -76.253456874999983, 36.957250145000046 ], [ -76.253456368999935, 36.957249686000068 ], [ -76.253379690999964, 36.957180222000034 ], [ -76.253228920999959, 36.957069508000075 ], [ -76.25319256399996, 36.957043071000044 ], [ -76.253163754999946, 36.95702192300007 ], [ -76.253155786999969, 36.95701607400008 ], [ -76.253070132999937, 36.956957802000034 ], [ -76.252626075999956, 36.956655696000041 ], [ -76.252541122999958, 36.956597553000051 ], [ -76.252511396999978, 36.956584449000047 ], [ -76.252484811999977, 36.956572630000039 ], [ -76.252407170999959, 36.956538112000032 ], [ -76.252373213999988, 36.956510682000044 ], [ -76.25232243399995, 36.95646836800006 ], [ -76.252183984999988, 36.95638402600008 ], [ -76.251913856999977, 36.956217459000072 ], [ -76.251832280999963, 36.956143341000029 ], [ -76.25176229799996, 36.956078523000031 ], [ -76.251388855999949, 36.955857775000027 ], [ -76.25115336999994, 36.955717963000041 ], [ -76.251152892999983, 36.95571848700007 ], [ -76.25115234499998, 36.955718163000029 ], [ -76.251151792999963, 36.955717836000076 ], [ -76.251085741999987, 36.955792149000047 ], [ -76.251068443999941, 36.955811124000036 ], [ -76.251069177999966, 36.955786408000051 ], [ -76.251069192999978, 36.955785905000027 ], [ -76.251070419999962, 36.955744569000046 ], [ -76.251071396999976, 36.955742568000062 ], [ -76.251070506999952, 36.955741670000066 ], [ -76.251063646999967, 36.955734756000027 ], [ -76.251016361999973, 36.955687099000045 ], [ -76.251000710999961, 36.955671086000052 ], [ -76.250737520999962, 36.955506619000062 ], [ -76.250737140999945, 36.955506381000077 ], [ -76.250623877999942, 36.955435499000032 ], [ -76.250607599999967, 36.955421111000078 ], [ -76.250469658999975, 36.955299829000069 ], [ -76.25045769899998, 36.955288852000024 ], [ -76.250308196999981, 36.955182493000052 ], [ -76.250195461999965, 36.95512923900003 ], [ -76.250164823999967, 36.955114550000076 ], [ -76.25007366899996, 36.955071595000049 ], [ -76.250023793999958, 36.955039063000072 ], [ -76.249689029999956, 36.954819870000051 ], [ -76.249675522999951, 36.954806744000052 ], [ -76.249628775999952, 36.954761315000042 ], [ -76.249627617999977, 36.954760162000071 ], [ -76.249626097999965, 36.954758712000057 ], [ -76.249578570999972, 36.954712524000058 ], [ -76.24922427599995, 36.954480037000053 ], [ -76.248919598999976, 36.954278870000053 ], [ -76.248705050999945, 36.954112151000061 ], [ -76.248704973999963, 36.95411209100007 ], [ -76.248687448999988, 36.954098356000031 ], [ -76.248580844999935, 36.954052167000043 ], [ -76.248469755999963, 36.954004032000057 ], [ -76.248154814999964, 36.953812276000065 ], [ -76.248651021999933, 36.953363551000052 ], [ -76.248875770999973, 36.953158654000049 ], [ -76.24903151999996, 36.953019376000043 ], [ -76.24928812099995, 36.952782117000027 ], [ -76.249586773999965, 36.952562845000045 ], [ -76.251544887999955, 36.95256183500004 ], [ -76.256778301999987, 36.94807671600006 ], [ -76.256600419999984, 36.947957245000055 ], [ -76.258105188999934, 36.946615 ], [ -76.258117142999936, 36.946469096000044 ], [ -76.258112325999946, 36.946362136000062 ], [ -76.259186597999985, 36.946160314000053 ], [ -76.260052420999955, 36.945818963000079 ], [ -76.260080042999959, 36.945860374000063 ], [ -76.260446298999966, 36.946389679000049 ], [ -76.260484718999976, 36.946447639000041 ], [ -76.260608944999944, 36.946395890000076 ], [ -76.260834981999949, 36.946298357000046 ], [ -76.260873261999961, 36.94628184000004 ], [ -76.260914305999961, 36.946341657000062 ], [ -76.261293929999965, 36.946319018000054 ], [ -76.261746665999965, 36.946129005000046 ], [ -76.262140221999971, 36.946082750000073 ], [ -76.26228075399996, 36.946053549000055 ], [ -76.262446921999981, 36.946007984000062 ], [ -76.262824270999943, 36.945878127000071 ], [ -76.263468094999951, 36.945780970000044 ], [ -76.263913674999969, 36.945731460000047 ], [ -76.264019978999954, 36.945745200000033 ], [ -76.264111321999962, 36.945736169000043 ], [ -76.264255456999933, 36.945709303000058 ], [ -76.264457945999936, 36.945671699000059 ], [ -76.264632867999978, 36.945642236000026 ], [ -76.264721964999978, 36.945629890000077 ], [ -76.264885454999956, 36.945611808000024 ], [ -76.26570305599995, 36.944590166000069 ], [ -76.267060997999977, 36.943467524000027 ], [ -76.267164070999968, 36.943509789000075 ], [ -76.267840017999958, 36.943711452000059 ], [ -76.271342899999979, 36.94471268500007 ], [ -76.271348370999988, 36.944779137000069 ], [ -76.26592934699994, 36.947159199000055 ], [ -76.266743534999989, 36.948091361000024 ], [ -76.267452004999939, 36.948864021000077 ], [ -76.269501551999952, 36.95124885000007 ], [ -76.26602662099998, 36.953203536000046 ], [ -76.266090179999935, 36.953279956000074 ], [ -76.265994916999944, 36.953333938000071 ], [ -76.265586329999962, 36.95356434100006 ], [ -76.265159580999978, 36.953128795000055 ], [ -76.264937368999938, 36.952905163000025 ], [ -76.264620685999944, 36.953062509000063 ], [ -76.26508974799998, 36.953522424000028 ], [ -76.264715284999966, 36.953779122000071 ], [ -76.264826287999938, 36.953883418000032 ], [ -76.264833938999971, 36.953914291000046 ], [ -76.264706481999951, 36.954001664000032 ], [ -76.264654638999957, 36.954047439000078 ], [ -76.264451470999973, 36.954467561000058 ], [ -76.264138726999988, 36.954970958000047 ], [ -76.263688989999935, 36.955478553000034 ], [ -76.263397148999957, 36.956243761000053 ], [ -76.262949036999942, 36.95594244800003 ], [ -76.260643161999951, 36.95813430100003 ], [ -76.259653709999952, 36.959070956000062 ], [ -76.259616847999951, 36.959052821000057 ], [ -76.259373993999986, 36.959285204000025 ], [ -76.258967655999982, 36.959674017000054 ], [ -76.258684651999943, 36.95994560500003 ], [ -76.258570095999971, 36.960057454000037 ], [ -76.258312926999963, 36.959803515000033 ], [ -76.258116403999963, 36.959682839000038 ], [ -76.258116324999946, 36.959682790000045 ], [ -76.258085290999986, 36.959663670000054 ], [ -76.25799165799998, 36.959610094000027 ], [ -76.25799152899998, 36.95961002100006 ], [ -76.257915994999962, 36.959566756000072 ], [ -76.257767040999966, 36.95950847000006 ], [ -76.257744381999942, 36.959499196000024 ] ] ] ] } },
{ "type": "Feature", "properties": { "OBJECTID": 84, "UID": 84, "LEAGUE": "Olde Huntersville", "PRES_ADDRE": "P.O Box 7831 Norfolk, VA", "MTG_FREQUE": "Tuesday", "MTG_TIME": "6:00 pm", "MTG_LOCATI": "Huntersville Multi-Service Center", "SHAPE_LENG": 10541.5842232, "NAME1": "Olde", "NAME2": "Huntersville", "PRESIDENT": "Marvette Boone", "E_MAIL": "marvettedillard48@gmail.com", "created_user": null, "created_date": null, "last_edited_user": "RFRASHE", "last_edited_date": "2024-03-15T13:51:09Z", "Shape_Length": 0.033469746097529805, "Shape_Area": 5.2875176671576461e-05 }, "geometry": { "type": "MultiPolygon", "coordinates": [ [ [ [ -76.269092145999934, 36.861094069000046 ], [ -76.269075501999964, 36.860575651000033 ], [ -76.26910844799994, 36.860114730000078 ], [ -76.269188701999951, 36.859636268000031 ], [ -76.26932999099995, 36.85920806200005 ], [ -76.269337187999952, 36.859185255000057 ], [ -76.269339012999978, 36.859180724000055 ], [ -76.26949611799995, 36.858784898000067 ], [ -76.269653279999943, 36.858490320000044 ], [ -76.269721684999979, 36.858359633000077 ], [ -76.270140009999977, 36.857620648000079 ], [ -76.272725615999946, 36.858467336000047 ], [ -76.271950110999967, 36.860286356000074 ], [ -76.273064954999938, 36.860394727000028 ], [ -76.273210234999965, 36.861036247000072 ], [ -76.274636128999987, 36.860864587000037 ], [ -76.275010451999947, 36.860819521000053 ], [ -76.278109948999941, 36.860446308000064 ], [ -76.278280600999949, 36.861355450000076 ], [ -76.27838066399994, 36.86188853200008 ], [ -76.278819774999988, 36.864227756000048 ], [ -76.278930011999989, 36.865133726000067 ], [ -76.279062775999989, 36.866191434000029 ], [ -76.279065859999946, 36.866216012000052 ], [ -76.279014317999952, 36.866224654000064 ], [ -76.277107616999956, 36.86653132400005 ], [ -76.27643132999998, 36.866506161000075 ], [ -76.275986822999982, 36.866388099000062 ], [ -76.275240349999933, 36.866194451000069 ], [ -76.274981958999945, 36.866129314000034 ], [ -76.274327518999939, 36.865947363000032 ], [ -76.274013906999983, 36.865864060000035 ], [ -76.273954754999977, 36.865848348000043 ], [ -76.273922311999968, 36.865840174000027 ], [ -76.273870285999976, 36.865821921000077 ], [ -76.273850597999967, 36.865815013000031 ], [ -76.273565234999978, 36.865714891000039 ], [ -76.271902289999957, 36.864940194000042 ], [ -76.270448766999948, 36.863905014000068 ], [ -76.270282610999971, 36.863772352000069 ], [ -76.269907151999973, 36.863460761000056 ], [ -76.269713485999944, 36.863186230000053 ], [ -76.269655042999943, 36.863086119000059 ], [ -76.269592356999965, 36.862971486000049 ], [ -76.269496397999944, 36.862807713000052 ], [ -76.269298489999983, 36.862370660000067 ], [ -76.269180018999975, 36.861936468000067 ], [ -76.269100203999983, 36.861471961000063 ], [ -76.269092145999934, 36.861094069000046 ] ] ] ] } },
{ "type": "Feature", "properties": { "OBJECTID": 86, "UID": 86, "LEAGUE": "Park Place", "PRES_ADDRE": "No Information Available", "MTG_FREQUE": "1st Monday", "MTG_TIME": "6:30 pm", "MTG_LOCATI": "Park Place Multi-Service Center, 606 West 29th St.", "SHAPE_LENG": 14508.204832199999, "NAME1": "Park", "NAME2": "Place", "PRESIDENT": "Jamie Pickens", "E_MAIL": "smoochjp@msn.com", "created_user": null, "created_date": null, "last_edited_user": "RFRASHE", "last_edited_date": "2024-11-04T18:21:21Z", "Shape_Length": 0.044645638398172829, "Shape_Area": 0.00012545189878835082 }, "geometry": { "type": "MultiPolygon", "coordinates": [ [ [ [ -76.282002460999934, 36.880148465000048 ], [ -76.281982836999987, 36.879065630000071 ], [ -76.28198357499997, 36.879040412000052 ], [ -76.282015687999944, 36.877942577000056 ], [ -76.281558425999947, 36.876032072000044 ], [ -76.281519501999981, 36.875822147000065 ], [ -76.281523303999961, 36.875813457000049 ], [ -76.281884397999988, 36.874988254000073 ], [ -76.282378329999972, 36.873851058000071 ], [ -76.28269428699997, 36.873148994000076 ], [ -76.283009885999945, 36.872458992000077 ], [ -76.28332106299996, 36.871748791000073 ], [ -76.283642475999955, 36.871030737000069 ], [ -76.284263859999953, 36.869642497000029 ], [ -76.284558942999979, 36.868968195000036 ], [ -76.287944589999938, 36.869965302000026 ], [ -76.291093398999976, 36.870845218000056 ], [ -76.292761508999945, 36.871335179000027 ], [ -76.294563705999963, 36.871863838000024 ], [ -76.295576739999944, 36.872183351000047 ], [ -76.295580839999957, 36.872184644000072 ], [ -76.295398452999962, 36.872757666000041 ], [ -76.295132107999962, 36.873578700000053 ], [ -76.295044734999976, 36.874349069000061 ], [ -76.294886789999964, 36.875194438000051 ], [ -76.294832234999944, 36.875541557000076 ], [ -76.294807280999976, 36.876399639000056 ], [ -76.294796970999982, 36.877106891000039 ], [ -76.294793504999973, 36.877442014000053 ], [ -76.29478944799996, 36.877834386000075 ], [ -76.294785555999965, 36.877898230000028 ], [ -76.294784283999945, 36.877971243000047 ], [ -76.29478228399995, 36.878085990000045 ], [ -76.294776716999934, 36.878405460000067 ], [ -76.294773335999935, 36.878599435000069 ], [ -76.294768744999942, 36.878862896000044 ], [ -76.294766651999964, 36.878983004000077 ], [ -76.294762355999978, 36.879365293000035 ], [ -76.294754115999979, 36.879702388000055 ], [ -76.294748304999985, 36.880035832000033 ], [ -76.29450940299995, 36.880053304000057 ], [ -76.294452622999984, 36.880057585000031 ], [ -76.294252325999935, 36.880066716000044 ], [ -76.294250431999956, 36.880063801000063 ], [ -76.293885260999957, 36.88008586400008 ], [ -76.293769550999968, 36.880092856000033 ], [ -76.293431367999972, 36.880113415000039 ], [ -76.293164799999943, 36.880129620000048 ], [ -76.293031346999953, 36.880135781000035 ], [ -76.292745307999951, 36.880148984000073 ], [ -76.292387947999941, 36.880167224000047 ], [ -76.292112256999985, 36.88018287500006 ], [ -76.291694203999953, 36.880205126000078 ], [ -76.290761179999947, 36.880258180000055 ], [ -76.290347796999981, 36.880280925000079 ], [ -76.290223849999961, 36.880287767000027 ], [ -76.289910607999957, 36.880303326000046 ], [ -76.289033482999969, 36.880353288000038 ], [ -76.288274054999988, 36.880395236000027 ], [ -76.28800814899995, 36.880409619000034 ], [ -76.287539134999975, 36.880429198000058 ], [ -76.287000703, 36.880455795000046 ], [ -76.28581918499998, 36.880509454000048 ], [ -76.285156290999964, 36.880543043000046 ], [ -76.285056905999966, 36.880547383000078 ], [ -76.283226691999971, 36.880629530000078 ], [ -76.282102877999989, 36.88070084800006 ], [ -76.281994123999937, 36.880708882000079 ], [ -76.282007798999985, 36.880437382000025 ], [ -76.282002460999934, 36.880148465000048 ] ] ] ] } },
{ "type": "Feature", "properties": { "OBJECTID": 87, "UID": 87, "LEAGUE": "Partrea", "PRES_ADDRE": "701 Easy Street", "MTG_FREQUE": "No Information Available", "MTG_TIME": "unknown", "MTG_LOCATI": "No Information Available", "SHAPE_LENG": 4093.2317399600001, "NAME1": "Partrea", "NAME2": null, "PRESIDENT": "Ronald Stith", "E_MAIL": "None", "created_user": null, "created_date": null, "last_edited_user": "WTILGHM", "last_edited_date": "2024-02-20T04:49:32Z", "Shape_Length": 0.0091546902443836731, "Shape_Area": 4.3695121894597232e-06 }, "geometry": { "type": "MultiPolygon", "coordinates": [ [ [ [ -76.253434771999935, 36.908429319000049 ], [ -76.253435132999982, 36.908428941000068 ], [ -76.254013163999957, 36.907824939000079 ], [ -76.254484995999974, 36.907327648000035 ], [ -76.254642195999963, 36.907169044000057 ], [ -76.254833621999978, 36.906961552000041 ], [ -76.254934861999971, 36.906862846000024 ], [ -76.254948261999971, 36.906833089000031 ], [ -76.254986893999956, 36.906745416000035 ], [ -76.255029819999947, 36.906651969000052 ], [ -76.255196690999981, 36.906966624000063 ], [ -76.255306065999946, 36.907169083000042 ], [ -76.255323775999955, 36.907182195000075 ], [ -76.255707051999934, 36.907477132000054 ], [ -76.255822104999936, 36.907387648000054 ], [ -76.256034439999951, 36.907588455000052 ], [ -76.256159570999955, 36.907720445000052 ], [ -76.256178572999943, 36.907861038000078 ], [ -76.256177355999966, 36.908142908000059 ], [ -76.256199996999953, 36.908241892000035 ], [ -76.256386145999954, 36.908790019000037 ], [ -76.25636799199998, 36.909138383000027 ], [ -76.256282269999986, 36.909372757000028 ], [ -76.255964149999954, 36.909303436000073 ], [ -76.255957360999957, 36.909302127000046 ], [ -76.255939369999965, 36.909298659000058 ], [ -76.255943901999956, 36.909288716000049 ], [ -76.255948599999954, 36.90927201900007 ], [ -76.255807049999987, 36.909243659000026 ], [ -76.255528545999937, 36.909186119000026 ], [ -76.254977080999936, 36.909072184000024 ], [ -76.254570797999975, 36.908984675000056 ], [ -76.254589099999976, 36.908949957000061 ], [ -76.254488135999964, 36.90892651200005 ], [ -76.254496078999978, 36.90889899900003 ], [ -76.254287465999937, 36.908857620000049 ], [ -76.254055111999946, 36.908818278000069 ], [ -76.253658428999984, 36.908738281000069 ], [ -76.253636610999934, 36.908730457000047 ], [ -76.253620478999949, 36.908716091000031 ], [ -76.253451535999943, 36.908573613000044 ], [ -76.253434528999946, 36.908559269000079 ], [ -76.253434589999983, 36.90855920100006 ], [ -76.253432532999966, 36.908557451000036 ], [ -76.253527412999972, 36.908450394000056 ], [ -76.253434771999935, 36.908429319000049 ] ] ] ] } },
{ "type": "Feature", "properties": { "OBJECTID": 88, "UID": 88, "LEAGUE": "Pleasant Point", "PRES_ADDRE": "No information Available", "MTG_FREQUE": "2nd Tuesday every other month", "MTG_TIME": "7:00 pm", "MTG_LOCATI": "Glad Tiding Church", "SHAPE_LENG": 6844.2913841199997, "NAME1": "Pleasant", "NAME2": "Point", "PRESIDENT": "Jeff Cole", "E_MAIL": "jaspercole@me.com", "created_user": null, "created_date": null, "last_edited_user": "WTILGHM", "last_edited_date": "2024-02-20T05:41:09Z", "Shape_Length": 0.021168765648562571, "Shape_Area": 2.8029313217642786e-05 }, "geometry": { "type": "MultiPolygon", "coordinates": [ [ [ [ -76.197462442999949, 36.83448183400003 ], [ -76.196992848999969, 36.834426367000049 ], [ -76.196399639999981, 36.834468170000036 ], [ -76.195833600999947, 36.829835886000069 ], [ -76.195836971999938, 36.829832830000043 ], [ -76.196209646999989, 36.829495028000053 ], [ -76.196853489999967, 36.829001446000063 ], [ -76.197330874999977, 36.828474373000063 ], [ -76.197731505999968, 36.828111327000045 ], [ -76.199584573999971, 36.827637314000071 ], [ -76.201477724999961, 36.829375359000039 ], [ -76.200739543999987, 36.83023855600004 ], [ -76.200771146999955, 36.831112013000052 ], [ -76.20082242999996, 36.831224289000033 ], [ -76.200808363999954, 36.831317621000039 ], [ -76.200734416999978, 36.831808257000034 ], [ -76.200687326999969, 36.832120695000071 ], [ -76.20066301199995, 36.83228202500004 ], [ -76.200658250999936, 36.832302353000046 ], [ -76.200726015999976, 36.832344201000069 ], [ -76.200763286999972, 36.832367469000076 ], [ -76.200713226999937, 36.83260419000004 ], [ -76.200593771999934, 36.832964090000075 ], [ -76.200558335999972, 36.833048007000059 ], [ -76.200355730999945, 36.833329601000059 ], [ -76.200318208999988, 36.833373815000073 ], [ -76.200136848999989, 36.833605586000033 ], [ -76.199971468999934, 36.833839060000059 ], [ -76.199851853999974, 36.834016269000074 ], [ -76.199751168999967, 36.83418768100006 ], [ -76.199679367999977, 36.834331454000051 ], [ -76.199628638999968, 36.834453020000069 ], [ -76.198330196999962, 36.834268590000079 ], [ -76.198301566999987, 36.834461255000065 ], [ -76.198290163999957, 36.834533263000026 ], [ -76.198269640999968, 36.834664226000029 ], [ -76.198103065999987, 36.834646447000068 ], [ -76.198112854999977, 36.834588994000057 ], [ -76.198118239999985, 36.834555696000052 ], [ -76.19778698999994, 36.834517557000026 ], [ -76.197462442999949, 36.83448183400003 ] ] ] ] } },
{ "type": "Feature", "properties": { "OBJECTID": 89, "UID": 89, "LEAGUE": "Poplar Hall", "PRES_ADDRE": "PO Box 12263", "MTG_FREQUE": "1st Monday", "MTG_TIME": "6:30 pm", "MTG_LOCATI": "New Life Community Worship Center", "SHAPE_LENG": 21558.105196100001, "NAME1": "Poplar", "NAME2": "Hall", "PRESIDENT": "B C Corbin", "E_MAIL": "poplarhallscivicleague@gmail.com", "created_user": null, "created_date": null, "last_edited_user": "WTILGHM", "last_edited_date": "2024-02-20T05:41:09Z", "Shape_Length": 0.068945846523770199, "Shape_Area": 0.00020599310121879614 }, "geometry": { "type": "MultiPolygon", "coordinates": [ [ [ [ -76.210532830999966, 36.847304922000035 ], [ -76.210396215999936, 36.84707422200006 ], [ -76.210345265999933, 36.845704326000032 ], [ -76.210346827999956, 36.845700617000034 ], [ -76.210418346999973, 36.845295884000052 ], [ -76.210599354999943, 36.845100726000055 ], [ -76.211656266999967, 36.844513458000051 ], [ -76.212331650999943, 36.844108323000057 ], [ -76.212958059999949, 36.843740006000075 ], [ -76.213111869999977, 36.843286930000033 ], [ -76.213502543999937, 36.842914019000034 ], [ -76.214480920999961, 36.842692799000076 ], [ -76.214772579999988, 36.84263861200003 ], [ -76.216073390999952, 36.84235424600007 ], [ -76.216926425999986, 36.842264930000056 ], [ -76.21829453099997, 36.842121672000076 ], [ -76.219209736999971, 36.842025829000079 ], [ -76.220689589999949, 36.842052848000037 ], [ -76.222347042999957, 36.842083087000049 ], [ -76.222633102999964, 36.842088303000025 ], [ -76.22458544899996, 36.842488524000032 ], [ -76.224591285999963, 36.842536365000058 ], [ -76.224591387999965, 36.842537195000034 ], [ -76.22459162399997, 36.842539127000066 ], [ -76.22459164199995, 36.842539286000033 ], [ -76.224591686999986, 36.842539653000074 ], [ -76.224591732999954, 36.842540029000077 ], [ -76.224854860999983, 36.844683276000069 ], [ -76.22485809799997, 36.84470966300006 ], [ -76.224864293999985, 36.844760137000037 ], [ -76.224864733999937, 36.844763718000024 ], [ -76.224867139999958, 36.844783305000078 ], [ -76.224867225999958, 36.844784004000076 ], [ -76.224867793999977, 36.844788643000072 ], [ -76.224867829999937, 36.844788931000039 ], [ -76.224868275999938, 36.844792564000045 ], [ -76.224868610999977, 36.844795339000029 ], [ -76.224868618999949, 36.844795408000039 ], [ -76.224879677999979, 36.844887211000071 ], [ -76.224879698999985, 36.844887378000067 ], [ -76.224890047999963, 36.84497329800007 ], [ -76.224890078999977, 36.844973547000052 ], [ -76.224902629999974, 36.84507773200005 ], [ -76.224902669999949, 36.845078068000078 ], [ -76.224913698999956, 36.845169611000074 ], [ -76.224913749999985, 36.845170039000038 ], [ -76.224926155999981, 36.845273013000053 ], [ -76.224926221999965, 36.845273555000063 ], [ -76.224938609999981, 36.845376391000059 ], [ -76.224938680999969, 36.845376981000072 ], [ -76.224947720999978, 36.845452020000039 ], [ -76.224947807999968, 36.845452741000031 ], [ -76.224954546999982, 36.845508687000063 ], [ -76.224954644999968, 36.845509486000026 ], [ -76.224999499999967, 36.845881826000038 ], [ -76.224999521999962, 36.845882003000042 ], [ -76.224999653999987, 36.845883084000036 ], [ -76.225828702999934, 36.848103939000055 ], [ -76.22687530099995, 36.849569338000038 ], [ -76.227157555999952, 36.851208326000062 ], [ -76.227157759999955, 36.851209514000061 ], [ -76.226708933999987, 36.851730529000065 ], [ -76.226679910999962, 36.85176279600006 ], [ -76.226132610999969, 36.852398109000035 ], [ -76.22612139599994, 36.85277222700006 ], [ -76.226112093999973, 36.853082505000032 ], [ -76.226335319999976, 36.853505120000079 ], [ -76.228205075999938, 36.856230525000058 ], [ -76.228198583999983, 36.85628526000005 ], [ -76.22814189199994, 36.856287094000038 ], [ -76.228068694999934, 36.856291514000077 ], [ -76.227980450999951, 36.856297788000063 ], [ -76.22766644099994, 36.856308948000049 ], [ -76.227193660999944, 36.856325751000043 ], [ -76.226889135999954, 36.856336573000078 ], [ -76.226180726999985, 36.856361743000036 ], [ -76.225157983999964, 36.856318854000051 ], [ -76.222979135999935, 36.856223378000038 ], [ -76.222104280999986, 36.856185030000063 ], [ -76.220783422999943, 36.856127122000032 ], [ -76.219612167999969, 36.856075758000031 ], [ -76.219076033999954, 36.856052244000068 ], [ -76.215289624999969, 36.855876090000038 ], [ -76.21211991499996, 36.855775925000046 ], [ -76.211320386999944, 36.85564633000007 ], [ -76.210762342999942, 36.855331866000029 ], [ -76.210212365999951, 36.854750368000055 ], [ -76.210073756999975, 36.854384466000056 ], [ -76.210046152999951, 36.854324408000025 ], [ -76.210030500999949, 36.854282671000078 ], [ -76.210025716999951, 36.85427134400004 ], [ -76.21001161099997, 36.854237950000027 ], [ -76.209997905999955, 36.854199134000055 ], [ -76.209992774999989, 36.854185811000036 ], [ -76.210016877999976, 36.853387467000061 ], [ -76.210086841999953, 36.851070008000079 ], [ -76.210146502999976, 36.849093715000038 ], [ -76.210147289999952, 36.84909198400004 ], [ -76.21014753299994, 36.849083921000044 ], [ -76.210230721999949, 36.848908532000053 ], [ -76.210230650999961, 36.84881764000005 ], [ -76.210222630999965, 36.848589569000069 ], [ -76.21021600399996, 36.848401147000061 ], [ -76.210218320999957, 36.848396776000072 ], [ -76.210393270999987, 36.848066592000066 ], [ -76.210397247999936, 36.84798397000003 ], [ -76.210403382999971, 36.847981845000049 ], [ -76.210464085999945, 36.847932942000057 ], [ -76.210614758999952, 36.847648573000072 ], [ -76.210610848999977, 36.847632170000054 ], [ -76.210532830999966, 36.847304922000035 ] ], [ [ -76.222070326999983, 36.845120155000075 ], [ -76.222055073999968, 36.845034512000041 ], [ -76.221636646999968, 36.845216233000031 ], [ -76.221616092999966, 36.845223741000041 ], [ -76.221606024999971, 36.845227418000036 ], [ -76.221489101999964, 36.845272721000072 ], [ -76.221149394999941, 36.845415643000024 ], [ -76.22098918599994, 36.845135595000045 ], [ -76.220970278999971, 36.845106656000041 ], [ -76.220957169999963, 36.845083437000028 ], [ -76.220955235999952, 36.84508437900007 ], [ -76.220742632999986, 36.845188010000072 ], [ -76.22048824899997, 36.845305402000065 ], [ -76.220251106999967, 36.845411800000079 ], [ -76.220029343999954, 36.845517979000078 ], [ -76.220044977999976, 36.845553280000047 ], [ -76.220121611999957, 36.845716632000062 ], [ -76.220337886999971, 36.846141185000079 ], [ -76.220373301999985, 36.84621399200006 ], [ -76.220516035999935, 36.846469525000032 ], [ -76.220558283999935, 36.846542464000038 ], [ -76.220694360999971, 36.846748193000053 ], [ -76.220809580999969, 36.846900400000038 ], [ -76.220879525999976, 36.846985895000046 ], [ -76.22091120999994, 36.847016175000078 ], [ -76.220939954999949, 36.847043649000057 ], [ -76.22101201199996, 36.847110285000042 ], [ -76.221037108999951, 36.847139564000031 ], [ -76.221095335999962, 36.847189621000041 ], [ -76.221158328999934, 36.847229884000058 ], [ -76.221215951999966, 36.847260728000037 ], [ -76.22124901799998, 36.847274910000067 ], [ -76.221349183999962, 36.847324642000046 ], [ -76.221398936999947, 36.847349345000055 ], [ -76.221467507999989, 36.847367339000073 ], [ -76.221469150999951, 36.847367788000042 ], [ -76.221591004999937, 36.847397507000039 ], [ -76.221745357999964, 36.847376415000042 ], [ -76.221755028999951, 36.84737490200007 ], [ -76.221854316999952, 36.847359365000045 ], [ -76.221927559999983, 36.847335397000052 ], [ -76.222023932999946, 36.847303861000057 ], [ -76.222047325999938, 36.847294237000028 ], [ -76.222162627999978, 36.847260349000067 ], [ -76.222309265999968, 36.847133589000066 ], [ -76.222428813999954, 36.847035016000063 ], [ -76.222451694999961, 36.847020844000042 ], [ -76.22248861099996, 36.847001506000026 ], [ -76.222519360999968, 36.84698817900005 ], [ -76.22256781699997, 36.846967179000046 ], [ -76.222574078999969, 36.846964872000058 ], [ -76.222604461999936, 36.84695707700007 ], [ -76.222607212999947, 36.84695606400004 ], [ -76.222639615999981, 36.846947756000077 ], [ -76.222615207, 36.846873221000067 ], [ -76.222566860999962, 36.846725591000052 ], [ -76.222718522999969, 36.846717660000024 ], [ -76.222896276999961, 36.846714766000048 ], [ -76.223019523999938, 36.846710893000079 ], [ -76.223865928999942, 36.846650281000052 ], [ -76.22396619899996, 36.846642573000054 ], [ -76.223735065999961, 36.84634666900007 ], [ -76.223451467999951, 36.846193773000039 ], [ -76.223317478999945, 36.846110089000035 ], [ -76.222909439999967, 36.845863687000076 ], [ -76.222337556999946, 36.845540989000028 ], [ -76.222296669999935, 36.845517917000052 ], [ -76.222270644999981, 36.845501788000036 ], [ -76.222121879999975, 36.845409591000077 ], [ -76.222070326999983, 36.845120155000075 ] ] ] ] } },
{ "type": "Feature", "properties": { "OBJECTID": 90, "UID": 90, "LEAGUE": "River Forrest Shores/Wayside Manor/Easton Place", "PRES_ADDRE": "No information Available", "MTG_FREQUE": "2nd Monday", "MTG_TIME": "7:00 pm", "MTG_LOCATI": "Aldersgate United Methodist Church, 5767 Sellger Dr.", "SHAPE_LENG": 13314.8010694, "NAME1": "River Forrest Shores", "NAME2": "Wayside Manor", "PRESIDENT": "Debby Forehand", "E_MAIL": "riverforrestcivicleague@gmail.com", "created_user": null, "created_date": null, "last_edited_user": "RFRASHE", "last_edited_date": "2024-12-17T13:30:34Z", "Shape_Length": 0.06447330156788765, "Shape_Area": 0.00013269080231568826 }, "geometry": { "type": "MultiPolygon", "coordinates": [ [ [ [ -76.190511729999969, 36.844465824000054 ], [ -76.190430706999962, 36.844327900000053 ], [ -76.190407711999967, 36.844328482000037 ], [ -76.190404616999956, 36.844326189000071 ], [ -76.190360656999985, 36.844323306000035 ], [ -76.190208186999939, 36.844043016000057 ], [ -76.190031381999972, 36.843806613000027 ], [ -76.189808715999959, 36.843565610000041 ], [ -76.189402056999938, 36.843188418000068 ], [ -76.188806734999957, 36.842757032000065 ], [ -76.187786614999936, 36.842019869000069 ], [ -76.187807772999975, 36.84200938400005 ], [ -76.188373163999984, 36.841729199000042 ], [ -76.188616649999972, 36.841591125000036 ], [ -76.18901660399996, 36.841366151000045 ], [ -76.189493552999977, 36.841082247000031 ], [ -76.189836304999972, 36.840827297000033 ], [ -76.190461506999952, 36.840360374000056 ], [ -76.190689379999981, 36.840186188000075 ], [ -76.191157886999974, 36.839708875000042 ], [ -76.191480567999974, 36.839343172000042 ], [ -76.191685321999955, 36.839052580000043 ], [ -76.191939973999979, 36.838579486000071 ], [ -76.192380402999959, 36.837778119000063 ], [ -76.192832213999964, 36.83695530500006 ], [ -76.192994970999962, 36.836708848000058 ], [ -76.193587888999957, 36.837073588000067 ], [ -76.194417984999973, 36.837584220000053 ], [ -76.19594878099997, 36.838527894000038 ], [ -76.196270745999982, 36.838711129000046 ], [ -76.196122980999974, 36.836312640000074 ], [ -76.195924119999972, 36.834374257000036 ], [ -76.196399639999981, 36.834468170000036 ], [ -76.196992848999969, 36.834426367000049 ], [ -76.197462442999949, 36.83448183400003 ], [ -76.19778698999994, 36.834517557000026 ], [ -76.198118239999985, 36.834555696000052 ], [ -76.198112854999977, 36.834588994000057 ], [ -76.198103065999987, 36.834646447000068 ], [ -76.198269640999968, 36.834664226000029 ], [ -76.198290163999957, 36.834533263000026 ], [ -76.198301566999987, 36.834461255000065 ], [ -76.198330196999962, 36.834268590000079 ], [ -76.199628638999968, 36.834453020000069 ], [ -76.199679367999977, 36.834331454000051 ], [ -76.199751168999967, 36.83418768100006 ], [ -76.199851853999974, 36.834016269000074 ], [ -76.199971468999934, 36.833839060000059 ], [ -76.200136848999989, 36.833605586000033 ], [ -76.200318208999988, 36.833373815000073 ], [ -76.200355730999945, 36.833329601000059 ], [ -76.200558335999972, 36.833048007000059 ], [ -76.200593771999934, 36.832964090000075 ], [ -76.200713226999937, 36.83260419000004 ], [ -76.200763286999972, 36.832367469000076 ], [ -76.200726015999976, 36.832344201000069 ], [ -76.200658250999936, 36.832302353000046 ], [ -76.20066301199995, 36.83228202500004 ], [ -76.200687326999969, 36.832120695000071 ], [ -76.200734416999978, 36.831808257000034 ], [ -76.200808363999954, 36.831317621000039 ], [ -76.20082242999996, 36.831224289000033 ], [ -76.201363111999967, 36.83122613200004 ], [ -76.201373358999945, 36.831226332000028 ], [ -76.20144161199994, 36.831229728000039 ], [ -76.201647194999964, 36.831111683000074 ], [ -76.202136502999963, 36.831081232000031 ], [ -76.202153539999983, 36.831082939000055 ], [ -76.202650515999949, 36.831149673000027 ], [ -76.20281788799997, 36.831152947000078 ], [ -76.203022626999939, 36.831163822000065 ], [ -76.203605443999948, 36.831249183000068 ], [ -76.204119033999973, 36.831299970000032 ], [ -76.204184099999964, 36.831295748000059 ], [ -76.204601904999947, 36.831268201000057 ], [ -76.204817096999989, 36.831272407000029 ], [ -76.205186809999987, 36.831252846000041 ], [ -76.205507871999941, 36.831259807000038 ], [ -76.205511312999988, 36.831262333000041 ], [ -76.205583807999972, 36.831316448000052 ], [ -76.205977050999934, 36.83159359800004 ], [ -76.206370295999989, 36.831870748000028 ], [ -76.207068363999952, 36.832298322000042 ], [ -76.207070219999935, 36.832299306000039 ], [ -76.208589011999948, 36.833319166000024 ], [ -76.208593398999938, 36.833665064000058 ], [ -76.208581893999963, 36.834348438000063 ], [ -76.208577631999958, 36.834678346000032 ], [ -76.208553271999961, 36.835190872000055 ], [ -76.208547153999973, 36.835532586000056 ], [ -76.208529758999987, 36.835814064000033 ], [ -76.20852483799996, 36.836882913000068 ], [ -76.208502669999973, 36.837257590000036 ], [ -76.208492533999959, 36.837394622000033 ], [ -76.208156629999962, 36.837389600000051 ], [ -76.207818582999948, 36.837383001000035 ], [ -76.207753443999934, 36.838594556000032 ], [ -76.206424864999974, 36.838574884000025 ], [ -76.204832920999934, 36.838543779000076 ], [ -76.204813036999951, 36.838684705000048 ], [ -76.204797218999943, 36.839207557000066 ], [ -76.20478193699995, 36.840056874000027 ], [ -76.204766507999977, 36.841106842000045 ], [ -76.204768889999968, 36.841205241000068 ], [ -76.203349517999982, 36.841178270000057 ], [ -76.201984150999976, 36.841152308000062 ], [ -76.200294592999967, 36.84113572900003 ], [ -76.197159897999938, 36.841049086000055 ], [ -76.196431458999939, 36.841053092000038 ], [ -76.196419676999938, 36.840950073000045 ], [ -76.196428116999982, 36.84105515400006 ], [ -76.195990323, 36.841053382000041 ], [ -76.195994126999949, 36.841230747000054 ], [ -76.195998588999942, 36.841275653000025 ], [ -76.195998889999942, 36.841278681000063 ], [ -76.196002126999986, 36.841279206000024 ], [ -76.196000036999976, 36.841290234000041 ], [ -76.195992716999967, 36.841337167000063 ], [ -76.195958275999942, 36.841590355000051 ], [ -76.195951161999972, 36.841624036000042 ], [ -76.195933145999959, 36.84171912000005 ], [ -76.195921974999976, 36.841790748000051 ], [ -76.195863359999976, 36.841964876000077 ], [ -76.195821013999989, 36.842067806000045 ], [ -76.195772231999968, 36.842176460000076 ], [ -76.195759967999948, 36.842195571000047 ], [ -76.195722252999985, 36.842268476000072 ], [ -76.195708019999984, 36.842292788000066 ], [ -76.195687017999944, 36.842321213000048 ], [ -76.195681468999965, 36.84233357800008 ], [ -76.195657232999963, 36.842365172000029 ], [ -76.195615737999958, 36.842424310000069 ], [ -76.195587070999977, 36.842466697000077 ], [ -76.195579115999976, 36.842476505000036 ], [ -76.195424444999958, 36.842705872000067 ], [ -76.195353574999956, 36.842797949000044 ], [ -76.195299362999947, 36.842834313000026 ], [ -76.195199590999948, 36.842904067000063 ], [ -76.194963887999961, 36.84306580100008 ], [ -76.194874091999964, 36.843128384000067 ], [ -76.194724776999976, 36.843230173000052 ], [ -76.194685770999968, 36.843258164000076 ], [ -76.194514387999959, 36.843376264000028 ], [ -76.193673030999946, 36.843814981000037 ], [ -76.191569546999972, 36.844878842000071 ], [ -76.191425981999942, 36.844951448000074 ], [ -76.191402933999939, 36.84497663500008 ], [ -76.191367115999981, 36.845024914000078 ], [ -76.191257332999953, 36.845180348000042 ], [ -76.191207493999968, 36.845250081000074 ], [ -76.191137688999959, 36.845279512000047 ], [ -76.190751924999972, 36.845338216000073 ], [ -76.190727272999936, 36.845133569000041 ], [ -76.190628273999948, 36.844750052000052 ], [ -76.190581750999968, 36.844610853000063 ], [ -76.190511729999969, 36.844465824000054 ] ] ] ] } },
{ "type": "Feature", "properties": { "OBJECTID": 91, "UID": 91, "LEAGUE": "River Oaks", "PRES_ADDRE": "1424 River Oaks Drive", "MTG_FREQUE": "2nd Tuesday", "MTG_TIME": "7:00 pm", "MTG_LOCATI": "Pythian Charity Lodge #10", "SHAPE_LENG": 8940.5203512499993, "NAME1": "River", "NAME2": "Oaks", "PRESIDENT": "Harold Yetter", "E_MAIL": "", "created_user": null, "created_date": null, "last_edited_user": "WTILGHM", "last_edited_date": "2024-02-19T19:11:07Z", "Shape_Length": 0.027650167706512182, "Shape_Area": 4.2229948806296671e-05 }, "geometry": { "type": "MultiPolygon", "coordinates": [ [ [ [ -76.21763694699996, 36.866239159000031 ], [ -76.218388097999934, 36.865707703000055 ], [ -76.218905415999984, 36.865674477000027 ], [ -76.219230062999941, 36.865680781000037 ], [ -76.220354408999981, 36.866269947000035 ], [ -76.220815091999953, 36.866300866000074 ], [ -76.220849554999972, 36.866291918000059 ], [ -76.221258303999946, 36.86641299300004 ], [ -76.221261016999961, 36.866419539000049 ], [ -76.221270543999935, 36.866422144000069 ], [ -76.221480401999941, 36.866948941000032 ], [ -76.221527997999942, 36.867126008000071 ], [ -76.221651865999945, 36.867549819000033 ], [ -76.221653946999936, 36.867556941000032 ], [ -76.221691379999982, 36.867685014000074 ], [ -76.221801290999963, 36.86803128400004 ], [ -76.221863323999969, 36.868244096000069 ], [ -76.221899239999971, 36.868368481000061 ], [ -76.221964706999984, 36.868606937000038 ], [ -76.221980038999959, 36.868664855000077 ], [ -76.221981489999962, 36.868668068000034 ], [ -76.22198739199996, 36.868689564000078 ], [ -76.221992616999955, 36.868692698000075 ], [ -76.221993544999975, 36.868694752000067 ], [ -76.22201836399995, 36.868708143000049 ], [ -76.222047704999966, 36.868725744000074 ], [ -76.222120625999935, 36.868763317000059 ], [ -76.222214174999976, 36.868825603000062 ], [ -76.222235932999979, 36.868838654000058 ], [ -76.222260469999981, 36.868861258000038 ], [ -76.222269169999947, 36.868867351000063 ], [ -76.222328955999956, 36.86892264200003 ], [ -76.222424531999934, 36.869011034000039 ], [ -76.222488175999956, 36.869084412000063 ], [ -76.222491769999976, 36.869107584000062 ], [ -76.222546818999945, 36.869498141000065 ], [ -76.222568905999935, 36.869678511000075 ], [ -76.222579376999988, 36.86995999800007 ], [ -76.222583549999968, 36.870072208000067 ], [ -76.222589884999934, 36.870136177000063 ], [ -76.222607837999988, 36.870317453000041 ], [ -76.222613367999941, 36.870410155000059 ], [ -76.222615110999982, 36.870538177000071 ], [ -76.222413537999955, 36.87065799800007 ], [ -76.222126568999954, 36.87088973200008 ], [ -76.221992890999957, 36.871010503000036 ], [ -76.221983169999987, 36.87113041300006 ], [ -76.221904289999941, 36.87156772000003 ], [ -76.221863488999986, 36.871803516000057 ], [ -76.221691379999982, 36.871907235000037 ], [ -76.221372582999948, 36.872099350000042 ], [ -76.221270695999976, 36.872156770000061 ], [ -76.220632548999959, 36.872513299000047 ], [ -76.220391997999968, 36.872647692000044 ], [ -76.22019643699997, 36.872754634000046 ], [ -76.219982357999982, 36.872876551000047 ], [ -76.219768780999971, 36.872998180000025 ], [ -76.219372897999961, 36.873211730000037 ], [ -76.217638912999973, 36.87415704600005 ], [ -76.216881197999953, 36.874568880000027 ], [ -76.21667518199996, 36.874672012000076 ], [ -76.216515160999961, 36.874741258000029 ], [ -76.216351578999934, 36.874814472000025 ], [ -76.216320654999947, 36.87482569000008 ], [ -76.216261408999969, 36.874851474000025 ], [ -76.216085434999968, 36.874911024000028 ], [ -76.216055198999982, 36.874921993000044 ], [ -76.216038951999963, 36.874926754000057 ], [ -76.216036475999942, 36.874927592000063 ], [ -76.216012883999952, 36.874934393000046 ], [ -76.215856488999975, 36.874980222000033 ], [ -76.215782229999945, 36.875001982000072 ], [ -76.215764303999947, 36.875008019000063 ], [ -76.215855545999943, 36.874736132000066 ], [ -76.215888371999938, 36.874638315000027 ], [ -76.215913697999952, 36.874567959000046 ], [ -76.216033092999965, 36.874211112000069 ], [ -76.216053253999974, 36.874146984000049 ], [ -76.216056783999989, 36.874136466000039 ], [ -76.216078864999986, 36.874070670000037 ], [ -76.216130304999979, 36.873917381000069 ], [ -76.216153219999967, 36.873853204000056 ], [ -76.21616893099997, 36.873830032000058 ], [ -76.216196614999944, 36.873798752000027 ], [ -76.216400741999962, 36.87360007400008 ], [ -76.216712822999966, 36.873291332000065 ], [ -76.216924786999982, 36.873059777000037 ], [ -76.216922198999953, 36.872940826000047 ], [ -76.216914609999947, 36.872287295000035 ], [ -76.216887844999974, 36.87206111200004 ], [ -76.216870473999961, 36.871857310000053 ], [ -76.216755650999971, 36.871733235000079 ], [ -76.216667790999963, 36.871649481000077 ], [ -76.216111360999946, 36.871060141000044 ], [ -76.216108091999956, 36.871057139000072 ], [ -76.215961600999947, 36.870887124000035 ], [ -76.215704357999982, 36.870328804000053 ], [ -76.215512889999957, 36.870000120000043 ], [ -76.215499355999953, 36.869973062000042 ], [ -76.215354814999955, 36.869669006000038 ], [ -76.215293997999936, 36.869537876000038 ], [ -76.215188228999978, 36.869341757000029 ], [ -76.215115669999989, 36.869205144000034 ], [ -76.215102377999983, 36.86917657500004 ], [ -76.215135700999951, 36.869102294000072 ], [ -76.215244131999953, 36.868876952000051 ], [ -76.215542435999964, 36.868368287000067 ], [ -76.216206260999968, 36.867761582000071 ], [ -76.216996464999966, 36.866728803000058 ], [ -76.21763694699996, 36.866239159000031 ] ] ] ] } },
{ "type": "Feature", "properties": { "OBJECTID": 92, "UID": 92, "LEAGUE": "Riverfront", "PRES_ADDRE": "7317 Glenroie Avenue", "MTG_FREQUE": "Monday - Quarterly", "MTG_TIME": "7:00 pm", "MTG_LOCATI": "Algonquin House - 7320 Glenroie Avenue", "SHAPE_LENG": 6785.6441423300002, "NAME1": "Riverfront", "NAME2": " ", "PRESIDENT": "Tanya Kaish Keller", "E_MAIL": "mejanepr@gmail.com", "created_user": null, "created_date": null, "last_edited_user": "WTILGHM", "last_edited_date": "2024-02-16T20:29:08Z", "Shape_Length": 0.021940923342702551, "Shape_Area": 2.3510788461335057e-05 }, "geometry": { "type": "MultiPolygon", "coordinates": [ [ [ [ -76.299072355999954, 36.914733134000073 ], [ -76.298727388999964, 36.914514159000078 ], [ -76.298452663999967, 36.914514800000063 ], [ -76.298451455999952, 36.913863647000028 ], [ -76.296411635999959, 36.913885867000033 ], [ -76.295833051999978, 36.913890475000073 ], [ -76.295248356999934, 36.913891951000039 ], [ -76.295240435999972, 36.913837877000049 ], [ -76.295233601999939, 36.913780357000064 ], [ -76.295351126999947, 36.91365477100004 ], [ -76.295930546999955, 36.912968638000052 ], [ -76.296624292999979, 36.912198733000025 ], [ -76.296773860999963, 36.912160799000048 ], [ -76.297278491999975, 36.911640874000057 ], [ -76.297844398999985, 36.911055927000064 ], [ -76.297851040999944, 36.911049071000036 ], [ -76.298343247999981, 36.910482162000051 ], [ -76.299397104999969, 36.909150885000031 ], [ -76.299875172999975, 36.908546009000077 ], [ -76.301564970999948, 36.908791235000024 ], [ -76.302213827999935, 36.908949666000069 ], [ -76.302798069999938, 36.909435310000049 ], [ -76.302903187999959, 36.910307384000077 ], [ -76.302705770999978, 36.91096568200004 ], [ -76.30270571799997, 36.910965860000033 ], [ -76.302702456999953, 36.910976733000041 ], [ -76.302319301999944, 36.911278499000048 ], [ -76.30135542499994, 36.912597135000055 ], [ -76.301265159999957, 36.912616813000056 ], [ -76.30111917499994, 36.912771907000035 ], [ -76.301149191999968, 36.912803773000064 ], [ -76.300875083999983, 36.913048708000076 ], [ -76.30059995299996, 36.913294551000035 ], [ -76.300187471999948, 36.913663120000024 ], [ -76.300117958999977, 36.913725007000039 ], [ -76.299950360999958, 36.913827920000074 ], [ -76.299693220999984, 36.913985811000032 ], [ -76.299672072999954, 36.913985130000071 ], [ -76.299511689999974, 36.914047452000034 ], [ -76.299553409999987, 36.914071666000041 ], [ -76.299079617999951, 36.91430377100005 ], [ -76.299077767999961, 36.914413072000059 ], [ -76.299075985999934, 36.914518587000032 ], [ -76.299074286999939, 36.914618844000074 ], [ -76.299072355999954, 36.914733134000073 ] ] ] ] } },
{ "type": "Feature", "properties": { "OBJECTID": 93, "UID": 93, "LEAGUE": "Riverpoint", "PRES_ADDRE": "6051 River Road", "MTG_FREQUE": "3rd Wednesday Bi-monthly Sept - May", "MTG_TIME": "7:00 pm", "MTG_LOCATI": "Episcopal Church of  the Ascension, 405 Talbot Hall Road", "SHAPE_LENG": 11863.708766199999, "NAME1": "Riverpoint", "NAME2": " ", "PRESIDENT": "David W Davenport", "E_MAIL": "dw1davenport@msn.com", "created_user": null, "created_date": null, "last_edited_user": "WTILGHM", "last_edited_date": "2024-02-20T04:13:07Z", "Shape_Length": 0.03858425643872699, "Shape_Area": 7.4557069431294723e-05 }, "geometry": { "type": "MultiPolygon", "coordinates": [ [ [ [ -76.287570698999957, 36.901012346000073 ], [ -76.28733660499995, 36.900933003000034 ], [ -76.287148170999956, 36.900975729000038 ], [ -76.287096664999979, 36.901045448000048 ], [ -76.287037307999981, 36.90099297200004 ], [ -76.28633894099994, 36.900502847000041 ], [ -76.286533550999934, 36.900220205000039 ], [ -76.281279050999956, 36.898325831000079 ], [ -76.279669429999956, 36.897805713000025 ], [ -76.27964776999994, 36.897610926000027 ], [ -76.279565755999954, 36.89714095100004 ], [ -76.279380753999988, 36.896099635000041 ], [ -76.279323472999977, 36.895682462000025 ], [ -76.279323150999971, 36.895680121000055 ], [ -76.279603122999958, 36.895646580000061 ], [ -76.279679118999979, 36.896086535000052 ], [ -76.27977107199996, 36.896076335000032 ], [ -76.279967914999986, 36.896052522000048 ], [ -76.280022172999963, 36.896048480000047 ], [ -76.280064978999974, 36.896043732000066 ], [ -76.280081676999941, 36.896044047000032 ], [ -76.280131428999937, 36.89604034000007 ], [ -76.280271914999958, 36.896039183000028 ], [ -76.28042163899994, 36.896046585000079 ], [ -76.280440307999982, 36.895880042000044 ], [ -76.280462005999937, 36.895662882000067 ], [ -76.280469356999959, 36.895559190000029 ], [ -76.280469903999972, 36.895559121000076 ], [ -76.280470254999955, 36.895553691000032 ], [ -76.280706308999982, 36.895529517000057 ], [ -76.28077727699997, 36.895520630000078 ], [ -76.280950796999946, 36.895498899000074 ], [ -76.280947452999953, 36.895461582000053 ], [ -76.281057502999943, 36.895476159000054 ], [ -76.281175309999981, 36.895491764000042 ], [ -76.281439622999983, 36.895526775000064 ], [ -76.281843398999968, 36.895571823000068 ], [ -76.282000505999974, 36.895479393000073 ], [ -76.282308612999941, 36.89529765900005 ], [ -76.282463674999974, 36.895204149000051 ], [ -76.282679138999981, 36.895088380000061 ], [ -76.282820321999964, 36.895012523000048 ], [ -76.282863581999948, 36.894952928000066 ], [ -76.283215102999975, 36.89446866000003 ], [ -76.284573570999953, 36.893769169000052 ], [ -76.286559391999958, 36.892746597000041 ], [ -76.28684521699995, 36.892626048000068 ], [ -76.287106565999977, 36.892515821000075 ], [ -76.290394785999979, 36.892007576000026 ], [ -76.293494719999956, 36.892442905000053 ], [ -76.292601279999985, 36.895168718000036 ], [ -76.292599231999986, 36.895172111000079 ], [ -76.290545375999955, 36.898576649000063 ], [ -76.288581698999963, 36.901371962000042 ], [ -76.288575309999942, 36.901381056000048 ], [ -76.287570698999957, 36.901012346000073 ] ] ] ] } },
{ "type": "Feature", "properties": { "OBJECTID": 94, "UID": 94, "LEAGUE": "No Civic League", "PRES_ADDRE": "No Information Available", "MTG_FREQUE": "No Information Available", "MTG_TIME": "unknown", "MTG_LOCATI": "No Information Available", "SHAPE_LENG": 8970.3015206500004, "NAME1": null, "NAME2": null, "PRESIDENT": "No Information", "E_MAIL": "None", "created_user": null, "created_date": null, "last_edited_user": "WTILGHM", "last_edited_date": "2024-02-20T04:49:32Z", "Shape_Length": 0.03073820158309841, "Shape_Area": 2.041793984550061e-05 }, "geometry": { "type": "MultiPolygon", "coordinates": [ [ [ [ -76.253445204999935, 36.857550527000058 ], [ -76.254229151999937, 36.857054504000075 ], [ -76.254958415999965, 36.856557430000066 ], [ -76.255792317999976, 36.856105624000065 ], [ -76.256265041999939, 36.855843350000043 ], [ -76.256852596999977, 36.855572279000057 ], [ -76.257520868999961, 36.855286948000071 ], [ -76.258084741999937, 36.85506349800005 ], [ -76.25864652599995, 36.854840871000079 ], [ -76.258648611999945, 36.85484004500006 ], [ -76.258643917999962, 36.854883227000073 ], [ -76.258611215999963, 36.855180007000058 ], [ -76.258600641999976, 36.855537833000028 ], [ -76.258599896999954, 36.855563051000047 ], [ -76.258576894999976, 36.855932993000067 ], [ -76.258540692999986, 36.856318460000068 ], [ -76.258545416999937, 36.856388712000069 ], [ -76.258499212999936, 36.856398057000035 ], [ -76.258235986999978, 36.856419410000058 ], [ -76.25778010099998, 36.856443492000039 ], [ -76.257833730999948, 36.857442467000055 ], [ -76.258227763999969, 36.857450717000063 ], [ -76.258222094999951, 36.857517225000038 ], [ -76.258650488999933, 36.857544429000029 ], [ -76.258671614999969, 36.857480610000039 ], [ -76.258721555999955, 36.857482110000035 ], [ -76.25881069899998, 36.857528740000078 ], [ -76.259007418999943, 36.857538912000052 ], [ -76.259270289999961, 36.857576627000071 ], [ -76.262627057999964, 36.857861280000066 ], [ -76.262887139999975, 36.857903192000038 ], [ -76.262718306999943, 36.858215794000046 ], [ -76.262544229999946, 36.858524266000074 ], [ -76.262321236999981, 36.85893737300006 ], [ -76.26221226399997, 36.859167476000039 ], [ -76.26177118399994, 36.859240749000037 ], [ -76.261614404999989, 36.859230336000053 ], [ -76.260940777999963, 36.859182704000034 ], [ -76.260606167999981, 36.859162090000041 ], [ -76.260541845999967, 36.859160627000051 ], [ -76.260401165999951, 36.859140915000069 ], [ -76.260157876999983, 36.859113467000043 ], [ -76.259698090999962, 36.859037872000044 ], [ -76.259270410999989, 36.858970313000043 ], [ -76.258950186999982, 36.858080600000051 ], [ -76.258786244999953, 36.857663996000042 ], [ -76.258550361999937, 36.857611797000061 ], [ -76.25806941899998, 36.857566844000075 ], [ -76.257906459999958, 36.857642144000067 ], [ -76.256743463999953, 36.85833750200004 ], [ -76.255451544999971, 36.859015466000074 ], [ -76.253719569999987, 36.860042731000078 ], [ -76.25366506499995, 36.86003327700007 ], [ -76.253659919999961, 36.860032728000078 ], [ -76.253639428999975, 36.860028831000079 ], [ -76.253583963999972, 36.860019978000025 ], [ -76.253524140999957, 36.860009296000044 ], [ -76.253512044999979, 36.860005281000042 ], [ -76.253503870999964, 36.860003005000067 ], [ -76.253235768999957, 36.859919792000028 ], [ -76.253229730999976, 36.859917918000065 ], [ -76.253199065, 36.859907306000025 ], [ -76.253173445999948, 36.859898591000047 ], [ -76.25316533199998, 36.859895829000038 ], [ -76.253076957999951, 36.859865745000036 ], [ -76.253022419999979, 36.859847999000067 ], [ -76.252640520999989, 36.859734862000039 ], [ -76.25252078799997, 36.859699568000053 ], [ -76.252467583999987, 36.859631870000044 ], [ -76.252375006999955, 36.85953801800008 ], [ -76.252083208999977, 36.859243030000073 ], [ -76.251954375999958, 36.859113510000043 ], [ -76.251946311999973, 36.859105455000076 ], [ -76.251847041999952, 36.859016394000037 ], [ -76.251917957999979, 36.858974427000078 ], [ -76.252200325999979, 36.858788780000054 ], [ -76.252086105999979, 36.85866347800004 ], [ -76.251935850999985, 36.858503466000059 ], [ -76.25196195999996, 36.858485378000069 ], [ -76.25212514499998, 36.858365895000077 ], [ -76.252257672999974, 36.85828196600005 ], [ -76.252556846999937, 36.858108423000033 ], [ -76.252904852999961, 36.857902159000048 ], [ -76.253445204999935, 36.857550527000058 ] ] ] ] } },
{ "type": "Feature", "properties": { "OBJECTID": 95, "UID": 95, "LEAGUE": "Roland Park", "PRES_ADDRE": "P.O Box 7394, Norfolk, V", "MTG_FREQUE": "3rd Monday", "MTG_TIME": "7:00 pm", "MTG_LOCATI": "Grace Bible Church 6401 Tidewater Drive", "SHAPE_LENG": 12743.649916799999, "NAME1": "Roland", "NAME2": "Park", "PRESIDENT": "Irma Edel", "E_MAIL": "Irma.RPCL@gmail.com", "created_user": null, "created_date": null, "last_edited_user": "RFRASHE", "last_edited_date": "2024-12-30T14:23:21Z", "Shape_Length": 0.040413979640586538, "Shape_Area": 9.3283518628715489e-05 }, "geometry": { "type": "MultiPolygon", "coordinates": [ [ [ [ -76.258431204999965, 36.898132649000047 ], [ -76.258086442999968, 36.897912734000045 ], [ -76.258039642999961, 36.898111759000074 ], [ -76.257667685999934, 36.898167940000064 ], [ -76.257348023999953, 36.898054268000067 ], [ -76.257017012999938, 36.897791679000079 ], [ -76.256966821999981, 36.897572669000056 ], [ -76.256701752999959, 36.897529387000077 ], [ -76.256641185999968, 36.897313088000033 ], [ -76.256699268999967, 36.897144007000065 ], [ -76.256449391, 36.897017168000048 ], [ -76.256419517999973, 36.896968780000066 ], [ -76.256413174999977, 36.896955757000057 ], [ -76.256319549999944, 36.896763565000072 ], [ -76.256272754999941, 36.896194761000061 ], [ -76.256269237999959, 36.89615199800005 ], [ -76.256260190999967, 36.89613077100006 ], [ -76.256177294999986, 36.895936258000063 ], [ -76.25622459799996, 36.895919844000048 ], [ -76.256235952999987, 36.895915540000033 ], [ -76.256290289999981, 36.895888832000026 ], [ -76.256363186999977, 36.89585945500005 ], [ -76.256481129999941, 36.895806013000026 ], [ -76.256806927999946, 36.895831869000062 ], [ -76.256811023999944, 36.895832194000036 ], [ -76.256905472999961, 36.895562831000063 ], [ -76.256993245999979, 36.895284333000063 ], [ -76.257628269999941, 36.892781220000074 ], [ -76.258136218999937, 36.891713443000071 ], [ -76.258153470999957, 36.89167717600003 ], [ -76.258164761999979, 36.891642362000027 ], [ -76.259004303999973, 36.892035999000029 ], [ -76.260400187999949, 36.892246556000032 ], [ -76.26190964999995, 36.892474224000068 ], [ -76.262392018999947, 36.892550047000043 ], [ -76.262583723999967, 36.892578959000048 ], [ -76.262590103999969, 36.892577087000063 ], [ -76.262796630999958, 36.892512966000027 ], [ -76.263247657999955, 36.892383231000053 ], [ -76.263616037999952, 36.892275768000047 ], [ -76.263618296999937, 36.892275317000042 ], [ -76.263618836999967, 36.892275159000064 ], [ -76.263640699999939, 36.892270846000031 ], [ -76.264408123999942, 36.89211769700006 ], [ -76.264975018999962, 36.892004396000061 ], [ -76.266203036999968, 36.892912938000052 ], [ -76.266592558999946, 36.893391517000055 ], [ -76.267096208999988, 36.89487299700005 ], [ -76.267871041999967, 36.896671453000067 ], [ -76.267864539999948, 36.896668857000066 ], [ -76.267864785999961, 36.896669427000063 ], [ -76.267850643999964, 36.896663308000029 ], [ -76.267793840999957, 36.896638734000078 ], [ -76.267812317999983, 36.896722461000024 ], [ -76.267836917999944, 36.896789116000036 ], [ -76.267754359999969, 36.89693451100004 ], [ -76.26798810799994, 36.897592828000029 ], [ -76.268249770999944, 36.897781973000065 ], [ -76.269943904999934, 36.899004068000067 ], [ -76.269930253999974, 36.899081631000058 ], [ -76.26947099299997, 36.89957637200007 ], [ -76.269066132999967, 36.900013127000079 ], [ -76.269001105999962, 36.900083273000064 ], [ -76.268555109999966, 36.900460986000041 ], [ -76.267993927999953, 36.900936240000078 ], [ -76.267615313999954, 36.901256876000048 ], [ -76.267331285999944, 36.902146846000051 ], [ -76.26629072999998, 36.902052935000029 ], [ -76.265435820999983, 36.901976998000066 ], [ -76.264075252999987, 36.90185613400007 ], [ -76.263178927999945, 36.901776501000029 ], [ -76.263051406999978, 36.901765171000079 ], [ -76.262943882999934, 36.901755617000049 ], [ -76.262577792999934, 36.901677623000069 ], [ -76.262222623999946, 36.901601955000046 ], [ -76.260732630999939, 36.901284502000067 ], [ -76.260723985999959, 36.901276537000058 ], [ -76.25981681899998, 36.900440772000024 ], [ -76.25940666799994, 36.899965898000062 ], [ -76.259391764999975, 36.899659967000048 ], [ -76.259393007999961, 36.899644979000072 ], [ -76.259428965999973, 36.89921147900003 ], [ -76.259427735999964, 36.899210073000063 ], [ -76.259253589999958, 36.899011011000027 ], [ -76.259238920999962, 36.898812919000079 ], [ -76.259218701999941, 36.898686841000028 ], [ -76.258822409999937, 36.898553592000042 ], [ -76.258431204999965, 36.898132649000047 ] ] ] ] } },
{ "type": "Feature", "properties": { "OBJECTID": 96, "UID": 96, "LEAGUE": "Roosevelt Area", "PRES_ADDRE": "8440 Mona Avenue", "MTG_FREQUE": "3rd Tuesday every other month", "MTG_TIME": "7:00 pm", "MTG_LOCATI": "Roosevelt Area League Building, 8440 Mona Avenue", "SHAPE_LENG": 20993.086163799999, "NAME1": "Roosevelt", "NAME2": "Area", "PRESIDENT": "Cathleen Owen", "E_MAIL": "cathleen.owen2@gmail.com", "created_user": null, "created_date": null, "last_edited_user": "WTILGHM", "last_edited_date": "2024-02-19T18:21:55Z", "Shape_Length": 0.06545280973492483, "Shape_Area": 0.00023455726739902738 }, "geometry": { "type": "MultiPolygon", "coordinates": [ [ [ [ -76.212283627999966, 36.929556536000064 ], [ -76.211907292999967, 36.929498200000069 ], [ -76.21108113799994, 36.929431291000071 ], [ -76.210834488999978, 36.92938057300006 ], [ -76.210332649999941, 36.929275385000039 ], [ -76.210251717999938, 36.929258104000041 ], [ -76.209325186999934, 36.92821844000008 ], [ -76.209139046999951, 36.927784681000048 ], [ -76.208966433999933, 36.92739086000006 ], [ -76.207844037999962, 36.926297892000036 ], [ -76.207466281999984, 36.92552564600004 ], [ -76.207043526999939, 36.924685216000057 ], [ -76.208122169999967, 36.921637349000036 ], [ -76.20835187299997, 36.921485174000054 ], [ -76.209581383999989, 36.920967013000052 ], [ -76.210969399999954, 36.920262877000027 ], [ -76.211569277999956, 36.919927569000038 ], [ -76.211940274999961, 36.919720188000042 ], [ -76.213176576999956, 36.919034526000075 ], [ -76.213366065999935, 36.918930063000062 ], [ -76.213366168999983, 36.91893000500005 ], [ -76.213577227999963, 36.918812831000025 ], [ -76.213578901999938, 36.918812714000069 ], [ -76.213640959999964, 36.918808568000031 ], [ -76.213691107999978, 36.918805208000038 ], [ -76.213811951999958, 36.918798793000065 ], [ -76.214170874999979, 36.918775659000062 ], [ -76.214415463999956, 36.918761103000065 ], [ -76.214552181999977, 36.918634088000033 ], [ -76.214730893999956, 36.918468698000027 ], [ -76.215235280999934, 36.91800190500004 ], [ -76.215377100999945, 36.917870651000044 ], [ -76.215403402999982, 36.917846309000026 ], [ -76.215739652999957, 36.917535115000078 ], [ -76.21581970699998, 36.917461027000058 ], [ -76.215907780999942, 36.917379517000029 ], [ -76.216199347999975, 36.917109671000048 ], [ -76.216243950999967, 36.917031351000048 ], [ -76.21627332199995, 36.916923553000061 ], [ -76.216272307999986, 36.916835369000069 ], [ -76.216270540999972, 36.916681450000056 ], [ -76.216267075999951, 36.915829022000025 ], [ -76.216268895999974, 36.915373738000028 ], [ -76.216266017999942, 36.91519511100006 ], [ -76.217486768999947, 36.915189129000055 ], [ -76.219892433999973, 36.915185531000077 ], [ -76.220531912999945, 36.915197246000048 ], [ -76.221228555999971, 36.915242350000028 ], [ -76.222203458999957, 36.915364272000033 ], [ -76.223678451999945, 36.915641430000051 ], [ -76.224703913999974, 36.915893068000059 ], [ -76.22587981099997, 36.916185301000041 ], [ -76.226575716999946, 36.916358240000079 ], [ -76.227860351999936, 36.916644094000048 ], [ -76.228668884999934, 36.916796771000065 ], [ -76.229815008999935, 36.91689690100003 ], [ -76.229772231999959, 36.917068475000065 ], [ -76.229642556999977, 36.917451737000079 ], [ -76.22936975999994, 36.91825798900004 ], [ -76.229042254999968, 36.919277024000053 ], [ -76.228474234999965, 36.921218081000063 ], [ -76.227947024999935, 36.923036549000074 ], [ -76.227860931999942, 36.923021471000027 ], [ -76.227652987999988, 36.923751149000054 ], [ -76.224335276999966, 36.924118061000058 ], [ -76.224336421999965, 36.924431417000051 ], [ -76.224139855999965, 36.924704641000062 ], [ -76.223715316999971, 36.925294725000072 ], [ -76.223381768999957, 36.92575832600005 ], [ -76.223324807999973, 36.925844565000034 ], [ -76.223022484999944, 36.925842819000025 ], [ -76.221448640999938, 36.929265936000036 ], [ -76.221726516999979, 36.929901462000032 ], [ -76.221113665999951, 36.929721138000048 ], [ -76.220130418999986, 36.93033504400006 ], [ -76.218762114999947, 36.931189339000071 ], [ -76.217694896999944, 36.931520362000072 ], [ -76.217453319999947, 36.932579800000042 ], [ -76.216764764999937, 36.932837063000079 ], [ -76.216136242999937, 36.932317276000049 ], [ -76.215479911999978, 36.932158409000067 ], [ -76.213768507999987, 36.930792564000058 ], [ -76.213077948999967, 36.930314047000024 ], [ -76.212667222999983, 36.92971835700007 ], [ -76.212283627999966, 36.929556536000064 ] ] ] ] } },
{ "type": "Feature", "properties": { "OBJECTID": 97, "UID": 97, "LEAGUE": "Sewells Gardens", "PRES_ADDRE": "6413 Clare Road", "MTG_FREQUE": "2nd Tuesday, except June and July", "MTG_TIME": "6:30 pm", "MTG_LOCATI": "Norview Community Center", "SHAPE_LENG": 9763.6255132700007, "NAME1": "Sewells", "NAME2": "Gardens", "PRESIDENT": "James R Wilson", "E_MAIL": "wilsonjames6413@gmail.com", "created_user": null, "created_date": null, "last_edited_user": "WTILGHM", "last_edited_date": "2024-02-19T19:54:15Z", "Shape_Length": 0.032018482830984817, "Shape_Area": 5.3976630988603449e-05 }, "geometry": { "type": "MultiPolygon", "coordinates": [ [ [ [ -76.239001450999979, 36.893583743000079 ], [ -76.238932253999963, 36.89291974300005 ], [ -76.239039883999965, 36.892893535000042 ], [ -76.239092506999953, 36.892887795000036 ], [ -76.23990231099998, 36.89282853800006 ], [ -76.240214427999945, 36.892805829000054 ], [ -76.240359368999975, 36.892796058000044 ], [ -76.24052691299994, 36.89278484700003 ], [ -76.240877921999981, 36.892760292000048 ], [ -76.240898374999972, 36.892759069000078 ], [ -76.240912521999974, 36.892758223000044 ], [ -76.240912781999953, 36.892757958000061 ], [ -76.240915143999985, 36.892755560000069 ], [ -76.240919987999973, 36.892746269000043 ], [ -76.240920886999959, 36.892744547000063 ], [ -76.240921533999938, 36.892742677000058 ], [ -76.240924353999958, 36.892734526000027 ], [ -76.240925822999941, 36.89272942100007 ], [ -76.240926316999946, 36.892725240000061 ], [ -76.240926879999961, 36.892721621000078 ], [ -76.240950899999973, 36.892722418000062 ], [ -76.240958156999966, 36.892722659000071 ], [ -76.241023043999974, 36.892724814000076 ], [ -76.241039125999976, 36.892725348000056 ], [ -76.241090865, 36.89280395000003 ], [ -76.241105316999949, 36.892825346000052 ], [ -76.241107085999943, 36.892824989000076 ], [ -76.24120278099997, 36.892805654000028 ], [ -76.241473509999935, 36.892753403000029 ], [ -76.241650670999945, 36.892761525000026 ], [ -76.242058718999942, 36.89278076800008 ], [ -76.242597678999971, 36.892810462000057 ], [ -76.242900723999981, 36.892827002000047 ], [ -76.243235659999982, 36.892852928000025 ], [ -76.243285964999984, 36.892856360000053 ], [ -76.243289455999957, 36.892857091000053 ], [ -76.243294127999945, 36.892857453000033 ], [ -76.243305863999979, 36.892860529000075 ], [ -76.243331933999968, 36.892865991000065 ], [ -76.243348363999985, 36.892871666000076 ], [ -76.243364836999945, 36.892875982000078 ], [ -76.243618162999951, 36.892960464000055 ], [ -76.244015673999968, 36.893085933000066 ], [ -76.24407040899996, 36.893098737000059 ], [ -76.244205874999977, 36.893138411000052 ], [ -76.244226237999953, 36.893144365000069 ], [ -76.244233541999961, 36.893146113000057 ], [ -76.244386516999953, 36.893182700000068 ], [ -76.244638041999963, 36.893122055000049 ], [ -76.244880199999955, 36.893060501000036 ], [ -76.244951248999939, 36.893046284000036 ], [ -76.244952097999942, 36.893046323000078 ], [ -76.245315306999942, 36.893062512000029 ], [ -76.24545775699994, 36.893066739000062 ], [ -76.24553339299996, 36.893057019000025 ], [ -76.245699568999953, 36.893035848000068 ], [ -76.24608330999996, 36.892986955000026 ], [ -76.246485272999962, 36.892941484000062 ], [ -76.246614761999979, 36.892922588000033 ], [ -76.24711323799994, 36.892884449000064 ], [ -76.247331030999987, 36.892870655000024 ], [ -76.247649126999988, 36.892844893000074 ], [ -76.247669413999972, 36.892844600000046 ], [ -76.247681096999941, 36.892844432000061 ], [ -76.24776370099994, 36.892843238000069 ], [ -76.247870035999938, 36.89286197000007 ], [ -76.248097391999977, 36.89289176300008 ], [ -76.24828027999996, 36.892913526000029 ], [ -76.248399477999953, 36.89292948800005 ], [ -76.248426792999965, 36.892915086000073 ], [ -76.248493374999953, 36.892880846000025 ], [ -76.248511032999943, 36.892871642000046 ], [ -76.248687151999945, 36.89277984000006 ], [ -76.248807535999958, 36.892712690000053 ], [ -76.249015007999958, 36.892596963000074 ], [ -76.249571335999974, 36.892308853000031 ], [ -76.24957145999997, 36.892308827000079 ], [ -76.24957372199998, 36.89230748600005 ], [ -76.249587646999942, 36.892305314000055 ], [ -76.249668172999975, 36.892292757000064 ], [ -76.249730986999964, 36.892273618000047 ], [ -76.249752756999953, 36.892266985000049 ], [ -76.249797877999981, 36.892233779000037 ], [ -76.249861708999958, 36.89218422700003 ], [ -76.249862420999989, 36.892186281000079 ], [ -76.249866994999934, 36.892182915000035 ], [ -76.249867590999941, 36.892201186000079 ], [ -76.249867766999955, 36.89220169400005 ], [ -76.250056067999935, 36.89296360600008 ], [ -76.250062120999985, 36.893015098000035 ], [ -76.250075040999945, 36.893143733000045 ], [ -76.250085661999947, 36.893220910000025 ], [ -76.250083461999964, 36.893227585000034 ], [ -76.250015172999952, 36.893440799000075 ], [ -76.249938327999985, 36.893680738000057 ], [ -76.249847178999971, 36.893669923000061 ], [ -76.249846482999942, 36.893671491000077 ], [ -76.249844792999966, 36.893671290000043 ], [ -76.249839518999977, 36.893687181000075 ], [ -76.24982117199994, 36.893728517000056 ], [ -76.249803223999947, 36.893796535000035 ], [ -76.24961637399997, 36.89435949500006 ], [ -76.249610493999967, 36.89438221000006 ], [ -76.249577391999935, 36.894478642000024 ], [ -76.249572761999957, 36.894515182000077 ], [ -76.249571266999965, 36.894517515000075 ], [ -76.249558601999979, 36.894532749000064 ], [ -76.24954514999996, 36.894555924000031 ], [ -76.249500684999987, 36.894620231000033 ], [ -76.249450701999933, 36.89470502100005 ], [ -76.249311721999959, 36.894929853000065 ], [ -76.249095992999969, 36.895263861000046 ], [ -76.249091233999934, 36.895270607000043 ], [ -76.248999456999968, 36.895396185000038 ], [ -76.248953676999975, 36.895484201000045 ], [ -76.248945073999948, 36.895497521000038 ], [ -76.248993279, 36.895650264000039 ], [ -76.249130265999952, 36.896036855000034 ], [ -76.249194532999979, 36.896208929000068 ], [ -76.249328042999934, 36.896593576000043 ], [ -76.249295036999968, 36.896708802000035 ], [ -76.249136671999963, 36.897253833000036 ], [ -76.249099109999975, 36.897375579000027 ], [ -76.249090029999934, 36.897403563000069 ], [ -76.249087281999948, 36.897413917000051 ], [ -76.249068291999947, 36.897475469000028 ], [ -76.249002311999959, 36.897582569000065 ], [ -76.248972670999933, 36.897837401000061 ], [ -76.248962780999989, 36.897934981000049 ], [ -76.24894007499995, 36.898118013000044 ], [ -76.24892951399994, 36.898263247000045 ], [ -76.248921417999952, 36.898343133000026 ], [ -76.248911791999944, 36.898571339000057 ], [ -76.248909304999984, 36.898630293000053 ], [ -76.248907656999961, 36.898681876000069 ], [ -76.248852997999961, 36.898700677000079 ], [ -76.248525546999986, 36.898815899000056 ], [ -76.248516213999949, 36.898819200000048 ], [ -76.248501296999962, 36.898824477000062 ], [ -76.248420774999943, 36.898844604000033 ], [ -76.248420024999973, 36.898844748000045 ], [ -76.248417879999977, 36.898845318000042 ], [ -76.248399048999943, 36.898848796000038 ], [ -76.248209239999937, 36.898885419000067 ], [ -76.24816524199997, 36.898892462000049 ], [ -76.248145262999969, 36.898895659000061 ], [ -76.248097826999981, 36.898903252000025 ], [ -76.247672562999981, 36.898939748000032 ], [ -76.24740196099998, 36.898938772000065 ], [ -76.24674562499996, 36.89893640300005 ], [ -76.246361783999987, 36.898938217000079 ], [ -76.245464328999958, 36.898942452000028 ], [ -76.24524530399998, 36.898943288000055 ], [ -76.245217003999983, 36.898943618000033 ], [ -76.245207470999958, 36.898943663000068 ], [ -76.245186150999984, 36.89894376500007 ], [ -76.245148317999963, 36.898943810000048 ], [ -76.244665858999952, 36.898945821000041 ], [ -76.243958414999952, 36.898953768000069 ], [ -76.243575349999958, 36.898957718000077 ], [ -76.243554552999967, 36.898957962000054 ], [ -76.243316637999953, 36.898960757000054 ], [ -76.24316552199997, 36.898961708000058 ], [ -76.24306839999997, 36.898962643000061 ], [ -76.243005725999978, 36.898963245000061 ], [ -76.24282207899995, 36.898965012000076 ], [ -76.242725872999983, 36.89896593800006 ], [ -76.242619705999971, 36.898966959000063 ], [ -76.242451961999961, 36.898968573000047 ], [ -76.242378624999958, 36.898969278000038 ], [ -76.242304393999973, 36.898969994000026 ], [ -76.242302937999966, 36.898960599000077 ], [ -76.242307575999973, 36.898804859000052 ], [ -76.242190479999977, 36.898371954000027 ], [ -76.241851611999948, 36.897919678000051 ], [ -76.241211064999959, 36.897030262000044 ], [ -76.239609476999988, 36.89487366700007 ], [ -76.239219933999948, 36.894286473000079 ], [ -76.23909931999998, 36.893972322000025 ], [ -76.239001450999979, 36.893583743000079 ] ] ] ] } },
{ "type": "Feature", "properties": { "OBJECTID": 98, "UID": 98, "LEAGUE": "Shadywood East", "PRES_ADDRE": "No Information Available", "MTG_FREQUE": "No Information Available", "MTG_TIME": "unknown", "MTG_LOCATI": "No Information Available", "SHAPE_LENG": 10039.8069161, "NAME1": "Shadywood", "NAME2": "East", "PRESIDENT": "No Information Available", "E_MAIL": "No information available", "created_user": null, "created_date": null, "last_edited_user": "WTILGHM", "last_edited_date": "2024-02-19T19:00:13Z", "Shape_Length": 0.029492066743986804, "Shape_Area": 4.0133837755653115e-05 }, "geometry": { "type": "MultiPolygon", "coordinates": [ [ [ [ -76.229414236999958, 36.897815188000038 ], [ -76.229396153999971, 36.896273045000044 ], [ -76.22788314099995, 36.896971016000066 ], [ -76.227672360999975, 36.897068249000029 ], [ -76.227505393999934, 36.897144661000027 ], [ -76.227105617999939, 36.897334958000044 ], [ -76.225911984999982, 36.897900585000059 ], [ -76.225880728999982, 36.897912991000055 ], [ -76.225843997999959, 36.89786196700004 ], [ -76.225419422999948, 36.89727216700004 ], [ -76.223501105999958, 36.894718228000045 ], [ -76.223423184999945, 36.894607694000058 ], [ -76.224070086999973, 36.894258910000076 ], [ -76.225167878999969, 36.893660835000048 ], [ -76.226096600999938, 36.893170885000075 ], [ -76.226811820999956, 36.892793558000051 ], [ -76.227599582999972, 36.892416603000072 ], [ -76.22827622899996, 36.892253506000031 ], [ -76.228982218999988, 36.892083332000027 ], [ -76.229575079999961, 36.891940423000051 ], [ -76.229635382999959, 36.892146040000057 ], [ -76.229664727999989, 36.892244920000053 ], [ -76.229736933999959, 36.892488581000066 ], [ -76.229767031999984, 36.892586710000046 ], [ -76.22982564199998, 36.892672859000072 ], [ -76.229952603999948, 36.892838563000055 ], [ -76.230018468999958, 36.892889522000075 ], [ -76.230162737999933, 36.892973361000031 ], [ -76.230319085999952, 36.893030004000025 ], [ -76.230510036999988, 36.893072219000032 ], [ -76.230630992999977, 36.893075890000034 ], [ -76.230730766999955, 36.893066135000026 ], [ -76.230908233999969, 36.893036399000039 ], [ -76.231063829999982, 36.893019473000038 ], [ -76.23125285499998, 36.893025614000067 ], [ -76.231483285999957, 36.893080075000057 ], [ -76.23175906299997, 36.893179287000066 ], [ -76.231866818999947, 36.89323926600008 ], [ -76.231930959999943, 36.893302543000061 ], [ -76.233401752999953, 36.896999966000067 ], [ -76.233501461999936, 36.897240379000039 ], [ -76.233722781999973, 36.897772472000042 ], [ -76.23317962699997, 36.897893632000034 ], [ -76.232193243999973, 36.898105211000029 ], [ -76.231709386999967, 36.898218703000055 ], [ -76.231378983999946, 36.89829045700003 ], [ -76.230684941999982, 36.898442816000056 ], [ -76.230388243999982, 36.898507947000041 ], [ -76.230179744999987, 36.898554636000028 ], [ -76.230179619999944, 36.898554664000073 ], [ -76.230059308999955, 36.898581605000061 ], [ -76.230035210999972, 36.898587362000058 ], [ -76.229445082999973, 36.898728336000033 ], [ -76.229421215999935, 36.898410401000035 ], [ -76.229414236999958, 36.897815188000038 ] ] ] ] } },
{ "type": "Feature", "properties": { "OBJECTID": 99, "UID": 99, "LEAGUE": "South Bayview", "PRES_ADDRE": "7942 Lion Avenue", "MTG_FREQUE": "2nd Tuesday each month", "MTG_TIME": "7:00 pm", "MTG_LOCATI": "Third Presbyterian Church, 8065 Carlton St", "SHAPE_LENG": 16218.151374700001, "NAME1": "South", "NAME2": "Bayview", "PRESIDENT": "Paul Harrison", "E_MAIL": "Southbayviewcivicleague@gmail.com", "created_user": null, "created_date": null, "last_edited_user": "RFRASHE", "last_edited_date": "2024-03-29T13:51:57Z", "Shape_Length": 0.050297442350900445, "Shape_Area": 0.00012087763957087441 }, "geometry": { "type": "MultiPolygon", "coordinates": [ [ [ [ -76.241672816999937, 36.929584910000074 ], [ -76.241579193999939, 36.929341803000057 ], [ -76.24152473099997, 36.92911067700004 ], [ -76.241428626999948, 36.92911992900008 ], [ -76.241266990999975, 36.929134845000078 ], [ -76.241240062999964, 36.92913395100004 ], [ -76.240894323999953, 36.929094583000051 ], [ -76.240476613999988, 36.929047018000063 ], [ -76.240333085999964, 36.928960472000028 ], [ -76.239624945999935, 36.928865289000044 ], [ -76.238855011999988, 36.928694226000061 ], [ -76.23854769999997, 36.928625944000032 ], [ -76.237855051999986, 36.928524938000066 ], [ -76.237690615999952, 36.928528486000062 ], [ -76.236317324999959, 36.928329949000045 ], [ -76.23446845999996, 36.92808210000004 ], [ -76.234031118999951, 36.928104649000034 ], [ -76.232901810999977, 36.928217882000069 ], [ -76.230665297999963, 36.927398446000041 ], [ -76.230704937999974, 36.926752038000075 ], [ -76.23070738399997, 36.926744967000047 ], [ -76.230824521999978, 36.925621462000038 ], [ -76.230782624999961, 36.925559910000061 ], [ -76.232656152999937, 36.923954089000063 ], [ -76.232762398999967, 36.92381344000006 ], [ -76.233613018999961, 36.922565337000037 ], [ -76.233910379999941, 36.922100021000062 ], [ -76.234415881999951, 36.92115059200006 ], [ -76.234595212999977, 36.920876758000077 ], [ -76.23461459899994, 36.920847165000055 ], [ -76.234784718999947, 36.920666012000027 ], [ -76.235063208999975, 36.920369462000053 ], [ -76.235285086999966, 36.920133185000054 ], [ -76.235557927999935, 36.919830887000046 ], [ -76.235635658999968, 36.919706805000033 ], [ -76.235651925999946, 36.919671995000044 ], [ -76.235660370999938, 36.919654225000045 ], [ -76.235703598999976, 36.919563269000037 ], [ -76.235712355999965, 36.919539946000043 ], [ -76.235728465999955, 36.919497043000035 ], [ -76.235761852999985, 36.91940025100007 ], [ -76.235781165999981, 36.919344260000059 ], [ -76.235806056999934, 36.919242226000051 ], [ -76.235813788999963, 36.919202251000058 ], [ -76.235823640999968, 36.919139417000054 ], [ -76.235831000999951, 36.919073227000069 ], [ -76.235835776999977, 36.918995248000044 ], [ -76.235836396999957, 36.918921927000042 ], [ -76.235835786999985, 36.918896393000068 ], [ -76.235830667999949, 36.918814381000061 ], [ -76.235818052999946, 36.918714040000054 ], [ -76.235802543999966, 36.918633579000073 ], [ -76.23580117299997, 36.918626462000077 ], [ -76.235790107999946, 36.91858030700007 ], [ -76.235770087999981, 36.918501169000024 ], [ -76.235751462999986, 36.918427547000078 ], [ -76.235752910999963, 36.918418735000046 ], [ -76.235746085999949, 36.918398995000075 ], [ -76.235698566999986, 36.91827543100004 ], [ -76.235627816999965, 36.918088865000072 ], [ -76.235517160999962, 36.917732264000051 ], [ -76.235512688999961, 36.917717719000052 ], [ -76.235485126999947, 36.917642373000035 ], [ -76.235484317999976, 36.917625461000057 ], [ -76.235485009999934, 36.917623683000045 ], [ -76.235486840999954, 36.917618976000028 ], [ -76.235491195999941, 36.917607780000026 ], [ -76.235486636999951, 36.917562367000073 ], [ -76.235484092999968, 36.917547050000053 ], [ -76.235456364999948, 36.917290333000039 ], [ -76.235092634999944, 36.917356595000058 ], [ -76.235019756999975, 36.917169938000029 ], [ -76.234873217999962, 36.917205516000024 ], [ -76.23476255199995, 36.917232384000044 ], [ -76.234736212999962, 36.917161093000061 ], [ -76.234725399999945, 36.917135925000025 ], [ -76.234474776999946, 36.917195942000035 ], [ -76.234344221999947, 36.91686536800006 ], [ -76.234267338999985, 36.916630735000069 ], [ -76.23419619799995, 36.916413625000075 ], [ -76.234147643999961, 36.916276366000034 ], [ -76.236228663999952, 36.915777665000064 ], [ -76.236333170999956, 36.915752620000035 ], [ -76.236567466999986, 36.915698061000057 ], [ -76.236584185999959, 36.915693547000046 ], [ -76.23668119499996, 36.915670717000069 ], [ -76.236748549999959, 36.915649163000069 ], [ -76.236807884999962, 36.915630175000047 ], [ -76.237389976999964, 36.915443899000024 ], [ -76.237798253999983, 36.915292832000034 ], [ -76.237931315999958, 36.915216119000036 ], [ -76.238045625999973, 36.915064577000066 ], [ -76.23807557899994, 36.915004780000061 ], [ -76.238912398999958, 36.914943558000061 ], [ -76.241450473999976, 36.914761421000037 ], [ -76.241512022999984, 36.914949021000041 ], [ -76.241515609999965, 36.914975171000037 ], [ -76.24153354699996, 36.915098786000044 ], [ -76.241542865999975, 36.915163016000065 ], [ -76.241543346999947, 36.91516579000006 ], [ -76.241545310999982, 36.915179863000048 ], [ -76.241562788999943, 36.915300326000079 ], [ -76.241574354999955, 36.915380044000074 ], [ -76.241586539999957, 36.915459719000069 ], [ -76.241592823999952, 36.915507330000025 ], [ -76.241603312999985, 36.915579623000042 ], [ -76.241615373999934, 36.915662742000052 ], [ -76.241620639999951, 36.915696586000024 ], [ -76.241624845, 36.91572801600006 ], [ -76.241639963999944, 36.915832214000034 ], [ -76.241657412999984, 36.915952484000059 ], [ -76.241669399999978, 36.916030172000035 ], [ -76.24169397199995, 36.916201844000057 ], [ -76.241699161999975, 36.916240206000055 ], [ -76.241709663999984, 36.916312593000043 ], [ -76.241718016999982, 36.916370156000028 ], [ -76.241730323999946, 36.91645498400004 ], [ -76.241732001999935, 36.916465334000065 ], [ -76.241771876999962, 36.916734819000055 ], [ -76.241783116999954, 36.916818819000071 ], [ -76.241786670999943, 36.916843313000072 ], [ -76.241795135999951, 36.916901648000078 ], [ -76.241820012999938, 36.917066766000062 ], [ -76.241833251999935, 36.917164334000063 ], [ -76.241871885999956, 36.917430592000073 ], [ -76.241896720999989, 36.917601748000038 ], [ -76.241902423999989, 36.917637417000037 ], [ -76.241907504999972, 36.917676074000042 ], [ -76.241930928999977, 36.917837495000072 ], [ -76.241946545999951, 36.917945121000059 ], [ -76.241952518999938, 36.917981333000057 ], [ -76.241962278999949, 36.918050871000048 ], [ -76.241966267999942, 36.918081040000061 ], [ -76.241978570999947, 36.918165825000074 ], [ -76.241996970999935, 36.918292629000064 ], [ -76.242012351999961, 36.918401432000053 ], [ -76.242049867999981, 36.918645362000063 ], [ -76.242054356999972, 36.918698543000062 ], [ -76.242057738999961, 36.918738614000063 ], [ -76.24207365999996, 36.918839621000075 ], [ -76.242076685999962, 36.918901602000062 ], [ -76.242104723999944, 36.919476084000053 ], [ -76.242112286999941, 36.919567436000079 ], [ -76.242138823999937, 36.919721691000063 ], [ -76.242235944999948, 36.920286248000025 ], [ -76.242271347999974, 36.920506812000042 ], [ -76.242272824999986, 36.920516017000068 ], [ -76.242448212999989, 36.921608694000042 ], [ -76.242511580999974, 36.921990418000064 ], [ -76.242524682999942, 36.922085097000036 ], [ -76.242562577999934, 36.922321179000051 ], [ -76.242652773999964, 36.922969236000029 ], [ -76.242923129999951, 36.924700750000056 ], [ -76.242958976999944, 36.924920499000052 ], [ -76.242987009999979, 36.925109863000046 ], [ -76.243178675999957, 36.926337334000038 ], [ -76.243235955999978, 36.926712079000026 ], [ -76.243338198999936, 36.927437354000062 ], [ -76.243646873999978, 36.92947844400004 ], [ -76.243335357999968, 36.929517214000043 ], [ -76.243101546999981, 36.929474064000033 ], [ -76.242773798999963, 36.929407344000026 ], [ -76.242414318999977, 36.929422030000069 ], [ -76.242205673999933, 36.929458675000035 ], [ -76.241672816999937, 36.929584910000074 ] ] ] ] } },
{ "type": "Feature", "properties": { "OBJECTID": 100, "UID": 100, "LEAGUE": "Spartan Village", "PRES_ADDRE": "1690 Madison Avenue", "MTG_FREQUE": "2nd Wednesday of each month", "MTG_TIME": "6:00 pm", "MTG_LOCATI": "Covenent Presbyterian Church, 913 Covenant St.", "SHAPE_LENG": 5097.2835273299997, "NAME1": "Spartan", "NAME2": "Village", "PRESIDENT": "", "E_MAIL": "", "created_user": null, "created_date": null, "last_edited_user": "WTILGHM", "last_edited_date": "2024-02-20T05:41:09Z", "Shape_Length": 0.017841548381696024, "Shape_Area": 1.3532949820015593e-05 }, "geometry": { "type": "MultiPolygon", "coordinates": [ [ [ [ -76.260968735999938, 36.853129566000064 ], [ -76.260960851999982, 36.852852573000064 ], [ -76.26070023699998, 36.852857503000052 ], [ -76.260573583999985, 36.852862568000035 ], [ -76.260573964999935, 36.85288818600003 ], [ -76.259976968999979, 36.852911463000055 ], [ -76.259975166999936, 36.852831599000069 ], [ -76.25997455199996, 36.852831587000026 ], [ -76.259979361999967, 36.852089885000055 ], [ -76.259961049999959, 36.850510475000078 ], [ -76.266251525999962, 36.850630251000041 ], [ -76.266635317999942, 36.850681763000068 ], [ -76.266644804999942, 36.850683037000067 ], [ -76.266663201999961, 36.850685506000048 ], [ -76.266181509999967, 36.85125466900007 ], [ -76.265758008999967, 36.851743922000026 ], [ -76.265742273999933, 36.851763494000068 ], [ -76.265685416999986, 36.851809743000047 ], [ -76.265298575999964, 36.852095727000062 ], [ -76.265067724999938, 36.852391502000046 ], [ -76.264857044999985, 36.852778941000054 ], [ -76.264245212999981, 36.852795914000069 ], [ -76.263359492999939, 36.852833992000058 ], [ -76.263114429999973, 36.852843376000067 ], [ -76.263124004999952, 36.853065851000053 ], [ -76.262780262999968, 36.853078119000031 ], [ -76.262405229999956, 36.853092925000055 ], [ -76.262110600999961, 36.853101812000034 ], [ -76.261733437999965, 36.853114618000063 ], [ -76.261720631999935, 36.852840922000041 ], [ -76.26139780699998, 36.852857819000064 ], [ -76.261416115999964, 36.85311099300003 ], [ -76.260968735999938, 36.853129566000064 ] ] ] ] } },
{ "type": "Feature", "properties": { "OBJECTID": 101, "UID": 101, "LEAGUE": "St Andrews Place", "PRES_ADDRE": "1369 E Tanners Creek Dr", "MTG_FREQUE": "TBD", "MTG_TIME": "7:00 pm", "MTG_LOCATI": "TBD", "SHAPE_LENG": 4436.4353822599996, "NAME1": "St Andrews", "NAME2": "Place", "PRESIDENT": "Mia Homes", "E_MAIL": "standrewsplacecivicleague@yahoo.com ", "created_user": null, "created_date": null, "last_edited_user": "WTILGHM", "last_edited_date": "2024-02-19T19:00:13Z", "Shape_Length": 0.015317768375163217, "Shape_Area": 9.5510383444560221e-06 }, "geometry": { "type": "MultiPolygon", "coordinates": [ [ [ [ -76.229595723999978, 36.900696229000062 ], [ -76.229581226999983, 36.900536317000046 ], [ -76.229297579999979, 36.90056542800005 ], [ -76.229204491999951, 36.90049061600007 ], [ -76.229254647999937, 36.900204039000073 ], [ -76.229284564999944, 36.899997261000067 ], [ -76.229324026999961, 36.899724501000037 ], [ -76.229356319999965, 36.899501299000065 ], [ -76.229389731999959, 36.899288032000072 ], [ -76.22941437999998, 36.899038805000032 ], [ -76.229445082999973, 36.898728336000033 ], [ -76.230035210999972, 36.898587362000058 ], [ -76.230059308999955, 36.898581605000061 ], [ -76.230179619999944, 36.898554664000073 ], [ -76.230179744999987, 36.898554636000028 ], [ -76.230388243999982, 36.898507947000041 ], [ -76.230684941999982, 36.898442816000056 ], [ -76.231378983999946, 36.89829045700003 ], [ -76.231709386999967, 36.898218703000055 ], [ -76.232193243999973, 36.898105211000029 ], [ -76.23317962699997, 36.897893632000034 ], [ -76.233722781999973, 36.897772472000042 ], [ -76.234168353999962, 36.898883195000053 ], [ -76.232662853999955, 36.89916998800004 ], [ -76.231803806999949, 36.899376415000063 ], [ -76.232237985999973, 36.90086265900004 ], [ -76.232304982999949, 36.900982773000067 ], [ -76.232100796999987, 36.901023567000038 ], [ -76.231406603999972, 36.901149686000053 ], [ -76.230051925999987, 36.901317301000063 ], [ -76.229709731999947, 36.901340503000029 ], [ -76.22967132399998, 36.901218303000064 ], [ -76.229568921999942, 36.900754223000035 ], [ -76.229592948999937, 36.900722319000067 ], [ -76.229595723999978, 36.900696229000062 ] ] ] ] } },
{ "type": "Feature", "properties": { "OBJECTID": 102, "UID": 102, "LEAGUE": "Stonebridge Crossing", "PRES_ADDRE": "No Information", "MTG_FREQUE": "3rd Monday each month", "MTG_TIME": "unknown", "MTG_LOCATI": "2nd Calvary Baptist Church", "SHAPE_LENG": 6527.8870533400004, "NAME1": "Stonebridge", "NAME2": "Crossing", "PRESIDENT": "Simon Fuller", "E_MAIL": "medicalxraystaffing@gmail.com", "created_user": null, "created_date": null, "last_edited_user": null, "last_edited_date": null, "Shape_Length": 0.02145971641514478, "Shape_Area": 2.2773909363718577e-05 }, "geometry": { "type": "MultiPolygon", "coordinates": [ [ [ [ -76.252608260999978, 36.846796334000032 ], [ -76.252596473999972, 36.846858561000033 ], [ -76.252494191999972, 36.847101492000036 ], [ -76.252463464999948, 36.847183693000034 ], [ -76.252288610999983, 36.847431734000054 ], [ -76.252090676999956, 36.847604318000037 ], [ -76.251862250999977, 36.847745704000033 ], [ -76.251214766999965, 36.848023158000046 ], [ -76.250889600999983, 36.848152240000047 ], [ -76.250653833999934, 36.848263802000076 ], [ -76.250152322999952, 36.848460250000073 ], [ -76.249930809999967, 36.848552165000058 ], [ -76.249680417999969, 36.848695727000063 ], [ -76.249481271999969, 36.848840270000039 ], [ -76.249069124999949, 36.849250663000078 ], [ -76.248722458999964, 36.849643077000053 ], [ -76.248652543999981, 36.849722609000025 ], [ -76.248637546999987, 36.849739668000041 ], [ -76.24857869799996, 36.849790369000061 ], [ -76.248419716999933, 36.849686011000074 ], [ -76.248011048999956, 36.849499675000061 ], [ -76.247726625999974, 36.849778856000057 ], [ -76.24588470499998, 36.849810312000045 ], [ -76.245472272999962, 36.849484737000068 ], [ -76.245184318999975, 36.849276587000077 ], [ -76.24466364999995, 36.849348998000039 ], [ -76.24451733899997, 36.848867979000033 ], [ -76.244211560999986, 36.847587418000046 ], [ -76.244119818999934, 36.847234768000078 ], [ -76.243989979999981, 36.846635406000075 ], [ -76.245057254999949, 36.846590079000066 ], [ -76.245985465999979, 36.846434993000059 ], [ -76.246993822999968, 36.846203928000079 ], [ -76.247337001999938, 36.84613896500008 ], [ -76.247902782999972, 36.846072308000032 ], [ -76.248531223999976, 36.846065736000071 ], [ -76.251370883999982, 36.846216302000073 ], [ -76.252305036999985, 36.846242503000042 ], [ -76.252576873999942, 36.846251581000047 ], [ -76.252601508999987, 36.846678068000074 ], [ -76.252607109999985, 36.846776189000025 ], [ -76.252608260999978, 36.846796334000032 ] ] ] ] } },
{ "type": "Feature", "properties": { "OBJECTID": 103, "UID": 103, "LEAGUE": "Suburban Acres", "PRES_ADDRE": "7086 Kirby Crescent", "MTG_FREQUE": "2nd Monday", "MTG_TIME": "6:30 pm", "MTG_LOCATI": "Suburban Park Elementary", "SHAPE_LENG": 15570.362124699999, "NAME1": "Suburban", "NAME2": "Acres", "PRESIDENT": "Louis Gabriel", "E_MAIL": "saclpresident@gmail.com", "created_user": null, "created_date": null, "last_edited_user": "WTILGHM", "last_edited_date": "2024-02-19T19:11:07Z", "Shape_Length": 0.049981177551576023, "Shape_Area": 0.00013857138740058607 }, "geometry": { "type": "MultiPolygon", "coordinates": [ [ [ [ -76.25934973699998, 36.90533434200006 ], [ -76.259022418999962, 36.903908390000026 ], [ -76.25902722099994, 36.903903901000035 ], [ -76.259550153999953, 36.903414993000069 ], [ -76.260711331999971, 36.901281114000028 ], [ -76.260732630999939, 36.901284502000067 ], [ -76.262222623999946, 36.901601955000046 ], [ -76.262577792999934, 36.901677623000069 ], [ -76.262943882999934, 36.901755617000049 ], [ -76.263051406999978, 36.901765171000079 ], [ -76.263178927999945, 36.901776501000029 ], [ -76.264075252999987, 36.90185613400007 ], [ -76.265435820999983, 36.901976998000066 ], [ -76.26629072999998, 36.902052935000029 ], [ -76.267331285999944, 36.902146846000051 ], [ -76.26725040599996, 36.902395832000025 ], [ -76.268221689999962, 36.903205650000075 ], [ -76.270223734999945, 36.904079835000061 ], [ -76.269973591999985, 36.904623627000035 ], [ -76.270019017999971, 36.904967752000061 ], [ -76.270418650999943, 36.905234905000043 ], [ -76.271059486999945, 36.905238302000043 ], [ -76.271368559999985, 36.905264892000048 ], [ -76.271428061999984, 36.905280701000038 ], [ -76.275841363999973, 36.906453178000049 ], [ -76.275892020999947, 36.906466635000072 ], [ -76.275892247999934, 36.906466695000063 ], [ -76.275971154999979, 36.906570847000069 ], [ -76.27575776499998, 36.907063577000031 ], [ -76.275685009999961, 36.90720775300008 ], [ -76.275374306999936, 36.907934856000054 ], [ -76.274988228999973, 36.908845298000074 ], [ -76.27456673599994, 36.909842902000037 ], [ -76.274023764999981, 36.911002885000073 ], [ -76.273683417999962, 36.911813605000077 ], [ -76.273569794999958, 36.911979422000059 ], [ -76.273584258999961, 36.912054985000054 ], [ -76.273539901999982, 36.91214954000003 ], [ -76.273221084999989, 36.91289235000005 ], [ -76.272750687999974, 36.914046164000069 ], [ -76.272462153999982, 36.914671958000042 ], [ -76.27167228199994, 36.914666526000076 ], [ -76.270868291999989, 36.914737137000031 ], [ -76.270551257999955, 36.914812211000026 ], [ -76.270334588999958, 36.914908266000054 ], [ -76.270052052999972, 36.915022150000027 ], [ -76.269973891999939, 36.915054056000031 ], [ -76.268869798999958, 36.91442257600005 ], [ -76.268683331999966, 36.914299792000065 ], [ -76.267453066999963, 36.913443528000073 ], [ -76.26688225099997, 36.913009124000041 ], [ -76.266078386999936, 36.912451845000078 ], [ -76.263900039999953, 36.91096974800007 ], [ -76.262383744999966, 36.909923166000056 ], [ -76.261350452999977, 36.909242629000062 ], [ -76.260385317999976, 36.908484077000026 ], [ -76.259304617999987, 36.907181409000032 ], [ -76.258663784999953, 36.906032508000067 ], [ -76.258337495999967, 36.905378641000027 ], [ -76.258764620999955, 36.905359832000045 ], [ -76.25934973699998, 36.90533434200006 ] ] ] ] } },
{ "type": "Feature", "properties": { "OBJECTID": 104, "UID": 104, "LEAGUE": "Talbot Park", "PRES_ADDRE": "516 Oak Grove Road", "MTG_FREQUE": "3rd Wednesday, Jan, Mar, May, July, Oct", "MTG_TIME": "7:00 pm", "MTG_LOCATI": "Royster Presbyterian Chruch", "SHAPE_LENG": 11657.7372841, "NAME1": "Talbot", "NAME2": "Park", "PRESIDENT": "Patrick Hitchings", "E_MAIL": "thetpcl@gmail.com", "created_user": null, "created_date": null, "last_edited_user": "WTILGHM", "last_edited_date": "2024-02-19T19:11:07Z", "Shape_Length": 0.03505477362990244, "Shape_Area": 5.2387795026106551e-05 }, "geometry": { "type": "MultiPolygon", "coordinates": [ [ [ [ -76.282996481999987, 36.907642173000056 ], [ -76.282535370999938, 36.907489479000049 ], [ -76.282496184999957, 36.907514266000078 ], [ -76.282308963999981, 36.907438669000044 ], [ -76.281237131999944, 36.907154924000054 ], [ -76.281125048999968, 36.907147960000032 ], [ -76.281086622999965, 36.907236172000069 ], [ -76.280775913999946, 36.907198110000024 ], [ -76.280383963999952, 36.907101916000045 ], [ -76.280543889999933, 36.906727830000079 ], [ -76.278507880999939, 36.906159122000076 ], [ -76.276861013999962, 36.905699668000068 ], [ -76.276482039999962, 36.905594693000069 ], [ -76.27663619599997, 36.905237703000068 ], [ -76.276759226999957, 36.904956533000075 ], [ -76.276830538999945, 36.904793558000051 ], [ -76.276881628999945, 36.904675375000068 ], [ -76.277018707999957, 36.904358276000039 ], [ -76.277458044999946, 36.903343825000036 ], [ -76.277842948999989, 36.902467136000041 ], [ -76.278572996999969, 36.900808840000025 ], [ -76.278837560999989, 36.900924141000075 ], [ -76.280275266999979, 36.90131380400004 ], [ -76.28246579599994, 36.901956145000042 ], [ -76.283977621999952, 36.902552061000051 ], [ -76.284926266999946, 36.902282157000059 ], [ -76.285504354999944, 36.902400885000077 ], [ -76.286104702999978, 36.90226006100005 ], [ -76.286096928999939, 36.902408561000072 ], [ -76.285633508999979, 36.902654772000062 ], [ -76.28552534399995, 36.902867417000039 ], [ -76.285699099999988, 36.903032760000031 ], [ -76.285686356999975, 36.903361271000051 ], [ -76.285769013999982, 36.903361353000037 ], [ -76.285806806999972, 36.90340662400007 ], [ -76.285793661999946, 36.903465162000032 ], [ -76.285727203999954, 36.903881713000033 ], [ -76.285972862999984, 36.903909270000042 ], [ -76.285923200999946, 36.90423962300008 ], [ -76.285854815999983, 36.904342911000072 ], [ -76.285806310999988, 36.904671761000031 ], [ -76.285852507999948, 36.904676902000062 ], [ -76.285813248999943, 36.904914940000026 ], [ -76.285470199999963, 36.904871987000035 ], [ -76.285441517999971, 36.905042786000024 ], [ -76.286143252999977, 36.905239962000053 ], [ -76.286418923999975, 36.905289111000059 ], [ -76.287119120999989, 36.905366665000031 ], [ -76.287138420999952, 36.905400597000039 ], [ -76.287439246999952, 36.905743041000051 ], [ -76.288525921999963, 36.905776242000059 ], [ -76.288530793999939, 36.905776391000074 ], [ -76.288431919999937, 36.90635848200003 ], [ -76.288412366999978, 36.90649701600006 ], [ -76.288125951999973, 36.907213974000058 ], [ -76.286703657999965, 36.908293967000077 ], [ -76.285307773999989, 36.908715553000036 ], [ -76.284170740999969, 36.908042372000068 ], [ -76.283901642999979, 36.907903586000032 ], [ -76.282996481999987, 36.907642173000056 ] ] ] ] } },
{ "type": "Feature", "properties": { "OBJECTID": 105, "UID": 105, "LEAGUE": "Tanners Creek", "PRES_ADDRE": "No information Available", "MTG_FREQUE": "3rd Thursday, Mar, Jun, Sept, Dec", "MTG_TIME": "6:00 pm", "MTG_LOCATI": "Norview Community Center", "SHAPE_LENG": 2724.5530640299999, "NAME1": "Tanners", "NAME2": "Creek", "PRESIDENT": "Harvey Anderson", "E_MAIL": "smlchgn@msn.com", "created_user": null, "created_date": null, "last_edited_user": "RFRASHE", "last_edited_date": "2022-12-02T18:03:23Z", "Shape_Length": 0.0083525968213698058, "Shape_Area": 3.6627802068653541e-06 }, "geometry": { "type": "MultiPolygon", "coordinates": [ [ [ [ -76.231869798999981, 36.905317105000051 ], [ -76.233125387999962, 36.904978646000075 ], [ -76.233129352999981, 36.904983910000055 ], [ -76.233946604999971, 36.906068889000039 ], [ -76.234783927999956, 36.907319628000039 ], [ -76.234796120999988, 36.907337841000071 ], [ -76.233970613999986, 36.907544327000039 ], [ -76.233877793999966, 36.907557764000046 ], [ -76.233807973999944, 36.90756108800008 ], [ -76.233746348999944, 36.907562885000061 ], [ -76.233685530999935, 36.907555798000033 ], [ -76.233507193999969, 36.907506785000066 ], [ -76.233404313999984, 36.907452075000037 ], [ -76.233286251999971, 36.907370114000059 ], [ -76.23320300599994, 36.907268379000072 ], [ -76.232734922999953, 36.906634507000035 ], [ -76.232550769999989, 36.906364050000036 ], [ -76.232293636999941, 36.90600250500006 ], [ -76.231810320999955, 36.90533313800006 ], [ -76.231826419999948, 36.905328798000028 ], [ -76.231869798999981, 36.905317105000051 ] ] ] ] } },
{ "type": "Feature", "properties": { "OBJECTID": 106, "UID": 106, "LEAGUE": "The Gardens", "PRES_ADDRE": "7525 Daisy Court", "MTG_FREQUE": "2nd Tuesday ", "MTG_TIME": "7:00 pm", "MTG_LOCATI": "Azalea Gardens Middle School. 7721 Azalea Garden Rd", "SHAPE_LENG": 7256.9680946500002, "NAME1": "The", "NAME2": "Gardens", "PRESIDENT": "Dr. Steven Jones", "E_MAIL": "dr.scjones@gmail.com", "created_user": null, "created_date": null, "last_edited_user": "WTILGHM", "last_edited_date": "2024-02-19T18:21:55Z", "Shape_Length": 0.023524530121815452, "Shape_Area": 2.8634994158791647e-05 }, "geometry": { "type": "MultiPolygon", "coordinates": [ [ [ [ -76.199476996999977, 36.910722958000065 ], [ -76.199466376999965, 36.910708653000029 ], [ -76.199442094999938, 36.910673193000036 ], [ -76.199418262999984, 36.910647018000077 ], [ -76.199390470999958, 36.910616494000067 ], [ -76.199377170999981, 36.910603002000073 ], [ -76.199345591999986, 36.910572563000073 ], [ -76.199306569999976, 36.910531375000062 ], [ -76.199283258999969, 36.910507725000059 ], [ -76.19926111999996, 36.910475673000064 ], [ -76.199249624999936, 36.910459029000037 ], [ -76.199243174999935, 36.910450644000036 ], [ -76.199240024999938, 36.910446251000053 ], [ -76.199229052999954, 36.910432067000045 ], [ -76.199209566999969, 36.910387190000051 ], [ -76.199208025999951, 36.910383823000075 ], [ -76.199077566999961, 36.910098680000033 ], [ -76.199069196999972, 36.91008038700005 ], [ -76.19906703099997, 36.910076159000027 ], [ -76.199058467999976, 36.910059473000047 ], [ -76.199062101999971, 36.910056502000032 ], [ -76.19909150899997, 36.910034611000071 ], [ -76.199156435999953, 36.90998352400004 ], [ -76.20028281499998, 36.909229240000059 ], [ -76.204998481999951, 36.905915982000067 ], [ -76.206843812999978, 36.905758996000031 ], [ -76.206854202999978, 36.905758433000074 ], [ -76.206866205999972, 36.90576427600007 ], [ -76.206870812999966, 36.905766511000024 ], [ -76.206933381999988, 36.905796887000065 ], [ -76.207032373999937, 36.905844945000069 ], [ -76.207462858999975, 36.906053897000049 ], [ -76.20752033399998, 36.906081795000034 ], [ -76.20805302399998, 36.906340354000065 ], [ -76.208077237999987, 36.90635254700004 ], [ -76.208213624999985, 36.906421229000046 ], [ -76.208349572999964, 36.906489689000068 ], [ -76.208640402999947, 36.906569239000078 ], [ -76.208612866999943, 36.906608205000055 ], [ -76.208568811999953, 36.906671295000024 ], [ -76.208538970999939, 36.906714030000046 ], [ -76.208532113, 36.906723611000075 ], [ -76.208510333999982, 36.906754039000077 ], [ -76.208507687999941, 36.906758431000071 ], [ -76.20849196599994, 36.906780842000046 ], [ -76.208469994999973, 36.906820989000039 ], [ -76.208439794999947, 36.906876171000079 ], [ -76.208363733999988, 36.907000176000054 ], [ -76.208265786999959, 36.907163122000043 ], [ -76.208170471999949, 36.907322804000046 ], [ -76.208168145999934, 36.907321755000055 ], [ -76.208145874999957, 36.90731240100007 ], [ -76.208136083999989, 36.907307820000028 ], [ -76.20813584299998, 36.907307707000029 ], [ -76.208131519999938, 36.907315280000034 ], [ -76.208064878999949, 36.907431981000059 ], [ -76.207975716999954, 36.90756876100005 ], [ -76.207906320999939, 36.90767521600003 ], [ -76.207834395999953, 36.907797085000027 ], [ -76.207800403999954, 36.90785294300008 ], [ -76.207718683999985, 36.907985413000063 ], [ -76.207680719999985, 36.908046950000028 ], [ -76.20756352799998, 36.908263213000055 ], [ -76.207533761999969, 36.908318141000052 ], [ -76.207479774999968, 36.908417768000049 ], [ -76.207399951999946, 36.908554951000042 ], [ -76.207398576999935, 36.908643770000026 ], [ -76.207398186999967, 36.908671230000039 ], [ -76.207397976999971, 36.908726008000031 ], [ -76.207398398999942, 36.908781375000046 ], [ -76.20740595999996, 36.908849948000068 ], [ -76.207410431999961, 36.908890510000049 ], [ -76.207441306999954, 36.908969720000073 ], [ -76.207442824999987, 36.908973957000057 ], [ -76.207382872999972, 36.908992953000052 ], [ -76.207348931999945, 36.909007433000056 ], [ -76.207258298999989, 36.909040435000065 ], [ -76.207182533999969, 36.909069633000058 ], [ -76.207125903999952, 36.909091456000056 ], [ -76.207015313999989, 36.909134074000065 ], [ -76.20698245899996, 36.909147777000044 ], [ -76.206872116999989, 36.90919275400006 ], [ -76.206682568999952, 36.909272850000036 ], [ -76.206556980999949, 36.909325228000057 ], [ -76.206554905999951, 36.909326093000061 ], [ -76.206549944999949, 36.909327893000068 ], [ -76.20647218299996, 36.909361423000064 ], [ -76.206178639999962, 36.909485179000058 ], [ -76.206077238999967, 36.909525634000033 ], [ -76.206049438999969, 36.909537263000061 ], [ -76.206038198999977, 36.90954174400008 ], [ -76.20603110899998, 36.909544931000028 ], [ -76.205989833999979, 36.909562197000071 ], [ -76.205942149999942, 36.909584915000039 ], [ -76.205830180999953, 36.909635241000046 ], [ -76.205746093999949, 36.909701838000046 ], [ -76.205632274999971, 36.909787319000031 ], [ -76.205616655999961, 36.909799048000025 ], [ -76.205602320999958, 36.909815705000028 ], [ -76.205558780999979, 36.909860336000065 ], [ -76.205524525999977, 36.909895449000032 ], [ -76.205398207999963, 36.910024932000056 ], [ -76.205267472999935, 36.910163701000045 ], [ -76.205171964999977, 36.910257710000053 ], [ -76.204854103999935, 36.910578920000034 ], [ -76.204526759999965, 36.910878839000077 ], [ -76.204518290999943, 36.910886598000047 ], [ -76.204509306999967, 36.910883365000075 ], [ -76.204344581999976, 36.910831589000054 ], [ -76.204291656999942, 36.910814954000045 ], [ -76.204291224999963, 36.910815200000059 ], [ -76.20428859499998, 36.91081396900006 ], [ -76.204171568999982, 36.910883550000051 ], [ -76.203990413999975, 36.910987030000058 ], [ -76.203907013999981, 36.911034488000041 ], [ -76.203540741999973, 36.911238481000055 ], [ -76.203516439999987, 36.911254367000026 ], [ -76.203056413999946, 36.911268138000025 ], [ -76.202803995999943, 36.911270998000077 ], [ -76.201850060999959, 36.911295675000076 ], [ -76.200840382999957, 36.911266345000058 ], [ -76.200518403999979, 36.911256851000076 ], [ -76.200511596999945, 36.911255807000032 ], [ -76.199947229999964, 36.910965740000051 ], [ -76.199791936999986, 36.910887891000073 ], [ -76.199583584999971, 36.910782991000076 ], [ -76.199509869999986, 36.91074221000008 ], [ -76.199476996999977, 36.910722958000065 ] ] ] ] } },
{ "type": "Feature", "properties": { "OBJECTID": 107, "UID": 107, "LEAGUE": "Tidewater Gardens", "PRES_ADDRE": "1016 Mariner Street", "MTG_FREQUE": "2nd Monday", "MTG_TIME": "unknown", "MTG_LOCATI": "Hunton YMCA", "SHAPE_LENG": 6716.9243214099997, "NAME1": "Tidewater", "NAME2": "Gardens", "PRESIDENT": "Michelle Cook", "E_MAIL": "tidewatergardens1016@yahoo.com", "created_user": null, "created_date": null, "last_edited_user": "WTILGHM", "last_edited_date": "2024-02-20T04:49:32Z", "Shape_Length": 0.020610648161242529, "Shape_Area": 2.1318490696685103e-05 }, "geometry": { "type": "MultiPolygon", "coordinates": [ [ [ [ -76.279253994999976, 36.848581433000049 ], [ -76.278304642999956, 36.848197390000053 ], [ -76.278166908999935, 36.848581477000039 ], [ -76.277980335999985, 36.848882219000075 ], [ -76.277642807999939, 36.849201396000069 ], [ -76.277385811999977, 36.84933871000004 ], [ -76.277155106999942, 36.849395473000072 ], [ -76.276978044999964, 36.849371516000076 ], [ -76.276818568999943, 36.849330720000069 ], [ -76.276826167999957, 36.849307256000031 ], [ -76.276837361999981, 36.849272695000025 ], [ -76.276909330999956, 36.849102683000069 ], [ -76.276950803999966, 36.848998483000059 ], [ -76.277112821999935, 36.848621973000036 ], [ -76.277443670999958, 36.847714046000078 ], [ -76.277822946999947, 36.84678642800003 ], [ -76.277977564999958, 36.846384767000075 ], [ -76.277997673999948, 36.846332530000041 ], [ -76.278033716999971, 36.846263957000076 ], [ -76.278156148999983, 36.84603102300008 ], [ -76.278203258999952, 36.845939877000035 ], [ -76.278382122999972, 36.845785287000069 ], [ -76.278536609999946, 36.845646033000037 ], [ -76.278691116999937, 36.845506092000051 ], [ -76.278972030999967, 36.845368542000074 ], [ -76.27920796799998, 36.845249372000069 ], [ -76.279580482999961, 36.845135531000039 ], [ -76.279590772999939, 36.845134352000059 ], [ -76.279786193999939, 36.845114694000074 ], [ -76.279937020999967, 36.845100374000026 ], [ -76.279947289999939, 36.845099881000067 ], [ -76.280443218999949, 36.845090711000068 ], [ -76.280453487999978, 36.845090218000053 ], [ -76.280821280999987, 36.845137692000037 ], [ -76.280831489999969, 36.845139259000064 ], [ -76.281254973999978, 36.845269519000055 ], [ -76.28196315799994, 36.845575426000039 ], [ -76.282227035999938, 36.845694491000074 ], [ -76.282649542999934, 36.845858382000074 ], [ -76.282972208999979, 36.84604648800007 ], [ -76.282973065999954, 36.846047030000079 ], [ -76.282978921999984, 36.846050735000063 ], [ -76.282910903999948, 36.84627267500008 ], [ -76.282878807999964, 36.846598139000037 ], [ -76.282894731999988, 36.846614025000065 ], [ -76.282942549999973, 36.846944318000055 ], [ -76.283099469999968, 36.84730786800003 ], [ -76.283253928999954, 36.847518902000047 ], [ -76.283387541999957, 36.847640135000063 ], [ -76.283514611999976, 36.847764382000037 ], [ -76.283714957999962, 36.847885810000037 ], [ -76.283871906999934, 36.848061040000061 ], [ -76.283891089999941, 36.848120226000049 ], [ -76.283872714999973, 36.848212316000058 ], [ -76.283748170999957, 36.848328371000036 ], [ -76.283703034999974, 36.84835754900007 ], [ -76.283602991999942, 36.848422218000053 ], [ -76.283550336999951, 36.848462595000058 ], [ -76.283464996999953, 36.848534912000048 ], [ -76.28330901299995, 36.848684284000058 ], [ -76.283285753999962, 36.848706557000071 ], [ -76.283042842999976, 36.849069530000065 ], [ -76.283023201999981, 36.849097499000038 ], [ -76.282981172999939, 36.849152282000034 ], [ -76.282921157999965, 36.84924281900004 ], [ -76.282757223999965, 36.849476271000071 ], [ -76.282481729999972, 36.849887400000057 ], [ -76.282442026999945, 36.849943987000074 ], [ -76.282427441999971, 36.849966011000049 ], [ -76.282243084999948, 36.850244450000048 ], [ -76.281913783999983, 36.850094672000068 ], [ -76.281466492999982, 36.849842395000053 ], [ -76.280944618999968, 36.849568788000056 ], [ -76.280521852999982, 36.849296364000054 ], [ -76.28019861599995, 36.849127473000067 ], [ -76.279825898999945, 36.848897203000035 ], [ -76.279253994999976, 36.848581433000049 ] ] ] ] } },
{ "type": "Feature", "properties": { "OBJECTID": 108, "UID": 108, "LEAGUE": "Titustown", "PRES_ADDRE": "7476 Diven Street", "MTG_FREQUE": "2nd Monday, monthly", "MTG_TIME": "6:30pm", "MTG_LOCATI": "Titustown Recreation Center", "SHAPE_LENG": 12807.206140099999, "NAME1": "Titustown", "NAME2": "", "PRESIDENT": "Michael Wilsom", "E_MAIL": "mikenblack2@gmail.com", "created_user": null, "created_date": null, "last_edited_user": "WTILGHM", "last_edited_date": "2024-02-16T20:57:09Z", "Shape_Length": 0.042146824774060503, "Shape_Area": 4.8444263016896009e-05 }, "geometry": { "type": "MultiPolygon", "coordinates": [ [ [ [ -76.292212674999973, 36.914149182000074 ], [ -76.292155682999976, 36.913812927000038 ], [ -76.291927594999947, 36.913483274000043 ], [ -76.291629974999978, 36.912944980000077 ], [ -76.291399081999941, 36.91284679000006 ], [ -76.291258514999981, 36.912803122000071 ], [ -76.291061180999975, 36.912735333000057 ], [ -76.290526601999943, 36.912527516000068 ], [ -76.290296455999965, 36.912396948000037 ], [ -76.290270592999946, 36.912287493000065 ], [ -76.290053545999967, 36.912406592000025 ], [ -76.28982351999997, 36.911843608000027 ], [ -76.289514617999941, 36.911087588000044 ], [ -76.289400215999933, 36.910807353000052 ], [ -76.289427926999963, 36.910757867000029 ], [ -76.289842635999946, 36.910716397000044 ], [ -76.292074395999975, 36.910491808000074 ], [ -76.292753270999981, 36.910423480000077 ], [ -76.293123301999969, 36.910386560000063 ], [ -76.293316449999963, 36.911557977000029 ], [ -76.293320020999943, 36.911590472000057 ], [ -76.293385151999985, 36.911579884000048 ], [ -76.293552662999957, 36.911561283000026 ], [ -76.293556317999958, 36.911583318000055 ], [ -76.29357457499998, 36.911693381000077 ], [ -76.293576257999973, 36.911703523000028 ], [ -76.293745145999935, 36.911685326000054 ], [ -76.293740885999966, 36.911658175000071 ], [ -76.293722902999946, 36.911543558000062 ], [ -76.293726377999974, 36.911543196000025 ], [ -76.293801151999958, 36.911535412000035 ], [ -76.29380770399996, 36.911534730000028 ], [ -76.293821926999954, 36.911622585000032 ], [ -76.293849364999971, 36.911806763000072 ], [ -76.29399919399998, 36.911792211000034 ], [ -76.294188894999934, 36.911773786000026 ], [ -76.294165770999939, 36.911630338000066 ], [ -76.294158832999983, 36.91158729600005 ], [ -76.294146077999983, 36.91149929900007 ], [ -76.294149518999973, 36.911498880000067 ], [ -76.294180352999945, 36.911495120000041 ], [ -76.294230381999967, 36.911489020000033 ], [ -76.294325328999946, 36.911539478000066 ], [ -76.294416066999986, 36.91157056600008 ], [ -76.294599561999974, 36.911633391000066 ], [ -76.294611404999955, 36.91163775900003 ], [ -76.294676056999947, 36.91166159800008 ], [ -76.294735697999954, 36.911670287000049 ], [ -76.294738854999935, 36.911669581000069 ], [ -76.294875795999985, 36.911638932000074 ], [ -76.295240276999948, 36.911568162000037 ], [ -76.296061174999977, 36.91141586100008 ], [ -76.296304745999976, 36.911369363000063 ], [ -76.296312391999948, 36.91136743800007 ], [ -76.296595837999973, 36.911301921000074 ], [ -76.29661899499996, 36.911295952000046 ], [ -76.296724272999938, 36.911268821000078 ], [ -76.297126926999965, 36.911165052000058 ], [ -76.297507047999943, 36.91109563200007 ], [ -76.297700894999934, 36.911061621000044 ], [ -76.297850294999989, 36.911049132000073 ], [ -76.297851040999944, 36.911049071000036 ], [ -76.297844402999942, 36.911055928000053 ], [ -76.297278491999975, 36.911640874000057 ], [ -76.296773860999963, 36.912160799000048 ], [ -76.296624292999979, 36.912198733000025 ], [ -76.295930546999955, 36.912968638000052 ], [ -76.295351126999947, 36.91365477100004 ], [ -76.295233601999939, 36.913780357000064 ], [ -76.295240435999972, 36.913837877000049 ], [ -76.295248356999934, 36.913891951000039 ], [ -76.295833051999978, 36.913890475000073 ], [ -76.296411635999959, 36.913885867000033 ], [ -76.29643387699997, 36.915356806000034 ], [ -76.296476018999954, 36.916197480000051 ], [ -76.296134883999969, 36.916201863000026 ], [ -76.295741286999942, 36.916205912000066 ], [ -76.295760267999981, 36.916600136000056 ], [ -76.295771578999961, 36.91678616300004 ], [ -76.295777672999975, 36.916886399000077 ], [ -76.295777675999943, 36.916886453000075 ], [ -76.295830169999988, 36.917638398000065 ], [ -76.295835269999941, 36.917780054000048 ], [ -76.295860303999973, 36.91847540100008 ], [ -76.295885170999952, 36.919234333000077 ], [ -76.289342393999959, 36.920004313000049 ], [ -76.28916798299997, 36.918945359000077 ], [ -76.289127629999939, 36.918334686000037 ], [ -76.289127147999977, 36.917671160000054 ], [ -76.289126965999969, 36.91741911500003 ], [ -76.289127718999964, 36.917417854000064 ], [ -76.289241537999942, 36.917227233000062 ], [ -76.289351094999972, 36.916944464000039 ], [ -76.289382837999938, 36.916824004000034 ], [ -76.289354715999934, 36.916649329000052 ], [ -76.289355451999938, 36.916624110000043 ], [ -76.289367710999954, 36.916203813000038 ], [ -76.292388733999985, 36.916130073000033 ], [ -76.292539514999987, 36.916112793000025 ], [ -76.292467976999944, 36.915702526000075 ], [ -76.292431135999948, 36.915534242000035 ], [ -76.292366381999955, 36.915177731000028 ], [ -76.292284989999985, 36.91453264900008 ], [ -76.292212674999973, 36.914149182000074 ] ] ] ] } },
{ "type": "Feature", "properties": { "OBJECTID": 109, "UID": 109, "LEAGUE": "Villa Heights", "PRES_ADDRE": "2833 Villa Circle", "MTG_FREQUE": "3rd Thursday", "MTG_TIME": "7:00pm", "MTG_LOCATI": "First United Presbyterian Church", "SHAPE_LENG": 7102.0248479100001, "NAME1": "Villa", "NAME2": "Heights", "PRESIDENT": "Lana Pressley", "E_MAIL": "villaheightscivicleague@gmail.com", "created_user": null, "created_date": null, "last_edited_user": "WTILGHM", "last_edited_date": "2024-02-20T04:13:07Z", "Shape_Length": 0.024126211703403639, "Shape_Area": 3.0780940395381588e-05 }, "geometry": { "type": "MultiPolygon", "coordinates": [ [ [ [ -76.274422422999976, 36.874955449000026 ], [ -76.274070506999976, 36.874711821000062 ], [ -76.274062298, 36.874706120000042 ], [ -76.273527588999968, 36.874334758000032 ], [ -76.272887141999945, 36.873294256000065 ], [ -76.272862017999955, 36.873243797000043 ], [ -76.272833015999936, 36.873206319000076 ], [ -76.272282176999965, 36.872494446000076 ], [ -76.272244504999946, 36.871797958000059 ], [ -76.27228768599997, 36.871375681000075 ], [ -76.272795441999961, 36.871202607000043 ], [ -76.272853742999985, 36.871196845000043 ], [ -76.274167309999939, 36.871064453000031 ], [ -76.274553899999944, 36.870675107000068 ], [ -76.274565276999965, 36.870670127000039 ], [ -76.274566088999961, 36.870669322000026 ], [ -76.274966147999976, 36.870488786000067 ], [ -76.275160322999966, 36.870806792000053 ], [ -76.275552977999951, 36.870719879000035 ], [ -76.276161893999983, 36.869871645000046 ], [ -76.276409010999942, 36.870532703000038 ], [ -76.277491593999969, 36.87036296000008 ], [ -76.27853771499997, 36.870199328000069 ], [ -76.278754849999984, 36.870158766000031 ], [ -76.279605644999947, 36.870028621000074 ], [ -76.279953971999987, 36.869927315000041 ], [ -76.280714301999978, 36.872600833000035 ], [ -76.280718149999984, 36.872616334000043 ], [ -76.280885540999975, 36.873322831000053 ], [ -76.280504443999973, 36.873345702000051 ], [ -76.280328870999938, 36.873389185000065 ], [ -76.280129408999983, 36.873418380000032 ], [ -76.279917675999968, 36.873482773000035 ], [ -76.27979443299995, 36.873528777000047 ], [ -76.279675533999978, 36.873619911000048 ], [ -76.279395603999944, 36.873755542000026 ], [ -76.27893574999996, 36.873889846000054 ], [ -76.27888459899998, 36.873920124000051 ], [ -76.278864097999985, 36.873958645000073 ], [ -76.278684075999934, 36.87406749400003 ], [ -76.278646738999953, 36.874104335000027 ], [ -76.278636914999936, 36.874191694000046 ], [ -76.278586175999976, 36.874270499000033 ], [ -76.278539452999951, 36.874294906000046 ], [ -76.278422771999942, 36.874310209000043 ], [ -76.278374509999935, 36.874387115000047 ], [ -76.278317649999963, 36.874426894000067 ], [ -76.278081125999961, 36.874482729000079 ], [ -76.277981386999954, 36.874498352000046 ], [ -76.277872592999984, 36.874492403000033 ], [ -76.277757391999955, 36.874457152000048 ], [ -76.27768567399994, 36.87450201200005 ], [ -76.277669677999938, 36.874542186000042 ], [ -76.277691769999933, 36.874597367000035 ], [ -76.277672741999936, 36.874639865000063 ], [ -76.277630087999967, 36.874679535000041 ], [ -76.27748927, 36.874731635000046 ], [ -76.27739145399994, 36.874732165000069 ], [ -76.27725757199994, 36.87474179600008 ], [ -76.277153064999936, 36.87482437400007 ], [ -76.277142010999967, 36.874860836000039 ], [ -76.277113766999946, 36.874886659000026 ], [ -76.277052823999952, 36.87494035800006 ], [ -76.277008301999956, 36.874945401000048 ], [ -76.276987085999963, 36.874939269000038 ], [ -76.276954832999934, 36.874920323000026 ], [ -76.276911242999972, 36.874898871000028 ], [ -76.276339250999968, 36.874855420000074 ], [ -76.276232837999942, 36.874854995000078 ], [ -76.275929858999973, 36.874869022000041 ], [ -76.275796001999936, 36.874878413000033 ], [ -76.275730102999944, 36.874898629000029 ], [ -76.27567509499994, 36.874890526000058 ], [ -76.275664961999951, 36.874881135000066 ], [ -76.275226855999961, 36.874928100000034 ], [ -76.274422422999976, 36.874955449000026 ] ] ] ] } },
{ "type": "Feature", "properties": { "OBJECTID": 110, "UID": 110, "LEAGUE": "Wards Corner", "PRES_ADDRE": "448 Hariton Court", "MTG_FREQUE": "3rd Monday, monthly", "MTG_TIME": "6:30pm", "MTG_LOCATI": "Norfolk Fitness and Wellness Center", "SHAPE_LENG": 19351.8314016, "NAME1": "Wards", "NAME2": "Corner", "PRESIDENT": "Scott Guirlinger", "E_MAIL": "info@wardscorner.com", "created_user": null, "created_date": null, "last_edited_user": "WTILGHM", "last_edited_date": "2024-02-19T19:11:07Z", "Shape_Length": 0.057662096927412823, "Shape_Area": 0.00015107479641392961 }, "geometry": { "type": "MultiPolygon", "coordinates": [ [ [ [ -76.272471234999955, 36.916491760000042 ], [ -76.272876894999968, 36.914916386000073 ], [ -76.273551377999979, 36.914985736000062 ], [ -76.274096562999944, 36.91504634000006 ], [ -76.274483625999949, 36.915098786000044 ], [ -76.275061066999967, 36.915157414000078 ], [ -76.275067063999984, 36.914969320000068 ], [ -76.274386031999938, 36.914882299000055 ], [ -76.273542137999982, 36.914794771000061 ], [ -76.27292052599995, 36.914723374000062 ], [ -76.273428842999976, 36.913386066000044 ], [ -76.27372096299996, 36.912765635000028 ], [ -76.273988315999986, 36.912141500000075 ], [ -76.274135030999958, 36.911782186000039 ], [ -76.274299247999977, 36.911414040000068 ], [ -76.274512536999964, 36.910891806000052 ], [ -76.274678361999975, 36.91050382700007 ], [ -76.274843066999949, 36.910153984000033 ], [ -76.275141719999965, 36.910375687000055 ], [ -76.275357658999951, 36.910502544000053 ], [ -76.27564399399995, 36.910659219000024 ], [ -76.276141636999967, 36.910980659000074 ], [ -76.276408272999959, 36.911139821000063 ], [ -76.276829819999989, 36.91090782200007 ], [ -76.277235985999937, 36.910729483000068 ], [ -76.277666976999967, 36.910616005000065 ], [ -76.278194450999933, 36.910554430000047 ], [ -76.278771370999948, 36.910629726000025 ], [ -76.279169568999976, 36.910723105000045 ], [ -76.279175330999976, 36.910820672000057 ], [ -76.280560269999967, 36.910751662000052 ], [ -76.282532742999933, 36.910573222000039 ], [ -76.28376272099996, 36.910562967000033 ], [ -76.284916735999957, 36.910098207000033 ], [ -76.285941592999961, 36.909122101000037 ], [ -76.285966041999984, 36.908668828000032 ], [ -76.286343570999975, 36.908680183000058 ], [ -76.286703657999965, 36.908293967000077 ], [ -76.288125951999973, 36.907213974000058 ], [ -76.288173178999955, 36.907533313000044 ], [ -76.288249103999988, 36.908035006000034 ], [ -76.288844967999978, 36.908836085000075 ], [ -76.289277613999957, 36.910189744000036 ], [ -76.289452906999941, 36.910611536000033 ], [ -76.289449572999956, 36.910638629000061 ], [ -76.289413212999989, 36.910758644000055 ], [ -76.289426351999964, 36.910757978000049 ], [ -76.289427278999938, 36.910757931000035 ], [ -76.289427926999963, 36.910757867000029 ], [ -76.289400215999933, 36.910807353000052 ], [ -76.289514617999941, 36.911087588000044 ], [ -76.28982351999997, 36.911843608000027 ], [ -76.290053545999967, 36.912406592000025 ], [ -76.289711524999973, 36.912592669000048 ], [ -76.289550959999985, 36.913017865000029 ], [ -76.289358002999961, 36.913558118000026 ], [ -76.289207171999976, 36.914001183000039 ], [ -76.288923163999982, 36.914721409000038 ], [ -76.28862606499996, 36.915437241000063 ], [ -76.288443556999937, 36.915839234000032 ], [ -76.288314416999981, 36.916134588000034 ], [ -76.288184567999963, 36.91642356400007 ], [ -76.287675002999947, 36.917494176000048 ], [ -76.287443851999967, 36.917960366000045 ], [ -76.287466496999969, 36.917965386000049 ], [ -76.287724455999978, 36.919361263000042 ], [ -76.287737849999985, 36.919665586000065 ], [ -76.287484822999943, 36.919684672000074 ], [ -76.287156883999955, 36.919726197000045 ], [ -76.286836541999946, 36.919761902000062 ], [ -76.285347713999954, 36.919888879000041 ], [ -76.28472134499998, 36.91997843300004 ], [ -76.283396746999983, 36.920161115000042 ], [ -76.283009276999962, 36.920248135000065 ], [ -76.282915576999983, 36.920370974000036 ], [ -76.282853413999987, 36.920372494000048 ], [ -76.281169512999952, 36.920567284000072 ], [ -76.280633064999961, 36.92062870400008 ], [ -76.279634034999958, 36.920764855000073 ], [ -76.278966843999967, 36.92069947400006 ], [ -76.278256735999946, 36.920589747000065 ], [ -76.276848039999948, 36.919736842000077 ], [ -76.276427799999965, 36.919365350000078 ], [ -76.275927330999934, 36.919037299000024 ], [ -76.275499972999967, 36.918800228000066 ], [ -76.274380597999937, 36.918468258000075 ], [ -76.272228997999946, 36.917794081000068 ], [ -76.272471234999955, 36.916491760000042 ] ] ] ] } },
{ "type": "Feature", "properties": { "OBJECTID": 111, "UID": 111, "LEAGUE": "Waverly on Broad Creek", "PRES_ADDRE": "No information Available", "MTG_FREQUE": "No Information Available", "MTG_TIME": "unknown", "MTG_LOCATI": "No Information Available", "SHAPE_LENG": 2685.2237096700001, "NAME1": "Waverly on", "NAME2": "Broad Creek", "PRESIDENT": "Bruce Watts", "E_MAIL": "No information available", "created_user": null, "created_date": null, "last_edited_user": "WTILGHM", "last_edited_date": "2024-02-20T04:49:32Z", "Shape_Length": 0.01035778669539318, "Shape_Area": 4.9657925444859055e-06 }, "geometry": { "type": "MultiPolygon", "coordinates": [ [ [ [ -76.220251106999967, 36.845411800000079 ], [ -76.22048824899997, 36.845305402000065 ], [ -76.220742632999986, 36.845188010000072 ], [ -76.220955235999952, 36.84508437900007 ], [ -76.220957169999963, 36.845083437000028 ], [ -76.220970278999971, 36.845106656000041 ], [ -76.22098918599994, 36.845135595000045 ], [ -76.221149394999941, 36.845415643000024 ], [ -76.221489101999964, 36.845272721000072 ], [ -76.221606024999971, 36.845227418000036 ], [ -76.221616092999966, 36.845223741000041 ], [ -76.221636646999968, 36.845216233000031 ], [ -76.222055073999968, 36.845034512000041 ], [ -76.222070326999983, 36.845120155000075 ], [ -76.222121879999975, 36.845409591000077 ], [ -76.222270644999981, 36.845501788000036 ], [ -76.222296669999935, 36.845517917000052 ], [ -76.222337556999946, 36.845540989000028 ], [ -76.222909439999967, 36.845863687000076 ], [ -76.223317478999945, 36.846110089000035 ], [ -76.223451467999951, 36.846193773000039 ], [ -76.223735065999961, 36.84634666900007 ], [ -76.22396619899996, 36.846642573000054 ], [ -76.223865928999942, 36.846650281000052 ], [ -76.223019523999938, 36.846710893000079 ], [ -76.222896276999961, 36.846714766000048 ], [ -76.222718522999969, 36.846717660000024 ], [ -76.222566860999962, 36.846725591000052 ], [ -76.222615207, 36.846873221000067 ], [ -76.222639615999981, 36.846947756000077 ], [ -76.222607212999947, 36.84695606400004 ], [ -76.222604461999936, 36.84695707700007 ], [ -76.222574078999969, 36.846964872000058 ], [ -76.22256781699997, 36.846967179000046 ], [ -76.222519360999968, 36.84698817900005 ], [ -76.22248861099996, 36.847001506000026 ], [ -76.222451694999961, 36.847020844000042 ], [ -76.222428813999954, 36.847035016000063 ], [ -76.222309265999968, 36.847133589000066 ], [ -76.222162627999978, 36.847260349000067 ], [ -76.222047325999938, 36.847294237000028 ], [ -76.222023932999946, 36.847303861000057 ], [ -76.221927559999983, 36.847335397000052 ], [ -76.221854316999952, 36.847359365000045 ], [ -76.221755028999951, 36.84737490200007 ], [ -76.221745357999964, 36.847376415000042 ], [ -76.221591004999937, 36.847397507000039 ], [ -76.221469150999951, 36.847367788000042 ], [ -76.221467507999989, 36.847367339000073 ], [ -76.221398936999947, 36.847349345000055 ], [ -76.221349183999962, 36.847324642000046 ], [ -76.22124901799998, 36.847274910000067 ], [ -76.221215951999966, 36.847260728000037 ], [ -76.221158328999934, 36.847229884000058 ], [ -76.221095335999962, 36.847189621000041 ], [ -76.221037108999951, 36.847139564000031 ], [ -76.22101201199996, 36.847110285000042 ], [ -76.220939954999949, 36.847043649000057 ], [ -76.22091120999994, 36.847016175000078 ], [ -76.220879525999976, 36.846985895000046 ], [ -76.220809580999969, 36.846900400000038 ], [ -76.220694360999971, 36.846748193000053 ], [ -76.220558283999935, 36.846542464000038 ], [ -76.220516035999935, 36.846469525000032 ], [ -76.220373301999985, 36.84621399200006 ], [ -76.220337886999971, 36.846141185000079 ], [ -76.220121611999957, 36.845716632000062 ], [ -76.220044977999976, 36.845553280000047 ], [ -76.220029343999954, 36.845517979000078 ], [ -76.220251106999967, 36.845411800000079 ] ] ] ] } },
{ "type": "Feature", "properties": { "OBJECTID": 112, "UID": 112, "LEAGUE": "West Ghent", "PRES_ADDRE": "PO Box 11526", "MTG_FREQUE": null, "MTG_TIME": null, "MTG_LOCATI": null, "SHAPE_LENG": 11825.980657399999, "NAME1": "West", "NAME2": "Ghent", "PRESIDENT": null, "E_MAIL": "wgclfeedback@gmail.com\r\n", "created_user": null, "created_date": null, "last_edited_user": "RFRASHE", "last_edited_date": "2024-05-21T14:04:18Z", "Shape_Length": 0.036676908699060783, "Shape_Area": 7.6380199352498522e-05 }, "geometry": { "type": "MultiPolygon", "coordinates": [ [ [ [ -76.301675227999965, 36.873649907000072 ], [ -76.301493262999941, 36.872520707000035 ], [ -76.301337057999945, 36.871775310000032 ], [ -76.301190063999968, 36.871121398000071 ], [ -76.301045205999969, 36.870456540000077 ], [ -76.300890056999947, 36.869792929000027 ], [ -76.30074080299994, 36.869106767000062 ], [ -76.300580883999942, 36.868427199000052 ], [ -76.300426042999959, 36.86775325800005 ], [ -76.300375836999933, 36.867518130000065 ], [ -76.30037185499998, 36.867499486000042 ], [ -76.300371263999978, 36.867487299000061 ], [ -76.300363472999948, 36.867434766000031 ], [ -76.30035901499997, 36.867234813000039 ], [ -76.300377363999985, 36.867073749000042 ], [ -76.300428711999984, 36.866840504000038 ], [ -76.300635577999969, 36.86642333900005 ], [ -76.301032211999939, 36.865833900000041 ], [ -76.301337921999959, 36.865408132000027 ], [ -76.301594310999974, 36.865079969000078 ], [ -76.302013944999942, 36.864596135000056 ], [ -76.302191064999988, 36.864427649000049 ], [ -76.302318161999949, 36.86431576800004 ], [ -76.302523586999939, 36.864202100000057 ], [ -76.30267205399997, 36.864149884000028 ], [ -76.30292936099994, 36.86407396900006 ], [ -76.30305720299998, 36.864036250000026 ], [ -76.303585414999986, 36.864159799000049 ], [ -76.304288767999935, 36.864430513000059 ], [ -76.304535750999946, 36.86452098400008 ], [ -76.30478521799995, 36.864525646000061 ], [ -76.305249043999936, 36.864448459000073 ], [ -76.306078181999965, 36.86403535900007 ], [ -76.307373699999971, 36.865751171000056 ], [ -76.306878802999961, 36.866431496000075 ], [ -76.306863156999952, 36.866449832000058 ], [ -76.308771741999976, 36.867315489000077 ], [ -76.308864114999949, 36.867373193000049 ], [ -76.309235563999948, 36.868008577000069 ], [ -76.309465993999936, 36.86843596600005 ], [ -76.309941012999957, 36.869392659000027 ], [ -76.31138262199994, 36.872143221000044 ], [ -76.311392961999957, 36.872162949000028 ], [ -76.311485001999984, 36.872302201000025 ], [ -76.310981012999946, 36.872485984000036 ], [ -76.310957626999937, 36.87246428900005 ], [ -76.310667961999968, 36.872569304000024 ], [ -76.310779587999946, 36.872784568000043 ], [ -76.309982874999946, 36.873116655000047 ], [ -76.309910294999952, 36.873160855000037 ], [ -76.309431195999935, 36.872970704000068 ], [ -76.30918451499997, 36.872935636000079 ], [ -76.309100989999934, 36.87290452700006 ], [ -76.308994739999946, 36.872863083000027 ], [ -76.308917959999974, 36.872865065000042 ], [ -76.308158982999942, 36.872897608000073 ], [ -76.308111698999937, 36.872912520000057 ], [ -76.307930125999974, 36.872976179000034 ], [ -76.307219138999983, 36.873005315000057 ], [ -76.307183676999955, 36.873009448000062 ], [ -76.307100055999967, 36.873011679000058 ], [ -76.307048892999944, 36.873014411000042 ], [ -76.306910809999977, 36.873009467000031 ], [ -76.306785088999959, 36.873000047000062 ], [ -76.306747327999972, 36.872993303000044 ], [ -76.306677770999954, 36.872980879000067 ], [ -76.306591786999945, 36.872965523000062 ], [ -76.306520255999942, 36.872953614000039 ], [ -76.306309948999967, 36.872907377000047 ], [ -76.306289610999954, 36.872978601000057 ], [ -76.306081995999989, 36.873604256000078 ], [ -76.305960189999951, 36.873948572000074 ], [ -76.305774902999985, 36.874515461000044 ], [ -76.305666550999945, 36.874598806000051 ], [ -76.305410951999988, 36.874724123000078 ], [ -76.303970480999965, 36.874311870000042 ], [ -76.30340145699995, 36.874132986000063 ], [ -76.302617325999961, 36.873917513000038 ], [ -76.301675227999965, 36.873649907000072 ] ] ] ] } },
{ "type": "Feature", "properties": { "OBJECTID": 113, "UID": 113, "LEAGUE": "Willoughby", "PRES_ADDRE": "1216 W Ocean View Avenue", "MTG_FREQUE": "2nd Thursday", "MTG_TIME": "7:00 pm", "MTG_LOCATI": "Mary D. Pretlow Anchor Branch Library, 111 W Ocean View Avenue", "SHAPE_LENG": 33867.3936952, "NAME1": "Willoughby", "NAME2": "", "PRESIDENT": "Rusty West", "E_MAIL": "sail2win2004@hotmail.com\r\n", "created_user": null, "created_date": null, "last_edited_user": "WTILGHM", "last_edited_date": "2024-02-15T22:39:24Z", "Shape_Length": 0.11206278005804293, "Shape_Area": 0.00013776806148602685 }, "geometry": { "type": "MultiPolygon", "coordinates": [ [ [ [ -76.296261439999967, 36.968937305000054 ], [ -76.296253146999959, 36.968936337000059 ], [ -76.29624836499994, 36.968936418000055 ], [ -76.296160795999981, 36.96893048700008 ], [ -76.296139583999945, 36.968925181000031 ], [ -76.296121062999987, 36.96892267700008 ], [ -76.296097791999955, 36.968921370000032 ], [ -76.296060288999968, 36.968920246000039 ], [ -76.296038213999964, 36.968920213000047 ], [ -76.296016323999936, 36.968920703000038 ], [ -76.295940280999957, 36.968915552000055 ], [ -76.29593843899994, 36.968915295000045 ], [ -76.295923713999969, 36.96891443100003 ], [ -76.295904157999985, 36.968914726000037 ], [ -76.295855892999953, 36.968916655000044 ], [ -76.295802423999987, 36.968916725000042 ], [ -76.295768108999937, 36.968917651000027 ], [ -76.295732531999988, 36.96892009700008 ], [ -76.295711027999971, 36.968922256000042 ], [ -76.295689609999954, 36.96892534300008 ], [ -76.295670249999944, 36.96892955800007 ], [ -76.295653887999947, 36.968934538000042 ], [ -76.295644874999937, 36.968937846000074 ], [ -76.295516826999972, 36.968973634000065 ], [ -76.295502977999945, 36.968976742000052 ], [ -76.295486860999972, 36.968981289000055 ], [ -76.295477463999987, 36.968984637000062 ], [ -76.295457393999982, 36.968993033000061 ], [ -76.29541102099995, 36.969014130000062 ], [ -76.295387497999968, 36.969025764000037 ], [ -76.295371760999956, 36.969035173000066 ], [ -76.295346602999984, 36.969052726000029 ], [ -76.295305462999977, 36.969083399000056 ], [ -76.295283562999941, 36.969101095000042 ], [ -76.295273083999973, 36.969110740000076 ], [ -76.295261088999951, 36.969123789000037 ], [ -76.295250021999948, 36.969139127000062 ], [ -76.295240793999938, 36.969155450000073 ], [ -76.295235334999973, 36.969168233000062 ], [ -76.295221516999959, 36.969210660000044 ], [ -76.295213586999978, 36.969238989000075 ], [ -76.295212592999974, 36.969242540000039 ], [ -76.295210805999943, 36.969248923000066 ], [ -76.29521052399997, 36.96925550800006 ], [ -76.295212217999961, 36.969271050000032 ], [ -76.295214957999974, 36.969293628000059 ], [ -76.295218272999989, 36.969315307000045 ], [ -76.295220599999936, 36.969322055000077 ], [ -76.295225150999954, 36.96932865000008 ], [ -76.295234401999949, 36.969337383000038 ], [ -76.295244398999955, 36.96934471600008 ], [ -76.295255759999975, 36.969351188000076 ], [ -76.295267690999935, 36.969356392000066 ], [ -76.295278276999966, 36.969359853000071 ], [ -76.295290240999975, 36.969362596000053 ], [ -76.29530135899995, 36.969364349000045 ], [ -76.295315424999956, 36.969365659000061 ], [ -76.295330303999947, 36.969365998000058 ], [ -76.295346493999944, 36.969365271000072 ], [ -76.295357883999941, 36.969364066000026 ], [ -76.29536578699998, 36.969362690000025 ], [ -76.295375029999946, 36.969360316000063 ], [ -76.295389760999967, 36.969355258000064 ], [ -76.295393457999978, 36.969354602000067 ], [ -76.295400334999954, 36.969354069000076 ], [ -76.295480234999957, 36.969365867000079 ], [ -76.295483613999977, 36.969371349000028 ], [ -76.295490061999942, 36.969381811000062 ], [ -76.295477282999968, 36.969431538000038 ], [ -76.295437052999944, 36.969441674000052 ], [ -76.295430064999948, 36.969440322000025 ], [ -76.295416943999953, 36.969436667000025 ], [ -76.29540699599994, 36.969435519000058 ], [ -76.295381330999987, 36.969435559000033 ], [ -76.295348851999961, 36.969437769000024 ], [ -76.295329457999969, 36.969438093000065 ], [ -76.295311053999967, 36.969437224000046 ], [ -76.295276521999938, 36.969434752000041 ], [ -76.295260691999943, 36.969434705000026 ], [ -76.295241101999977, 36.969435711000074 ], [ -76.295234535999953, 36.969435813000075 ], [ -76.295214749999957, 36.969435241000042 ], [ -76.295212315999947, 36.969435171000043 ], [ -76.295184085999949, 36.969432801000039 ], [ -76.29513105999996, 36.96943281800003 ], [ -76.295090838999954, 36.969431654000061 ], [ -76.29470465199995, 36.969444618000068 ], [ -76.294696563999935, 36.969435829000076 ], [ -76.294671704999985, 36.969408814000076 ], [ -76.294690274999937, 36.969376358000034 ], [ -76.294697655999983, 36.969363457000043 ], [ -76.294763853999939, 36.96936523200003 ], [ -76.294835316, 36.969367147000071 ], [ -76.294841106999968, 36.969366557000058 ], [ -76.294846650999943, 36.969365092000032 ], [ -76.29485174399997, 36.96936280400007 ], [ -76.29485619899998, 36.969359780000048 ], [ -76.294860141999948, 36.96935577000005 ], [ -76.294862768999963, 36.969351589000041 ], [ -76.294864444999973, 36.969346661000031 ], [ -76.294864602999951, 36.969339669000078 ], [ -76.294866200999934, 36.96932793700006 ], [ -76.294867032999946, 36.969316154000069 ], [ -76.294867095999962, 36.969304352000051 ], [ -76.294866968999941, 36.969302241000037 ], [ -76.294866387999946, 36.969292565000046 ], [ -76.29486491199998, 36.96928082200003 ], [ -76.294862849999959, 36.969270670000071 ], [ -76.294861757999968, 36.969265295000071 ], [ -76.294854019999946, 36.969240555000056 ], [ -76.294849701999965, 36.969230155000048 ], [ -76.294842985999935, 36.969218560000058 ], [ -76.294834561999949, 36.969207707000066 ], [ -76.294826070999989, 36.969199119000052 ], [ -76.294819809999979, 36.969193810000036 ], [ -76.294812546999935, 36.969188486000064 ], [ -76.294784879999952, 36.969170015000032 ], [ -76.294752288999973, 36.969149081000069 ], [ -76.294735186999958, 36.969138891000057 ], [ -76.294692759999975, 36.969116603000032 ], [ -76.29465018999997, 36.969095315000061 ], [ -76.294623804999958, 36.96908331700007 ], [ -76.294596989999945, 36.969073115000072 ], [ -76.294528678999939, 36.96905229500004 ], [ -76.294430291999959, 36.969024792000027 ], [ -76.294397419999939, 36.969016875000079 ], [ -76.294364224999981, 36.96900988200008 ], [ -76.294327162999934, 36.96900323400007 ], [ -76.294299535999983, 36.968999724000071 ], [ -76.294271631999948, 36.968998161000059 ], [ -76.294247558999984, 36.968998469000041 ], [ -76.294235279999953, 36.968999531000065 ], [ -76.294220111999948, 36.969001820000074 ], [ -76.294205249999948, 36.969005161000041 ], [ -76.294191745999967, 36.969009210000024 ], [ -76.294170516999941, 36.969016909000061 ], [ -76.294149818999983, 36.969025489000046 ], [ -76.294129708999947, 36.969034926000063 ], [ -76.294110242999977, 36.969045196000025 ], [ -76.29408286599994, 36.969061424000074 ], [ -76.29404918299997, 36.969082874000037 ], [ -76.294005390999985, 36.969113232000041 ], [ -76.293986007999933, 36.969127995000065 ], [ -76.293967279999947, 36.96914329100008 ], [ -76.293954275999965, 36.969154569000068 ], [ -76.293925452999986, 36.969181118000051 ], [ -76.293911477999984, 36.969194691000041 ], [ -76.293889367999952, 36.969217469000057 ], [ -76.293879755999967, 36.969229892000044 ], [ -76.293871656999954, 36.969243027000061 ], [ -76.293863196999951, 36.96925944000003 ], [ -76.293850675999977, 36.969289038000056 ], [ -76.293831262999959, 36.969340295000052 ], [ -76.293824150999967, 36.969363496000028 ], [ -76.293816435999986, 36.969397793000041 ], [ -76.293816083999957, 36.96939893800004 ], [ -76.293808325999976, 36.969420706000051 ], [ -76.293798374999938, 36.969431848000056 ], [ -76.293781640999953, 36.969450585000061 ], [ -76.29368541599996, 36.96947453100006 ], [ -76.293432607999989, 36.969471287000033 ], [ -76.29322960099995, 36.969459889000063 ], [ -76.293220156999951, 36.969459358000051 ], [ -76.292801442999973, 36.969355804000031 ], [ -76.292694219999987, 36.96932860000004 ], [ -76.292604668999957, 36.969307137000044 ], [ -76.292514684999958, 36.969286871000065 ], [ -76.29239612799995, 36.969261664000044 ], [ -76.292253804999973, 36.969233245000055 ], [ -76.292230332999964, 36.96922915500005 ], [ -76.292183141999942, 36.969221963000052 ], [ -76.292144048999944, 36.969217219000029 ], [ -76.292030479999937, 36.969200636000039 ], [ -76.291934255999934, 36.969177315000024 ], [ -76.291823102999956, 36.969146919000025 ], [ -76.29173329799994, 36.969123693000029 ], [ -76.291674770999975, 36.96910949200003 ], [ -76.291615945999979, 36.969096113000035 ], [ -76.291508414999953, 36.969073863000062 ], [ -76.291484010999966, 36.969068194000045 ], [ -76.291144459999941, 36.968942675000051 ], [ -76.291005242999972, 36.968891211000027 ], [ -76.290928668999982, 36.96886173300004 ], [ -76.290885109999977, 36.968845897000051 ], [ -76.290862410999978, 36.968838411000036 ], [ -76.290842242999986, 36.968832668000061 ], [ -76.290714510999976, 36.968799387000047 ], [ -76.290586436999945, 36.968766967000079 ], [ -76.290479606999952, 36.968740873000058 ], [ -76.29030165599994, 36.968699258000072 ], [ -76.29025057399997, 36.968688951000047 ], [ -76.290189748999978, 36.96867863600005 ], [ -76.290175413999975, 36.968677476000039 ], [ -76.290162470999974, 36.968678156000067 ], [ -76.29014555699996, 36.968681192000076 ], [ -76.290130925999961, 36.968684848000066 ], [ -76.290066816999968, 36.968704452000054 ], [ -76.290026075999947, 36.968715818000078 ], [ -76.289985078999962, 36.968726349000065 ], [ -76.289927354999975, 36.968740137000054 ], [ -76.289925602999972, 36.968777233000026 ], [ -76.289923786999964, 36.968815932000041 ], [ -76.289872639999942, 36.968790996000052 ], [ -76.289790554999968, 36.968752211000037 ], [ -76.289678067999944, 36.968702664000034 ], [ -76.289596350999943, 36.968667194000034 ], [ -76.289579383999978, 36.968660458000045 ], [ -76.289557110999965, 36.968652932000055 ], [ -76.289526708999972, 36.968644371000039 ], [ -76.289472635999971, 36.968632110000044 ], [ -76.289428057999942, 36.968622806000042 ], [ -76.289363024999943, 36.968610421000051 ], [ -76.28927437599998, 36.968594702000075 ], [ -76.289145291999944, 36.968572757000061 ], [ -76.289047656999969, 36.968558245000054 ], [ -76.288826143999984, 36.968527227000038 ], [ -76.288720701999978, 36.968513515000041 ], [ -76.288671364999971, 36.968507779000049 ], [ -76.288614328999984, 36.968501838000066 ], [ -76.288591358999952, 36.968501116000027 ], [ -76.288576047999982, 36.968501708000076 ], [ -76.288564617999953, 36.968502715000056 ], [ -76.288553269999966, 36.968504199000051 ], [ -76.288538319999986, 36.968506916000024 ], [ -76.288526546999947, 36.968509694000034 ], [ -76.288513353999974, 36.968513699000027 ], [ -76.288500645999989, 36.968518613000072 ], [ -76.288490893999949, 36.968523171000072 ], [ -76.28847929899996, 36.968529620000027 ], [ -76.288470554999947, 36.968535347000056 ], [ -76.288461161999976, 36.968542505000073 ], [ -76.288447098999939, 36.968554319000077 ], [ -76.288433294999948, 36.968566330000044 ], [ -76.288406288999965, 36.96859113000005 ], [ -76.288379907999968, 36.96861743200003 ], [ -76.288371504999986, 36.968626335000067 ], [ -76.28819718699998, 36.968786463000072 ], [ -76.288194281999949, 36.968785479000076 ], [ -76.28819008499994, 36.968782770000075 ], [ -76.288186232999976, 36.968780965000064 ], [ -76.288182049999989, 36.968779723000068 ], [ -76.288177660999963, 36.968779084000062 ], [ -76.288170782999941, 36.968779316000052 ], [ -76.28816341199996, 36.968781164000063 ], [ -76.288156493999963, 36.968784748000076 ], [ -76.288151075999963, 36.968789723000043 ], [ -76.288121937999961, 36.968816066000045 ], [ -76.288091807999933, 36.968811383000059 ], [ -76.288074778999942, 36.968808736000028 ], [ -76.287938539999971, 36.968749953000042 ], [ -76.287856474999955, 36.968715207000059 ], [ -76.287774243999934, 36.968680710000058 ], [ -76.287753957999939, 36.968673023000065 ], [ -76.287744078999935, 36.968670133000046 ], [ -76.287734774999933, 36.968668100000059 ], [ -76.287661675999971, 36.968655043000069 ], [ -76.287588362999941, 36.968642791000036 ], [ -76.287505204999945, 36.968629666000027 ], [ -76.287421910999967, 36.968617111000071 ], [ -76.287349768999945, 36.968606787000056 ], [ -76.287251836999985, 36.968593861000045 ], [ -76.287226094999937, 36.968591045000039 ], [ -76.28718078299994, 36.96858697600004 ], [ -76.287081236999938, 36.968579918000046 ], [ -76.286981562999983, 36.968574137000076 ], [ -76.286947484999985, 36.968572859000062 ], [ -76.286913371999958, 36.968572537000057 ], [ -76.286879266999961, 36.96857317000007 ], [ -76.286855775999982, 36.968574180000076 ], [ -76.286842629999967, 36.968575383000029 ], [ -76.28682962299996, 36.968577320000065 ], [ -76.286819992999938, 36.968579247000037 ], [ -76.286810504999949, 36.968581577000066 ], [ -76.286798676999979, 36.968585143000041 ], [ -76.286781676999965, 36.968591905000039 ], [ -76.286772465999945, 36.968596500000046 ], [ -76.286763724999958, 36.968601570000033 ], [ -76.286752829999955, 36.968608737000068 ], [ -76.28674241799996, 36.968616351000037 ], [ -76.286732516999962, 36.968624394000074 ], [ -76.286723153999958, 36.968632840000055 ], [ -76.286703099999954, 36.968653195000059 ], [ -76.286661893999963, 36.968697949000045 ], [ -76.28663150899996, 36.968732288000069 ], [ -76.286616047999985, 36.968751602000054 ], [ -76.286597433999987, 36.968778314000076 ], [ -76.286585201999969, 36.968798857000024 ], [ -76.286572228999944, 36.968815927000037 ], [ -76.286524598999961, 36.968834633000029 ], [ -76.286476968999978, 36.968853338000031 ], [ -76.286471433999964, 36.968970870000078 ], [ -76.286447598999985, 36.968975162000049 ], [ -76.286435603999962, 36.968977322000057 ], [ -76.286254484999972, 36.968913323000038 ], [ -76.286096157999964, 36.968857377000063 ], [ -76.286069672999986, 36.968847563000054 ], [ -76.286036699999954, 36.968836367000051 ], [ -76.286036639999963, 36.968836347000035 ], [ -76.286003158999961, 36.968826067000066 ], [ -76.285959528999967, 36.968814249000047 ], [ -76.285917731999973, 36.968804397000042 ], [ -76.285875534999946, 36.968795723000028 ], [ -76.285833861999947, 36.968788376000077 ], [ -76.285779467999987, 36.96878035800006 ], [ -76.285741187999974, 36.968775651000044 ], [ -76.285708756999952, 36.968772220000062 ], [ -76.285639575999937, 36.968766437000056 ], [ -76.285617351999974, 36.968765070000075 ], [ -76.285572828999989, 36.968763270000068 ], [ -76.285521832999962, 36.968762851000065 ], [ -76.28529253399995, 36.968741540000053 ], [ -76.285283861999972, 36.968740363000052 ], [ -76.285261823999974, 36.968738005000034 ], [ -76.285228294999968, 36.968735570000035 ], [ -76.285171069999933, 36.968733676000056 ], [ -76.28513402699997, 36.968733397000051 ], [ -76.285119966999957, 36.968733745000065 ], [ -76.285099804999959, 36.968734933000064 ], [ -76.285092351999936, 36.968736220000039 ], [ -76.285084740999935, 36.968739146000075 ], [ -76.285077815999955, 36.968743577000055 ], [ -76.28506761899996, 36.968753074000062 ], [ -76.285055534999969, 36.968765575000077 ], [ -76.285002571999939, 36.968828271000064 ], [ -76.284869884999978, 36.968977623000058 ], [ -76.284794275999957, 36.969022481000025 ], [ -76.284744020999938, 36.969022813000038 ], [ -76.284744021999984, 36.969025415000033 ], [ -76.284744090999936, 36.96913657500005 ], [ -76.284700633999989, 36.96913354600008 ], [ -76.284651448999966, 36.96911072100005 ], [ -76.284614015999978, 36.96909448200006 ], [ -76.284571799999981, 36.969077859000038 ], [ -76.284535123999945, 36.969078947000071 ], [ -76.284522338999977, 36.969082883000056 ], [ -76.284463550999988, 36.969088855000052 ], [ -76.284204553999984, 36.969005474000028 ], [ -76.284132128999943, 36.96898879400004 ], [ -76.284056955999972, 36.968967217000056 ], [ -76.283983834999958, 36.96895463900006 ], [ -76.283901748999938, 36.968935732000034 ], [ -76.283849335999946, 36.968922097000075 ], [ -76.283797543999981, 36.968905257000074 ], [ -76.283712066999954, 36.968892044000029 ], [ -76.283588501999986, 36.96888761200006 ], [ -76.283494060999942, 36.968884224000078 ], [ -76.283484335999958, 36.968883007000045 ], [ -76.283417963999966, 36.968881495000062 ], [ -76.283390437999969, 36.96888602100006 ], [ -76.283344584999952, 36.968893570000034 ], [ -76.283280375999936, 36.968935331000068 ], [ -76.283190735999938, 36.968993635000061 ], [ -76.283087516999956, 36.968997448000039 ], [ -76.283080333999976, 36.968997713000078 ], [ -76.283079334999968, 36.969006318000027 ], [ -76.283076391999941, 36.969031693000034 ], [ -76.282974468999953, 36.96902771200007 ], [ -76.28293369499994, 36.969009756000048 ], [ -76.28291158199994, 36.969000796000046 ], [ -76.282839855999953, 36.968970096000078 ], [ -76.28277514499996, 36.96894240000006 ], [ -76.282718845999966, 36.968927103000055 ], [ -76.282679401999985, 36.968921661000024 ], [ -76.282593683999949, 36.968903093000051 ], [ -76.282557160999943, 36.968888965000076 ], [ -76.282512720999989, 36.968871773000046 ], [ -76.282485639999948, 36.968859967000071 ], [ -76.282433630999947, 36.968839549000052 ], [ -76.282377842999949, 36.968819594000024 ], [ -76.282321405999937, 36.968804843000044 ], [ -76.282208541999978, 36.96877534500004 ], [ -76.282056005999948, 36.96875338600006 ], [ -76.282031787999983, 36.968748235000078 ], [ -76.281915908999963, 36.968732954000075 ], [ -76.281832114999986, 36.968721155000026 ], [ -76.281684009999935, 36.968716690000065 ], [ -76.281681926999966, 36.968716628000038 ], [ -76.281587464999973, 36.968725188000064 ], [ -76.281523535999952, 36.96873252000006 ], [ -76.281496196999967, 36.968740913000033 ], [ -76.281476986999962, 36.968746813000052 ], [ -76.28146189499995, 36.968751448000035 ], [ -76.281414181999935, 36.968803113000035 ], [ -76.281375929999967, 36.968848675000061 ], [ -76.281294856999978, 36.968875400000059 ], [ -76.281284983999967, 36.968931773000065 ], [ -76.281217668999943, 36.968918149000046 ], [ -76.281200682999952, 36.968911019000075 ], [ -76.28118795599994, 36.968905678000056 ], [ -76.281187360999979, 36.968894104000071 ], [ -76.281140095999945, 36.968884782000032 ], [ -76.281099033999965, 36.968868358000066 ], [ -76.280965721999962, 36.968812405000051 ], [ -76.280956881999941, 36.968808068000044 ], [ -76.280900149999979, 36.968776002000027 ], [ -76.280843135999987, 36.968751896000072 ], [ -76.280778135999981, 36.968730906000076 ], [ -76.28072270499996, 36.968710408000049 ], [ -76.280653570999959, 36.968690148000064 ], [ -76.280542546999982, 36.968663437000032 ], [ -76.280538620999948, 36.968662523000035 ], [ -76.280405465999934, 36.968627886000036 ], [ -76.280343303999985, 36.968607822000024 ], [ -76.280299647999982, 36.968589756000029 ], [ -76.280242642999951, 36.968575332000057 ], [ -76.280195784999989, 36.968560206000063 ], [ -76.280169198999943, 36.968550786000037 ], [ -76.280101139999942, 36.968529176000061 ], [ -76.280067363999933, 36.968516041000044 ], [ -76.280000446999964, 36.968491160000042 ], [ -76.279904430999977, 36.968466164000063 ], [ -76.279832382999984, 36.968450782000048 ], [ -76.279775413999971, 36.96845442700004 ], [ -76.279735678999941, 36.968464511000036 ], [ -76.279694409999934, 36.968479230000071 ], [ -76.279682261999938, 36.96847622100006 ], [ -76.279671920999988, 36.968473660000029 ], [ -76.279651641999976, 36.968468637000058 ], [ -76.279541261999952, 36.968433422000032 ], [ -76.279454195999961, 36.968378132000055 ], [ -76.279357852999965, 36.968333347000055 ], [ -76.279197185999976, 36.968277475000036 ], [ -76.279023622999944, 36.968231761000027 ], [ -76.278923713999973, 36.968205447000059 ], [ -76.278890630999967, 36.968193272000065 ], [ -76.27879857399995, 36.968172487000061 ], [ -76.278759675999936, 36.968149344000039 ], [ -76.278691993999985, 36.968117026000073 ], [ -76.278599958999962, 36.968095692000077 ], [ -76.278542459999983, 36.968085313000074 ], [ -76.278479054999934, 36.968077270000038 ], [ -76.278406668999935, 36.968071495000061 ], [ -76.278330998999934, 36.968071416000043 ], [ -76.278273764999938, 36.968072857000038 ], [ -76.278212004999943, 36.968076393000047 ], [ -76.278166424999938, 36.968087165000043 ], [ -76.278118547999952, 36.96810475500007 ], [ -76.278067816999965, 36.96812557800007 ], [ -76.27801894299995, 36.968142320000027 ], [ -76.277959307999936, 36.968172830000071 ], [ -76.277880232999962, 36.96822048000007 ], [ -76.277855346999957, 36.968236672000046 ], [ -76.277852405999965, 36.968251990000056 ], [ -76.277770554999961, 36.968213856000034 ], [ -76.277749785999958, 36.968181507000054 ], [ -76.277744371999972, 36.968181202000039 ], [ -76.277675955999939, 36.968177342000047 ], [ -76.277619378999987, 36.968151054000032 ], [ -76.277571965999982, 36.968126617000053 ], [ -76.277517802999967, 36.968106532000036 ], [ -76.277446402999942, 36.968074565000052 ], [ -76.277394661999949, 36.96804755900007 ], [ -76.277326758999948, 36.968020999000032 ], [ -76.277232727999944, 36.967988908000052 ], [ -76.277174171999945, 36.96796971200007 ], [ -76.277076804999979, 36.96793451700006 ], [ -76.277004309999938, 36.967912529000046 ], [ -76.276954806999981, 36.967898760000026 ], [ -76.276836916999969, 36.967852296000046 ], [ -76.276803613999959, 36.967836508000062 ], [ -76.276748603999977, 36.967817490000073 ], [ -76.27666101799997, 36.96778297000003 ], [ -76.276581560999944, 36.967764119000037 ], [ -76.276503220999984, 36.967752438000048 ], [ -76.276434324999968, 36.967744819000075 ], [ -76.276305522999962, 36.967727039000067 ], [ -76.276236581999967, 36.967740025000069 ], [ -76.276234299999942, 36.967740706000029 ], [ -76.276181410999982, 36.96775085400003 ], [ -76.276169057999937, 36.967780520000076 ], [ -76.276017054999954, 36.967721819000076 ], [ -76.275889366999934, 36.967645951000065 ], [ -76.275836544999947, 36.967607792000024 ], [ -76.275785437999957, 36.967581347000078 ], [ -76.275732354999946, 36.967552660000024 ], [ -76.275587050999945, 36.967498233000072 ], [ -76.275543833999961, 36.967490650000059 ], [ -76.275538262999987, 36.967488955000078 ], [ -76.275405734999936, 36.967445456000064 ], [ -76.275379008999948, 36.967431343000044 ], [ -76.275371244999974, 36.967427243000031 ], [ -76.275297508999984, 36.967388306000032 ], [ -76.275071457999957, 36.96733153100007 ], [ -76.275036601999943, 36.967320521000033 ], [ -76.274971360999984, 36.967306391000079 ], [ -76.274922183999934, 36.967301889000055 ], [ -76.274855313999979, 36.967295770000078 ], [ -76.274783530999969, 36.967292480000026 ], [ -76.274673599999971, 36.967292989000043 ], [ -76.274651265999978, 36.967324075000079 ], [ -76.274640352999938, 36.967327114000057 ], [ -76.274611148999952, 36.967335246000061 ], [ -76.27424204099998, 36.967178269000044 ], [ -76.273866322999936, 36.967018481000025 ], [ -76.273487166999985, 36.96687290300008 ], [ -76.273114825999983, 36.966797043000042 ], [ -76.273004121999975, 36.96684145200004 ], [ -76.272592442999951, 36.966649884000049 ], [ -76.272402525999951, 36.966555461000041 ], [ -76.271999164999954, 36.966373811000039 ], [ -76.271760152999946, 36.966302632000065 ], [ -76.271713978999969, 36.966288881000025 ], [ -76.271491814999933, 36.966222720000076 ], [ -76.271405367999989, 36.966290988000026 ], [ -76.271313891999966, 36.966363229000024 ], [ -76.27123525199994, 36.96640876500004 ], [ -76.271209388999978, 36.966423734000045 ], [ -76.271074563999946, 36.966327082000078 ], [ -76.270740700999966, 36.966103524000061 ], [ -76.270399102999988, 36.965919065000037 ], [ -76.270344088999934, 36.965895211000031 ], [ -76.270101179999983, 36.965789880000045 ], [ -76.269835711999974, 36.96585886400004 ], [ -76.269672505999949, 36.965760921000026 ], [ -76.268795402999956, 36.96524021700003 ], [ -76.268014769999979, 36.964961111000036 ], [ -76.267957089999982, 36.96505828200003 ], [ -76.267957037999963, 36.965058247000059 ], [ -76.267956980999941, 36.965058208000073 ], [ -76.267410785999971, 36.964684100000056 ], [ -76.26694516699996, 36.96437329500003 ], [ -76.266735503999939, 36.964281192000044 ], [ -76.266511019999939, 36.964182579000067 ], [ -76.266480605999959, 36.964219919000072 ], [ -76.266431209999951, 36.964280564000035 ], [ -76.266428151999946, 36.964284319000058 ], [ -76.265915843999949, 36.963891223000076 ], [ -76.265878470999951, 36.963864589000025 ], [ -76.265730423999969, 36.96375908400006 ], [ -76.265404777999947, 36.963527014000078 ], [ -76.265363800999978, 36.963510016000043 ], [ -76.265261068999962, 36.96346740000007 ], [ -76.26520973199996, 36.96344610500006 ], [ -76.265164469999945, 36.963490341000067 ], [ -76.26513420699996, 36.963519919000078 ], [ -76.265116177999971, 36.963537539000072 ], [ -76.265099212999985, 36.963508416000025 ], [ -76.265065051999954, 36.963449774000026 ], [ -76.264906916999962, 36.963355797000077 ], [ -76.264765544999989, 36.963271780000071 ], [ -76.264753643999939, 36.963264708000054 ], [ -76.264495114999988, 36.963042260000066 ], [ -76.264464440999973, 36.963020692000043 ], [ -76.264396716999954, 36.96299235400005 ], [ -76.264275106999946, 36.962902404000033 ], [ -76.26421430299996, 36.962857430000042 ], [ -76.264051569999936, 36.962756205000062 ], [ -76.263931475999982, 36.962681505000035 ], [ -76.263697511999965, 36.962564794000059 ], [ -76.263659592999943, 36.962549949000049 ], [ -76.263610227999948, 36.962598168000056 ], [ -76.263507969999978, 36.962514127000077 ], [ -76.263404094999942, 36.962431364000054 ], [ -76.263362840999946, 36.962399560000051 ], [ -76.263320900999986, 36.962368338000033 ], [ -76.263277650999953, 36.962337258000048 ], [ -76.263001105999933, 36.962143074000039 ], [ -76.262942770999985, 36.962105662000056 ], [ -76.262900188999936, 36.962079623000079 ], [ -76.262844292999944, 36.962046842000063 ], [ -76.262774090999983, 36.962007374000052 ], [ -76.262659834999965, 36.961946195000053 ], [ -76.262630147999971, 36.961931065000044 ], [ -76.262502974999961, 36.961869891000049 ], [ -76.262405498999954, 36.961823852000066 ], [ -76.262384783999948, 36.961814515000071 ], [ -76.26235212499995, 36.961801282000067 ], [ -76.262297772999943, 36.96178117900007 ], [ -76.262228535999952, 36.961756888000025 ], [ -76.262219406999975, 36.961765937000052 ], [ -76.262217418999967, 36.96176790800007 ], [ -76.262210253999967, 36.961775016000047 ], [ -76.262117291999971, 36.961708170000065 ], [ -76.262086895999971, 36.961687599000072 ], [ -76.261799578999955, 36.961502519000078 ], [ -76.261596236999935, 36.961374513000067 ], [ -76.261440904999972, 36.961278114000038 ], [ -76.261366691999967, 36.961233354000058 ], [ -76.261250463999943, 36.961164911000026 ], [ -76.261100189999979, 36.961077431000035 ], [ -76.26106342199995, 36.961057181000058 ], [ -76.260959678999939, 36.961001565000061 ], [ -76.260850818999984, 36.960944053000048 ], [ -76.260831565999979, 36.960935058000075 ], [ -76.260808683999983, 36.960926131000065 ], [ -76.260740578999958, 36.960903337000047 ], [ -76.260681443999943, 36.960885326000039 ], [ -76.26063964399998, 36.960927320000053 ], [ -76.260629634999987, 36.960937369000078 ], [ -76.260482669999988, 36.960837427000058 ], [ -76.260226518999957, 36.960685378000051 ], [ -76.260205579999933, 36.960671048000052 ], [ -76.260123583999984, 36.96062587800003 ], [ -76.259730388999969, 36.960441173000049 ], [ -76.25941011499998, 36.960331221000047 ], [ -76.259076940999989, 36.960247995000032 ], [ -76.258904391999977, 36.960182170000053 ], [ -76.258570095999971, 36.960057454000037 ], [ -76.258684651999943, 36.95994560500003 ], [ -76.258967655999982, 36.959674017000054 ], [ -76.259373993999986, 36.959285204000025 ], [ -76.259616847999951, 36.959052821000057 ], [ -76.259653709999952, 36.959070956000062 ], [ -76.260643161999951, 36.95813430100003 ], [ -76.261589638999965, 36.958747852000045 ], [ -76.26181973599995, 36.958863016000066 ], [ -76.263151737999976, 36.959243533000063 ], [ -76.263837070999955, 36.959836075000055 ], [ -76.264233469999965, 36.959998627000061 ], [ -76.264727062999953, 36.959888765000073 ], [ -76.264947011999936, 36.959988340000052 ], [ -76.265148242999942, 36.960218728000029 ], [ -76.265619335999986, 36.960871593000036 ], [ -76.266007306999938, 36.961320164000028 ], [ -76.266688088999956, 36.961917387000028 ], [ -76.266792088999978, 36.962038729000028 ], [ -76.266808243999947, 36.96200191500003 ], [ -76.266934595999942, 36.962182304000066 ], [ -76.267212432999941, 36.962529159000042 ], [ -76.267743178999979, 36.96295036500004 ], [ -76.267753503999984, 36.962953670000047 ], [ -76.267782075999946, 36.962961043000064 ], [ -76.267798399999947, 36.96296592300007 ], [ -76.267806596999947, 36.962968949000071 ], [ -76.267815952999968, 36.962973318000024 ], [ -76.267827046999969, 36.962979662000066 ], [ -76.267839489999972, 36.962987572000031 ], [ -76.267851319999977, 36.962995934000048 ], [ -76.267900519999955, 36.963015896000059 ], [ -76.267937867999933, 36.963032530000078 ], [ -76.267963836999968, 36.963025507000054 ], [ -76.268005381999956, 36.963039433000063 ], [ -76.26844856699995, 36.962959976000036 ], [ -76.268377921999956, 36.963129973000036 ], [ -76.268457339999941, 36.963200112000038 ], [ -76.268576118999988, 36.963278301000059 ], [ -76.268812555999943, 36.963382667000076 ], [ -76.268695545999947, 36.96340503700003 ], [ -76.268739747999973, 36.963438612000061 ], [ -76.268793782999978, 36.963466120000078 ], [ -76.26887054499997, 36.963467497000067 ], [ -76.268991441999958, 36.963501726000061 ], [ -76.268985574999988, 36.963585918000035 ], [ -76.269061165999972, 36.963613482000028 ], [ -76.269121140999971, 36.963619171000062 ], [ -76.269220784999959, 36.963626868000063 ], [ -76.269379668999989, 36.963638011000057 ], [ -76.269511238999939, 36.963642830000026 ], [ -76.269643667999958, 36.963666488000058 ], [ -76.269681215999981, 36.963644099000078 ], [ -76.269709512999952, 36.963594323000052 ], [ -76.269721607999941, 36.963516797000068 ], [ -76.269719960999964, 36.963513184000078 ], [ -76.269677858999955, 36.963420846000076 ], [ -76.269471928999963, 36.963320646000057 ], [ -76.269567370999937, 36.963255559000061 ], [ -76.269572417999939, 36.963239304000069 ], [ -76.269574058999979, 36.963234021000062 ], [ -76.269615986999952, 36.96323895300003 ], [ -76.26966540899997, 36.963270465000051 ], [ -76.269732191999935, 36.963304624000045 ], [ -76.269831199999942, 36.963303888000041 ], [ -76.269928354999934, 36.963281118000054 ], [ -76.27002856699994, 36.963267496000071 ], [ -76.270102921999978, 36.963275660000079 ], [ -76.270169803999977, 36.963264049000031 ], [ -76.270198628999935, 36.963255425000057 ], [ -76.270308782999962, 36.963136768000027 ], [ -76.270467052999948, 36.963223871000025 ], [ -76.270539147999955, 36.96335201800008 ], [ -76.270641032999947, 36.963375964000079 ], [ -76.270723953999948, 36.963502884000036 ], [ -76.270801973999937, 36.963598347000072 ], [ -76.270846781999978, 36.963625341000068 ], [ -76.271079458999964, 36.963698970000053 ], [ -76.271123748999969, 36.96373034700008 ], [ -76.271208942999976, 36.963783670000055 ], [ -76.271266841999989, 36.963791764000064 ], [ -76.271363962999942, 36.963752777000025 ], [ -76.271417210999971, 36.963684881000063 ], [ -76.271454003999963, 36.963687655000058 ], [ -76.271490992999986, 36.963702470000044 ], [ -76.271546099999966, 36.963754465000079 ], [ -76.271715506999954, 36.963902585000028 ], [ -76.271873402999972, 36.964038864000031 ], [ -76.271938729999988, 36.964083702000039 ], [ -76.271981861999961, 36.964092788000073 ], [ -76.272019594999961, 36.964074251000056 ], [ -76.272043335999967, 36.96409712600007 ], [ -76.272106732999987, 36.964147412000045 ], [ -76.272153617999948, 36.964165389000073 ], [ -76.272210534999942, 36.964180877000047 ], [ -76.27228921699998, 36.964242826000032 ], [ -76.27244621799997, 36.964316144000065 ], [ -76.272699768999985, 36.964398828000071 ], [ -76.273141065999937, 36.963804540000069 ], [ -76.273499606999962, 36.963739781000072 ], [ -76.27381722299998, 36.963796622000075 ], [ -76.273871364999934, 36.963754421000033 ], [ -76.273976534999974, 36.963743972000032 ], [ -76.273969788999977, 36.963672295000038 ], [ -76.273973077999983, 36.963669844000037 ], [ -76.274120541999935, 36.96355993700007 ], [ -76.274249037999937, 36.963507191000076 ], [ -76.27431262999994, 36.963492895000059 ], [ -76.274332228999981, 36.963448328000027 ], [ -76.274420652999936, 36.963446766000061 ], [ -76.274571560999959, 36.963509755000075 ], [ -76.274718914999937, 36.963584360000027 ], [ -76.274834104999968, 36.963599020000061 ], [ -76.274911643999985, 36.963596672000051 ], [ -76.27502315299995, 36.963615298000036 ], [ -76.275091474999954, 36.963621342000067 ], [ -76.275224500999968, 36.963611766000042 ], [ -76.275357842999938, 36.963665671000058 ], [ -76.275471075999974, 36.963712552000061 ], [ -76.275575482999955, 36.963730345000045 ], [ -76.275671919999979, 36.963794600000028 ], [ -76.275749977999965, 36.963811821000036 ], [ -76.275853702999939, 36.963834703000032 ], [ -76.276027308999971, 36.963937530000067 ], [ -76.276142490999973, 36.96396862000006 ], [ -76.276098053999988, 36.964048905000027 ], [ -76.276131934999967, 36.964070483000057 ], [ -76.276176744999987, 36.964091015000065 ], [ -76.276226491999978, 36.964117155000054 ], [ -76.276270070999942, 36.964143428000057 ], [ -76.276306072999944, 36.964161286000035 ], [ -76.27634889899997, 36.964179848000072 ], [ -76.276393092999967, 36.964208058000054 ], [ -76.276434023999968, 36.964231799000061 ], [ -76.276483437999957, 36.964257656000029 ], [ -76.276548052999942, 36.964289355000062 ], [ -76.276617016999978, 36.964314285000057 ], [ -76.276677808999978, 36.964337930000056 ], [ -76.276741416999982, 36.964369057000056 ], [ -76.276787281999987, 36.964388788000065 ], [ -76.276832053999954, 36.964410418000057 ], [ -76.276882973999989, 36.964432462000048 ], [ -76.276927783999952, 36.964452993000066 ], [ -76.276975223999955, 36.964476607000051 ], [ -76.277037834999987, 36.964506887000027 ], [ -76.277080797999986, 36.964521606000062 ], [ -76.27713784599996, 36.964544616000069 ], [ -76.277192587999934, 36.964565099000026 ], [ -76.277222361999975, 36.964575121000053 ], [ -76.277251511999964, 36.964583480000044 ], [ -76.277286595999954, 36.964598293000051 ], [ -76.27733049699998, 36.964615507000076 ], [ -76.277416148999976, 36.964652632000025 ], [ -76.277472551999949, 36.964674528000046 ], [ -76.277524489999962, 36.964696870000068 ], [ -76.277576591999946, 36.964714545000049 ], [ -76.277633267999988, 36.964738370000077 ], [ -76.277696896999942, 36.964768947000039 ], [ -76.277790915999958, 36.964801867000062 ], [ -76.277836682999975, 36.964814727000032 ], [ -76.277906958999949, 36.964841335000074 ], [ -76.277963527999987, 36.964858562000074 ], [ -76.278003117999958, 36.964871831000039 ], [ -76.278132171999971, 36.964920937000045 ], [ -76.278230139999948, 36.964948726000046 ], [ -76.278265233999946, 36.964963265000051 ], [ -76.278309083999943, 36.964972235000062 ], [ -76.278347990999976, 36.964985487000035 ], [ -76.278404655999964, 36.964990353000076 ], [ -76.278436843999941, 36.964990264000051 ], [ -76.278484595999942, 36.96499547500008 ], [ -76.27853135099997, 36.965009456000075 ], [ -76.278594548999934, 36.965032880000024 ], [ -76.278632848999962, 36.965053537000074 ], [ -76.278694178999956, 36.965062080000052 ], [ -76.278749170999959, 36.965056192000077 ], [ -76.278798559999984, 36.96502490000006 ], [ -76.278819061999968, 36.964997068000059 ], [ -76.278841951999937, 36.964969565000047 ], [ -76.278872847999935, 36.964957632000051 ], [ -76.27888878899995, 36.964942610000037 ], [ -76.278892158999952, 36.964924827000061 ], [ -76.278906877999987, 36.964915272000042 ], [ -76.278932058999942, 36.964919694000059 ], [ -76.278969682999957, 36.964930444000061 ], [ -76.279027943999949, 36.964948260000028 ], [ -76.279065832999947, 36.964961214000027 ], [ -76.279117006999968, 36.964976120000074 ], [ -76.279164827999978, 36.964989026000069 ], [ -76.279288396999959, 36.965019047000055 ], [ -76.279340400999956, 36.965029850000064 ], [ -76.279392540999936, 36.965036811000061 ], [ -76.279434142999946, 36.965041607000046 ], [ -76.279488306999951, 36.965049438000051 ], [ -76.279542196999955, 36.96505533900006 ], [ -76.279594453999948, 36.965059004000068 ], [ -76.279649445999951, 36.965053115000046 ], [ -76.279692179999984, 36.965045298000064 ], [ -76.27973095599998, 36.965033270000049 ], [ -76.279747296999972, 36.965016608000042 ], [ -76.279770628999984, 36.965015218000076 ], [ -76.279814097999974, 36.965015660000063 ], [ -76.279860802999963, 36.965021397000044 ], [ -76.279996626999946, 36.965034113000058 ], [ -76.280064729999935, 36.96504473400006 ], [ -76.28011745699996, 36.96506405000008 ], [ -76.280122605999964, 36.965028893000067 ], [ -76.280191151999986, 36.965032390000033 ], [ -76.280219111999941, 36.965026551000051 ], [ -76.280401243999961, 36.964949930000046 ], [ -76.280445207999946, 36.964936371000078 ], [ -76.280497356999945, 36.964933440000038 ], [ -76.280531881999934, 36.964935052000044 ], [ -76.280606485999954, 36.964945820000025 ], [ -76.280667178999977, 36.964952975000074 ], [ -76.280738028999963, 36.964963384000043 ], [ -76.280795497999975, 36.964974586000039 ], [ -76.280841108999937, 36.964982221000071 ], [ -76.280914813999971, 36.964999014000057 ], [ -76.280958878999968, 36.965001942000072 ], [ -76.281045837999955, 36.965011894000043 ], [ -76.281106257999966, 36.965017119000038 ], [ -76.281173199999955, 36.964983203000031 ], [ -76.281215477999979, 36.964988289000075 ], [ -76.281278829999962, 36.964997701000073 ], [ -76.28140592799997, 36.965024779000032 ], [ -76.281444891999968, 36.96503638400003 ], [ -76.281511226999953, 36.965048612000032 ], [ -76.281601335999937, 36.965075944000034 ], [ -76.281687184999953, 36.965107576000037 ], [ -76.281755163999946, 36.965131381000049 ], [ -76.281817373999957, 36.965144065000061 ], [ -76.281871695999939, 36.965157119000025 ], [ -76.281951959999958, 36.965172411000026 ], [ -76.282051656999954, 36.965190072000041 ], [ -76.282141561999936, 36.965213553000069 ], [ -76.282198845999972, 36.965229970000053 ], [ -76.282274849999965, 36.965249562000054 ], [ -76.282368534999989, 36.965262963000043 ], [ -76.282439265999983, 36.965267049000033 ], [ -76.282508121999967, 36.965266146000033 ], [ -76.282571704999953, 36.965259353000079 ], [ -76.282629637999946, 36.965247760000068 ], [ -76.282675220999977, 36.965256218000036 ], [ -76.28274909199996, 36.965268343000048 ], [ -76.282817715999954, 36.965283646000046 ], [ -76.282914842999958, 36.965306191000025 ], [ -76.282995020999977, 36.965323954000041 ], [ -76.283066312999949, 36.965341241000033 ], [ -76.283133173999943, 36.965348260000042 ], [ -76.283200828999952, 36.965361891000043 ], [ -76.283260585999983, 36.965376167000045 ], [ -76.283338552999965, 36.965388660000031 ], [ -76.283395003999942, 36.965389946000073 ], [ -76.283449675999975, 36.96539311500004 ], [ -76.283493985999939, 36.965398796000045 ], [ -76.283569822999937, 36.965413438000041 ], [ -76.283619255999952, 36.965419510000061 ], [ -76.283706978999987, 36.965427280000029 ], [ -76.283744505999948, 36.965431157000069 ], [ -76.283797817999982, 36.965434021000078 ], [ -76.28384548799994, 36.965422194000041 ], [ -76.28389657799994, 36.965410444000042 ], [ -76.283942187999969, 36.965408461000038 ], [ -76.283970133999958, 36.965402504000053 ], [ -76.283993405999979, 36.965393143000028 ], [ -76.284024626999951, 36.965391382000064 ], [ -76.284086356999978, 36.965398284000059 ], [ -76.284132591999935, 36.965397963000044 ], [ -76.284183477999989, 36.96539197900006 ], [ -76.284228442999961, 36.96538888200007 ], [ -76.284297041999935, 36.965385500000025 ], [ -76.284365721999961, 36.965389537000078 ], [ -76.284412483999972, 36.965384008000058 ], [ -76.284462215999952, 36.965371954000034 ], [ -76.284481765999942, 36.964887795000038 ], [ -76.284856867999963, 36.964866242000028 ], [ -76.285256849999939, 36.964806997000039 ], [ -76.285870050999961, 36.964570516000038 ], [ -76.286101093999946, 36.964393615000063 ], [ -76.286273283999947, 36.964196528000059 ], [ -76.286793934999935, 36.96387244500005 ], [ -76.287097464999988, 36.963859078000041 ], [ -76.287261159999957, 36.96392964100005 ], [ -76.287455185999988, 36.963974785000062 ], [ -76.287967139999978, 36.963605164000057 ], [ -76.288032864999934, 36.963601625000024 ], [ -76.28813381599997, 36.963552223000079 ], [ -76.28830641199994, 36.963492582000072 ], [ -76.288488990999952, 36.963378710000029 ], [ -76.28862651299994, 36.963372995000043 ], [ -76.288732125999957, 36.963358355000025 ], [ -76.288874942999939, 36.963412334000054 ], [ -76.289017736999938, 36.963356589000057 ], [ -76.289203694999969, 36.963349353000069 ], [ -76.289793236999969, 36.963515448000066 ], [ -76.290333123999972, 36.963804620000076 ], [ -76.290719020999973, 36.96402412100008 ], [ -76.29101105899997, 36.964150042000028 ], [ -76.291296591999981, 36.96434619200005 ], [ -76.291570939999986, 36.964518284000064 ], [ -76.292183147999935, 36.965130761000069 ], [ -76.292745157999946, 36.965222393000033 ], [ -76.293563666999944, 36.965381665000052 ], [ -76.293591657999968, 36.964828903000068 ], [ -76.293597551999937, 36.964218491000054 ], [ -76.29355564399998, 36.963616720000061 ], [ -76.293583015999957, 36.963493222000068 ], [ -76.294121897999958, 36.962950042000045 ], [ -76.294595480999988, 36.963016159000063 ], [ -76.295211030999951, 36.963514209000039 ], [ -76.294787689999964, 36.963763838000034 ], [ -76.294818282999984, 36.964346317000036 ], [ -76.295068902999958, 36.964312857000039 ], [ -76.295185774999936, 36.964381824000043 ], [ -76.295278327999938, 36.964469414000064 ], [ -76.295309532999966, 36.964620352000054 ], [ -76.295428168999933, 36.964679812000043 ], [ -76.295780350999962, 36.96478408400003 ], [ -76.295777773999987, 36.965534180000077 ], [ -76.295766650999951, 36.965563419000034 ], [ -76.295767489999946, 36.965573323000058 ], [ -76.295783608999955, 36.965572145000067 ], [ -76.295790024999974, 36.965775858000029 ], [ -76.295789044999935, 36.966044612000076 ], [ -76.295791358999963, 36.966237991000071 ], [ -76.295813463999934, 36.966238102000034 ], [ -76.29610684499994, 36.966226290000066 ], [ -76.296424977999948, 36.966227694000054 ], [ -76.296543218999943, 36.966223090000028 ], [ -76.296565310999938, 36.965942502000075 ], [ -76.296841602999962, 36.965946968000026 ], [ -76.296841933999985, 36.965921742000035 ], [ -76.296846249999987, 36.965592793000042 ], [ -76.296846651999942, 36.965592793000042 ], [ -76.296890086999952, 36.96559277800003 ], [ -76.296950783999989, 36.965588570000079 ], [ -76.297030052999958, 36.965598330000034 ], [ -76.297142460999964, 36.96559420400007 ], [ -76.297268181999982, 36.965592437000055 ], [ -76.297279651999986, 36.965311994000047 ], [ -76.297304225999937, 36.964900078000028 ], [ -76.297318123999958, 36.964599879000048 ], [ -76.297317689999943, 36.96459986800005 ], [ -76.296650869999951, 36.964583946000062 ], [ -76.296651903999987, 36.964558734000036 ], [ -76.296654849999982, 36.964486819000058 ], [ -76.296662375999972, 36.964414911000063 ], [ -76.296661363999988, 36.964406370000063 ], [ -76.296657059999973, 36.96437005100006 ], [ -76.296658536999985, 36.964351108000074 ], [ -76.296671982999953, 36.96417869000004 ], [ -76.296670788999961, 36.964178192000077 ], [ -76.296575483999959, 36.964138490000039 ], [ -76.296586469999966, 36.964117542000054 ], [ -76.296613144999981, 36.964066674000037 ], [ -76.296601748999933, 36.964064585000074 ], [ -76.296585841999956, 36.964061670000035 ], [ -76.296556951999946, 36.964050050000026 ], [ -76.296527973999957, 36.964043102000062 ], [ -76.296492656999988, 36.964027281000028 ], [ -76.296448889999965, 36.964005587000031 ], [ -76.29640922599998, 36.963984219000054 ], [ -76.296373395999979, 36.96395932300004 ], [ -76.296323335999944, 36.964034836000053 ], [ -76.296173057999965, 36.963977217000036 ], [ -76.296125856999936, 36.963956119000045 ], [ -76.296120642999938, 36.963963478000039 ], [ -76.296117871999968, 36.963961704000042 ], [ -76.296111804999953, 36.963959279000051 ], [ -76.296106680999969, 36.963956382000049 ], [ -76.296072790999972, 36.963933715000053 ], [ -76.29603094099997, 36.963904583000044 ], [ -76.295923240999969, 36.963827238000079 ], [ -76.295909306999988, 36.963815937000049 ], [ -76.295889588999955, 36.963797269000054 ], [ -76.29587754299996, 36.963787356000068 ], [ -76.295866817, 36.963780232000033 ], [ -76.295861872999978, 36.963778 ], [ -76.295856588999982, 36.963776342000074 ], [ -76.295851845999948, 36.963775403000056 ], [ -76.295848981999939, 36.963775407000071 ], [ -76.295845976999942, 36.963776240000072 ], [ -76.295843404999971, 36.96377794600005 ], [ -76.295837731999939, 36.963784180000061 ], [ -76.295823413999983, 36.963802534000024 ], [ -76.295788889999983, 36.963848847000065 ], [ -76.295785772999977, 36.963851825000063 ], [ -76.295781700999953, 36.96385474300007 ], [ -76.295774564999988, 36.963858962000074 ], [ -76.295767700999988, 36.963862350000056 ], [ -76.295759700999952, 36.963865186000078 ], [ -76.295751997999957, 36.963866641000038 ], [ -76.295746635999933, 36.963866453000037 ], [ -76.295741273999965, 36.963864820000026 ], [ -76.295733365999979, 36.963859809000041 ], [ -76.295725665999953, 36.963852944000053 ], [ -76.295720474999939, 36.963846244000024 ], [ -76.295717447999948, 36.963839477000079 ], [ -76.295716838999965, 36.963834740000038 ], [ -76.295717667999952, 36.963830343000041 ], [ -76.295720504999963, 36.963824842000065 ], [ -76.295722330999979, 36.963822471000071 ], [ -76.295724604999975, 36.963819518000037 ], [ -76.295729763999987, 36.963814718000037 ], [ -76.295735154999988, 36.963811079000038 ], [ -76.295741891999967, 36.963807886000041 ], [ -76.29575377599997, 36.963803840000026 ], [ -76.295757604999949, 36.963801671000056 ], [ -76.295761303999939, 36.963798730000065 ], [ -76.295777570999974, 36.963781261000065 ], [ -76.295791776999977, 36.96376396800008 ], [ -76.295797375999939, 36.963755810000066 ], [ -76.295800164999946, 36.963748077000048 ], [ -76.29579954999997, 36.963744201000054 ], [ -76.295796110999959, 36.963740490000077 ], [ -76.295792953999978, 36.963738101000047 ], [ -76.295778679999955, 36.963727295000069 ], [ -76.295757519999938, 36.963712729000065 ], [ -76.295751180999957, 36.963706699000056 ], [ -76.295747547999952, 36.963701054000069 ], [ -76.295745772999965, 36.963695211000072 ], [ -76.295745834999934, 36.963689685000077 ], [ -76.295747982999956, 36.96368435800008 ], [ -76.295751192999944, 36.963680358000033 ], [ -76.295753666999985, 36.963677276000055 ], [ -76.295759734999933, 36.963671537000039 ], [ -76.295769986999971, 36.963663904000043 ], [ -76.295782507999945, 36.963655929000026 ], [ -76.295794009999952, 36.963650453000071 ], [ -76.295802572999946, 36.963647721000029 ], [ -76.295817638999949, 36.963644200000033 ], [ -76.295833739999978, 36.963637062000032 ], [ -76.295854019999979, 36.963626241000043 ], [ -76.295867920999967, 36.963617946000056 ], [ -76.295879404999937, 36.963610020000033 ], [ -76.295884857999965, 36.963604806000035 ], [ -76.295887609999966, 36.963600911000071 ], [ -76.295888824999963, 36.963596711000037 ], [ -76.295886993999943, 36.963583726000024 ], [ -76.295886845999974, 36.963577813000029 ], [ -76.295886572999962, 36.963566952000065 ], [ -76.295887623999988, 36.963554401000067 ], [ -76.295887974999971, 36.963550213000076 ], [ -76.295890620999955, 36.963535924000041 ], [ -76.295893451999973, 36.96352521600005 ], [ -76.29589830499998, 36.963511151000034 ], [ -76.295903693999946, 36.96349878500007 ], [ -76.295911563999937, 36.963483588000031 ], [ -76.295923640999945, 36.963463786000034 ], [ -76.295935588999953, 36.963448192000044 ], [ -76.295951941999988, 36.963431545000049 ], [ -76.295978600999945, 36.96340695300006 ], [ -76.296028054999965, 36.963351628000055 ], [ -76.296063119999985, 36.963310256000057 ], [ -76.296073603999957, 36.963297221000062 ], [ -76.296113307999974, 36.963244117000045 ], [ -76.296155861999978, 36.963185821000025 ], [ -76.296161663999953, 36.963179275000073 ], [ -76.296176160999948, 36.963164591000066 ], [ -76.296188595999979, 36.963150229000064 ], [ -76.296198944999958, 36.96313486300005 ], [ -76.29621141299998, 36.963109497000062 ], [ -76.296219323999935, 36.963096867000047 ], [ -76.29623130799996, 36.96308223300008 ], [ -76.296248175999949, 36.963065502000063 ], [ -76.296269845999973, 36.963046908000024 ], [ -76.296287250999967, 36.963033295000059 ], [ -76.296316358999945, 36.963012854000056 ], [ -76.296323758999961, 36.963008805000072 ], [ -76.296337137999956, 36.963004105000039 ], [ -76.296364901999937, 36.962996376000035 ], [ -76.296422797999981, 36.962981855000066 ], [ -76.29644157599995, 36.962977810000041 ], [ -76.296456617999979, 36.962975636000067 ], [ -76.296469356999978, 36.962974418000044 ], [ -76.296499119999964, 36.962972984000032 ], [ -76.296550851999939, 36.962973782000063 ], [ -76.29657457199994, 36.962975054000026 ], [ -76.296593401999985, 36.962976678000075 ], [ -76.296601403999944, 36.962978154000041 ], [ -76.296612730999982, 36.962981219000028 ], [ -76.296645319999982, 36.962991680000073 ], [ -76.296707807999951, 36.963009529000033 ], [ -76.296732972999962, 36.963017685000068 ], [ -76.296753104999937, 36.963025552000033 ], [ -76.296762079999951, 36.963029902000073 ], [ -76.296770614999957, 36.963034718000074 ], [ -76.296779501999936, 36.963040497000065 ], [ -76.296796035999989, 36.963053069000068 ], [ -76.296806753999988, 36.963060363000068 ], [ -76.296873955999956, 36.963100828000051 ], [ -76.29690024699994, 36.963119326000026 ], [ -76.296936139999957, 36.963140924000072 ], [ -76.29697247699994, 36.963165106000076 ], [ -76.29705874299998, 36.963217933000067 ], [ -76.297071215999949, 36.963226757000029 ], [ -76.297084216999963, 36.963237178000043 ], [ -76.297111937999944, 36.963261509000063 ], [ -76.297155637999936, 36.963303971000073 ], [ -76.297186220999947, 36.963332718000061 ], [ -76.297221867999951, 36.963364186000035 ], [ -76.297236333999933, 36.963379210000028 ], [ -76.297271617999968, 36.963419548000047 ], [ -76.297309771999949, 36.963461684000038 ], [ -76.297314020999977, 36.963465213000063 ], [ -76.297318333999954, 36.963467868000066 ], [ -76.297330111999941, 36.963472468000077 ], [ -76.297334691999936, 36.963474753000071 ], [ -76.297338344999957, 36.963477244000046 ], [ -76.297341891999963, 36.963480503000028 ], [ -76.297344942999985, 36.963484317000052 ], [ -76.297347527999989, 36.96348860900008 ], [ -76.297352749999959, 36.963503135000053 ], [ -76.297358221999957, 36.963512114000025 ], [ -76.297373136999965, 36.963530614000035 ], [ -76.297385678999945, 36.963545151000062 ], [ -76.297417134999989, 36.963578623000046 ], [ -76.297430664, 36.963591848000078 ], [ -76.297440466999944, 36.963600337000059 ], [ -76.297450984999955, 36.963608257000033 ], [ -76.297467418999986, 36.963619580000056 ], [ -76.29747944099995, 36.96362939100004 ], [ -76.297491353999987, 36.963640964000035 ], [ -76.29750784099997, 36.96365918500004 ], [ -76.297519207999983, 36.963670797000077 ], [ -76.297530310999946, 36.963680759000056 ], [ -76.29754530799994, 36.96369289200004 ], [ -76.297554629999979, 36.963701927000045 ], [ -76.297563529999934, 36.963713193000046 ], [ -76.297582262999981, 36.963743760000057 ], [ -76.297590233999983, 36.963758871000039 ], [ -76.29759826999998, 36.963777502000028 ], [ -76.297600478999982, 36.963784846000067 ], [ -76.297600993999936, 36.963786559000027 ], [ -76.297601775999965, 36.963792726000065 ], [ -76.297601547999989, 36.96379754600008 ], [ -76.297600081999974, 36.963807732000078 ], [ -76.297598887999982, 36.963816023000049 ], [ -76.29759871899995, 36.963825007000025 ], [ -76.297599507999962, 36.963834962000078 ], [ -76.297601236999981, 36.963843857000029 ], [ -76.297603681999988, 36.963851925000029 ], [ -76.29760738799996, 36.963860846000046 ], [ -76.297612047999962, 36.96386947600007 ], [ -76.29761573199994, 36.963874559000033 ], [ -76.297620565999978, 36.963878210000075 ], [ -76.297626519999937, 36.963880568000036 ], [ -76.297633461999965, 36.963881428000036 ], [ -76.297640023999975, 36.963880619000065 ], [ -76.297646326999939, 36.963878128000033 ], [ -76.297651360999964, 36.963874196000063 ], [ -76.297657040999979, 36.963865226000053 ], [ -76.297660896999957, 36.963861429000076 ], [ -76.297665404999975, 36.963858671000025 ], [ -76.297670988999982, 36.963856692000036 ], [ -76.297676567999986, 36.963855877000071 ], [ -76.297682661999943, 36.963856148000048 ], [ -76.297688493999942, 36.963857595000036 ], [ -76.297693715999969, 36.963860130000057 ], [ -76.297696898999959, 36.96386252700006 ], [ -76.297725405999984, 36.963891863000072 ], [ -76.297770559999947, 36.96393372700004 ], [ -76.297790909999947, 36.963954829000045 ], [ -76.297796988999949, 36.963961827000048 ], [ -76.297799355999985, 36.963965333000033 ], [ -76.29780126299994, 36.963969547000033 ], [ -76.297804629999973, 36.963980589000073 ], [ -76.297807180999939, 36.963985322000042 ], [ -76.297810314999936, 36.963989621000053 ], [ -76.297814006999943, 36.963993501000061 ], [ -76.297818259999985, 36.963996992000034 ], [ -76.297832533999951, 36.964005812000039 ], [ -76.297838881999951, 36.96401239100004 ], [ -76.297857402999966, 36.964044182000066 ], [ -76.29787453299997, 36.964070889000027 ], [ -76.297876952999957, 36.964073341000073 ], [ -76.297879955999974, 36.964075336000064 ], [ -76.297890210999981, 36.964079350000077 ], [ -76.297894095999936, 36.964083018000053 ], [ -76.297897875, 36.964090260000035 ], [ -76.297904861999939, 36.964106043000072 ], [ -76.297910221999985, 36.964119851000078 ], [ -76.297915792999959, 36.964137408000056 ], [ -76.297919558, 36.964143871000033 ], [ -76.297964128999979, 36.964195529000051 ], [ -76.29798186499994, 36.964217455000039 ], [ -76.297988529999941, 36.964224906000027 ], [ -76.29800695199998, 36.964242115000047 ], [ -76.298011942999949, 36.964245350000056 ], [ -76.298020044999987, 36.964249144000064 ], [ -76.298024393999981, 36.964253234000068 ], [ -76.29803721899998, 36.964276574000053 ], [ -76.298040637999975, 36.96428482400006 ], [ -76.298044077999975, 36.964296218000072 ], [ -76.298045758999933, 36.964299292000078 ], [ -76.298054267999987, 36.964304426000069 ], [ -76.298060919999955, 36.964304710000079 ], [ -76.298066892999941, 36.964306205000071 ], [ -76.298079295999969, 36.964311647000045 ], [ -76.298086295999951, 36.964315812000052 ], [ -76.298092377999978, 36.964321625000025 ], [ -76.298097132999942, 36.964327413000035 ], [ -76.298110177999945, 36.964348190000067 ], [ -76.298124121999933, 36.964373356000067 ], [ -76.298166425999966, 36.964454391000061 ], [ -76.298175269999945, 36.964473215000055 ], [ -76.298175644999958, 36.964474015000064 ], [ -76.298177065999937, 36.964478505000045 ], [ -76.298177403999944, 36.964482148000059 ], [ -76.298177493999958, 36.964483125000072 ], [ -76.298177018999979, 36.964487278000036 ], [ -76.298174527999947, 36.964496448000034 ], [ -76.298174545999984, 36.964500799000064 ], [ -76.298175367999988, 36.964504658000067 ], [ -76.298187267999936, 36.964529393000078 ], [ -76.298203470999965, 36.964559678000057 ], [ -76.298207867999963, 36.964565266000079 ], [ -76.298228623999989, 36.964588157000037 ], [ -76.298256978999973, 36.964622577000057 ], [ -76.298279050999952, 36.964644862000057 ], [ -76.29828686999997, 36.964653362000035 ], [ -76.298291777999964, 36.964659769000036 ], [ -76.298300191999942, 36.964673382000058 ], [ -76.298307388999945, 36.964682611000057 ], [ -76.298311260999981, 36.964686388000075 ], [ -76.298316371999988, 36.964690355000073 ], [ -76.298332058999961, 36.964699374000077 ], [ -76.298337850999985, 36.964704863000065 ], [ -76.298385536999945, 36.964783354000076 ], [ -76.298402596999949, 36.964809537000065 ], [ -76.298407511999983, 36.96481573300008 ], [ -76.298412207999945, 36.964820559000032 ], [ -76.29842469099998, 36.964830759000051 ], [ -76.298430744999962, 36.964836387000048 ], [ -76.298439155999972, 36.96484629400004 ], [ -76.298443924999958, 36.964853727000047 ], [ -76.298449589999962, 36.96486545700003 ], [ -76.298453698999936, 36.964871813000059 ], [ -76.298460098999954, 36.964879236000058 ], [ -76.298476414999982, 36.964895564000074 ], [ -76.298491119999937, 36.964914285000077 ], [ -76.298500966999939, 36.964928115000077 ], [ -76.29850765499998, 36.964938634000077 ], [ -76.298521366999978, 36.964962336000042 ], [ -76.298539428999959, 36.964986586000066 ], [ -76.298551163999946, 36.965008768000075 ], [ -76.298557316999961, 36.965018548000046 ], [ -76.298567859999935, 36.965033610000035 ], [ -76.29858214099994, 36.965050953000059 ], [ -76.298601257999962, 36.965070232000073 ], [ -76.298614501999964, 36.965087390000065 ], [ -76.298625681999965, 36.965098023000053 ], [ -76.29863895799997, 36.96510780400007 ], [ -76.298653497999965, 36.965116901000044 ], [ -76.298665799999981, 36.965123450000078 ], [ -76.298687976999986, 36.965133395000066 ], [ -76.298698928999954, 36.965138953000064 ], [ -76.298719769999934, 36.965151497000079 ], [ -76.298741767999957, 36.965165506000062 ], [ -76.298757366999951, 36.965176103000033 ], [ -76.298785979999934, 36.965197153000076 ], [ -76.298797881999974, 36.965205352000055 ], [ -76.298809482999957, 36.965212430000065 ], [ -76.298828359999959, 36.965222933000064 ], [ -76.298838887999977, 36.96522974800007 ], [ -76.29884592999997, 36.965235137000036 ], [ -76.298859169999957, 36.965246643000057 ], [ -76.298868328999959, 36.965253276000055 ], [ -76.298878646999981, 36.965259380000077 ], [ -76.29889686599995, 36.965268187000049 ], [ -76.298907512999961, 36.965274537000028 ], [ -76.298920214999953, 36.965283919000058 ], [ -76.298937555999942, 36.96529917600003 ], [ -76.298950953999963, 36.965309533000038 ], [ -76.298974701999953, 36.965325578000034 ], [ -76.299002042999973, 36.965342582000062 ], [ -76.299030194999943, 36.965358405000075 ], [ -76.299061722999966, 36.965374087000043 ], [ -76.299075165999966, 36.965379523000024 ], [ -76.299093287999938, 36.965384885000049 ], [ -76.299101968999935, 36.965388032000078 ], [ -76.299112856999955, 36.965393084000027 ], [ -76.299122102999945, 36.965398381000057 ], [ -76.299131406999948, 36.965404790000036 ], [ -76.299139369999978, 36.965411334000066 ], [ -76.29914342099994, 36.965415594000035 ], [ -76.299150181999948, 36.965424359000053 ], [ -76.299155926999958, 36.96542966700008 ], [ -76.299163008999983, 36.965434195000057 ], [ -76.299173696999958, 36.965438902000074 ], [ -76.299179264999964, 36.965442008000025 ], [ -76.299185407999971, 36.96544653400008 ], [ -76.299192090999952, 36.965452864000042 ], [ -76.299202376999972, 36.965464276000034 ], [ -76.299212299999965, 36.965476344000024 ], [ -76.29921890199995, 36.965486461000069 ], [ -76.299223280999968, 36.965495343000043 ], [ -76.299223744999949, 36.965496834000078 ], [ -76.299226370999975, 36.965505251000025 ], [ -76.299226846999943, 36.965511347000074 ], [ -76.299225074999981, 36.96551872100008 ], [ -76.299221172999978, 36.965525028000059 ], [ -76.299216584999954, 36.965529531000072 ], [ -76.299211009999965, 36.965533389000029 ], [ -76.299204685999939, 36.965536410000027 ], [ -76.29919780299997, 36.96553850500004 ], [ -76.299178759999961, 36.965541771000062 ], [ -76.299152661999983, 36.965545576000068 ], [ -76.299120021999954, 36.96554967700007 ], [ -76.299102138999956, 36.965548141000056 ], [ -76.299100883999984, 36.965546541000037 ], [ -76.29910020799997, 36.965544608000073 ], [ -76.299100826999961, 36.96553824800003 ], [ -76.299099870999953, 36.965533672000049 ], [ -76.299097380999967, 36.965529486000037 ], [ -76.299093349999964, 36.965525874000036 ], [ -76.299087717999953, 36.965522786000065 ], [ -76.299081408999939, 36.965520707000053 ], [ -76.299075266999978, 36.965519764000078 ], [ -76.299063749999959, 36.965519473000029 ], [ -76.299059912999951, 36.965518616000054 ], [ -76.299055977999956, 36.965517072000068 ], [ -76.299052481999979, 36.965514953000024 ], [ -76.299049373999935, 36.965512145000048 ], [ -76.299047062999989, 36.965509066000038 ], [ -76.299042885999938, 36.965501612000025 ], [ -76.299039621999952, 36.965498185000058 ], [ -76.299035573999959, 36.965494921000072 ], [ -76.299030381999955, 36.965491709000048 ], [ -76.299024682999971, 36.965489108000043 ], [ -76.299018935999982, 36.965487295000059 ], [ -76.299012799999957, 36.965486197000075 ], [ -76.299004431999947, 36.965485955000077 ], [ -76.298994651999976, 36.965487101000065 ], [ -76.298985034999987, 36.965489219000062 ], [ -76.298974531999988, 36.965492769000036 ], [ -76.298958827999968, 36.965499919000024 ], [ -76.298939664999978, 36.965509677000057 ], [ -76.298927256999946, 36.965516624000031 ], [ -76.298909505999973, 36.965527503000033 ], [ -76.298861252999984, 36.965559272000064 ], [ -76.298847750999983, 36.965569758000072 ], [ -76.298829653999974, 36.965584837000051 ], [ -76.298818103999963, 36.965593309000042 ], [ -76.298807747999945, 36.965599840000039 ], [ -76.298789801999988, 36.965609789000041 ], [ -76.298779479999951, 36.965616992000037 ], [ -76.29874128299997, 36.965649885000062 ], [ -76.298673419999943, 36.965710235000074 ], [ -76.298657172999981, 36.96572642600006 ], [ -76.298637842999938, 36.965747749000059 ], [ -76.298620781999944, 36.965764174000071 ], [ -76.298608456999943, 36.965774099000043 ], [ -76.298584459999972, 36.965789769000025 ], [ -76.298570776999952, 36.965800665000074 ], [ -76.298552410999946, 36.965817787000049 ], [ -76.298534492999977, 36.965835950000042 ], [ -76.298518752999939, 36.965853521000042 ], [ -76.298499045999961, 36.965877499000044 ], [ -76.298482857999943, 36.965894478000052 ], [ -76.298461327999973, 36.965914345000044 ], [ -76.298440532999962, 36.965934580000066 ], [ -76.298400646999937, 36.965964694000036 ], [ -76.298376929999961, 36.965990313000077 ], [ -76.298339675999955, 36.966032541000061 ], [ -76.298314574999949, 36.966063313000063 ], [ -76.298304155999972, 36.96607403400003 ], [ -76.298245763999944, 36.966127033000078 ], [ -76.298202316999948, 36.966168285000037 ], [ -76.298186235999935, 36.966184246000068 ], [ -76.298153257999957, 36.966219617000036 ], [ -76.298115914999983, 36.966256537000049 ], [ -76.298098058999983, 36.966273476000026 ], [ -76.298067767999953, 36.966299931000037 ], [ -76.298060676999967, 36.966307091000033 ], [ -76.298050684999964, 36.966319646000045 ], [ -76.298013006999952, 36.966374002000066 ], [ -76.297968668999943, 36.966484820000062 ], [ -76.298117221999973, 36.966674718000036 ], [ -76.298069943999963, 36.966759026000034 ], [ -76.298053492999941, 36.966766411000037 ], [ -76.297934930999986, 36.966777324000077 ], [ -76.297937806999983, 36.966932496000027 ], [ -76.298023358999956, 36.966948192000075 ], [ -76.298122373999945, 36.966963139000029 ], [ -76.298114806999934, 36.967110978000051 ], [ -76.298032912999986, 36.967227054000034 ], [ -76.297926258999951, 36.967207016000032 ], [ -76.297706547999951, 36.967153588000031 ], [ -76.297541914999954, 36.967116827000041 ], [ -76.29748959899996, 36.967198840000037 ], [ -76.29745666599996, 36.96724643400006 ], [ -76.297355373999949, 36.967384997000067 ], [ -76.29732495199994, 36.967425511000044 ], [ -76.297310956999979, 36.96744049800003 ], [ -76.297284497999954, 36.967465644000072 ], [ -76.297237068999948, 36.967508591000069 ], [ -76.297174964999954, 36.967562636000025 ], [ -76.297026828999947, 36.967694728000026 ], [ -76.297016638999935, 36.967705286000069 ], [ -76.297001265999938, 36.967723743000079 ], [ -76.29697409399995, 36.967759313000045 ], [ -76.296951913999976, 36.967791435000038 ], [ -76.296928603999959, 36.967828561000033 ], [ -76.296919170999956, 36.967845029000046 ], [ -76.296911392999959, 36.967859876000034 ], [ -76.296903106999935, 36.967877282000075 ], [ -76.296895831999962, 36.96789433400005 ], [ -76.296892752999952, 36.967903765000074 ], [ -76.296890186999974, 36.967917252000063 ], [ -76.296889386999965, 36.967933858000038 ], [ -76.296888057999979, 36.967942858000072 ], [ -76.296885036999981, 36.967953150000028 ], [ -76.296880146999968, 36.967963971000074 ], [ -76.296863057999985, 36.967995555000073 ], [ -76.296845499999961, 36.968026457000065 ], [ -76.296834502999957, 36.968044132000045 ], [ -76.296809112999938, 36.968081662000031 ], [ -76.296801789999961, 36.968093815000032 ], [ -76.296794561999945, 36.968107272000054 ], [ -76.296790577999957, 36.968117459000041 ], [ -76.296787635999976, 36.968129686000054 ], [ -76.296787413999937, 36.968132152000067 ], [ -76.296786529999963, 36.968141947000049 ], [ -76.296786649999945, 36.968157015000031 ], [ -76.296787600999949, 36.96816829100004 ], [ -76.296789284999988, 36.968179513000052 ], [ -76.296793863999937, 36.968198220000033 ], [ -76.296800035999979, 36.968213358000071 ], [ -76.29681233499997, 36.968235334000042 ], [ -76.296815126999945, 36.968242842000052 ], [ -76.296816695999951, 36.968249249000053 ], [ -76.296818556999938, 36.968266493000044 ], [ -76.29681838099998, 36.968293174000053 ], [ -76.296819394999943, 36.968308302000025 ], [ -76.296822912999971, 36.968328866000036 ], [ -76.296832394999967, 36.968367580000063 ], [ -76.296837110999945, 36.968392182000059 ], [ -76.296838671999978, 36.968406607000077 ], [ -76.296839459999944, 36.968431253000062 ], [ -76.296841849999964, 36.968445751000047 ], [ -76.296844140999951, 36.968453775000057 ], [ -76.296847120999985, 36.968461651000041 ], [ -76.296861575999969, 36.96848933800004 ], [ -76.296868895999978, 36.968507818000035 ], [ -76.296875322999938, 36.968531436000035 ], [ -76.296888583999987, 36.968586002000052 ], [ -76.29689796699995, 36.968617910000034 ], [ -76.296902069999987, 36.96862869000006 ], [ -76.296905753999965, 36.968634953000048 ], [ -76.296911303999934, 36.968641132000073 ], [ -76.296926352999947, 36.968653798000048 ], [ -76.296935917999974, 36.968664596000053 ], [ -76.296950409999965, 36.968685989000051 ], [ -76.296972766999943, 36.968721791000064 ], [ -76.296984906999967, 36.968744368000046 ], [ -76.297017214999983, 36.968810716000064 ], [ -76.297041409999963, 36.968857812000067 ], [ -76.297049811999955, 36.968875427000057 ], [ -76.297051882999938, 36.968881557000032 ], [ -76.297053279999943, 36.968887808000034 ], [ -76.297054543999934, 36.968903048000072 ], [ -76.297055938999961, 36.968912891000059 ], [ -76.297060182999985, 36.968929134000064 ], [ -76.297074, 36.968967530000043 ], [ -76.297095080999952, 36.969016580000073 ], [ -76.297102744999961, 36.969040650000068 ], [ -76.297104521999984, 36.969049340000026 ], [ -76.297105653999949, 36.969059944000037 ], [ -76.297104832999935, 36.969080805000033 ], [ -76.297105037999984, 36.969090898000047 ], [ -76.297106558999985, 36.969110748000048 ], [ -76.297107714999981, 36.969116219000057 ], [ -76.297112810999977, 36.969127979000064 ], [ -76.297136400999989, 36.969172720000074 ], [ -76.297155847999989, 36.969212805000041 ], [ -76.29716386399997, 36.969231043000036 ], [ -76.297172190999959, 36.96925447700005 ], [ -76.297175372999959, 36.969265951000068 ], [ -76.297177000999966, 36.969275370000048 ], [ -76.297177562999934, 36.969282964000058 ], [ -76.297177690999945, 36.96929934800005 ], [ -76.297179351999944, 36.969311628000071 ], [ -76.297204636999936, 36.969409320000068 ], [ -76.297206048999954, 36.969420945000024 ], [ -76.297206044999939, 36.969421338000075 ], [ -76.297205892999955, 36.969438522000075 ], [ -76.297204228999988, 36.969461548000027 ], [ -76.29720139899996, 36.969482103000075 ], [ -76.297200015999977, 36.969492147000039 ], [ -76.297199906999936, 36.969499388000031 ], [ -76.297200266999937, 36.969503167000028 ], [ -76.297201065999957, 36.969511514000033 ], [ -76.297201002999941, 36.969519289000061 ], [ -76.297199535999937, 36.969528381000032 ], [ -76.297195958999964, 36.969537846000037 ], [ -76.297188236999943, 36.969550522000077 ], [ -76.297179127999982, 36.969562576000044 ], [ -76.297165788999962, 36.969577383000058 ], [ -76.297150207999948, 36.969593549000024 ], [ -76.297135719999972, 36.969606914000053 ], [ -76.297102490999976, 36.96963394800008 ], [ -76.297087318999957, 36.969647267000028 ], [ -76.297064198999976, 36.969668544000058 ], [ -76.297055433999958, 36.969677843000056 ], [ -76.297044307999954, 36.969691401000034 ], [ -76.29703664799996, 36.969697973000052 ], [ -76.297031414999935, 36.969701118000046 ], [ -76.297003820999976, 36.969717705000051 ], [ -76.296968806999985, 36.969737879000036 ], [ -76.296956826999974, 36.969743525000069 ], [ -76.296945918999938, 36.969747053000049 ], [ -76.296883671999979, 36.969705894000072 ], [ -76.296885133999979, 36.969673207000028 ], [ -76.296885163999946, 36.96967279100005 ], [ -76.296904339999969, 36.969661168000073 ], [ -76.296918461999951, 36.96965386200003 ], [ -76.296946789999936, 36.969640325000057 ], [ -76.296965732999979, 36.969629419000057 ], [ -76.297010507999971, 36.969599617000029 ], [ -76.297053688999938, 36.969568227000025 ], [ -76.297069997999984, 36.969553782000048 ], [ -76.297086498999988, 36.969535904000054 ], [ -76.297094778999963, 36.969524010000043 ], [ -76.297098123999945, 36.969517745000076 ], [ -76.297101030999954, 36.969510820000039 ], [ -76.297103066999966, 36.969503155000041 ], [ -76.297103926999966, 36.969495227000039 ], [ -76.297104158999957, 36.969474637000076 ], [ -76.297104334999972, 36.969458917000054 ], [ -76.297104038999976, 36.969442872000059 ], [ -76.297104884999953, 36.969423753000058 ], [ -76.297106800999984, 36.969380451000063 ], [ -76.297108650999974, 36.969371625000065 ], [ -76.297109940999974, 36.969360833000053 ], [ -76.297109937999949, 36.969351796000069 ], [ -76.297109338999974, 36.969346623000035 ], [ -76.297108585999979, 36.969340126000077 ], [ -76.297108263999974, 36.969338740000069 ], [ -76.297105734999946, 36.969327842000041 ], [ -76.29710115599994, 36.969313878000037 ], [ -76.297094647999984, 36.969297800000049 ], [ -76.297085858999935, 36.969278572000064 ], [ -76.297068802999945, 36.969243266000035 ], [ -76.297059246999936, 36.969225089000076 ], [ -76.297051839999938, 36.969212711000068 ], [ -76.29704524999994, 36.969205387000045 ], [ -76.297029927999972, 36.969192990000067 ], [ -76.297011551999958, 36.969180571000038 ], [ -76.296995435999975, 36.969171302000063 ], [ -76.296967306999989, 36.969157542000062 ], [ -76.29692876699994, 36.969141060000027 ], [ -76.296908555999948, 36.96913358300003 ], [ -76.296908331999987, 36.969133512000042 ], [ -76.296730237999952, 36.969060945000024 ], [ -76.296706121999989, 36.969052058000045 ], [ -76.296692995999933, 36.969048342000065 ], [ -76.296689769999944, 36.969047728000078 ], [ -76.29659468899996, 36.969016672000066 ], [ -76.296587286999966, 36.969013761000042 ], [ -76.296556104999979, 36.96900344800008 ], [ -76.296534183999938, 36.968996911000033 ], [ -76.296405776999961, 36.968968848000031 ], [ -76.296261439999967, 36.968937305000054 ] ] ] ] } },
{ "type": "Feature", "properties": { "OBJECTID": 114, "UID": 114, "LEAGUE": "Woodbine", "PRES_ADDRE": "5539 Levine Court", "MTG_FREQUE": "Sunday every Quarter", "MTG_TIME": "6:00 pm", "MTG_LOCATI": "No Information Available", "SHAPE_LENG": 8931.4618083799996, "NAME1": "Woodbine", "NAME2": "", "PRESIDENT": "Erik Bledsoe", "E_MAIL": "woodbinecivicleague@gmail.com\r\n", "created_user": null, "created_date": null, "last_edited_user": "WTILGHM", "last_edited_date": "2024-02-20T05:41:09Z", "Shape_Length": 0.027782661464463988, "Shape_Area": 4.3428391326706559e-05 }, "geometry": { "type": "MultiPolygon", "coordinates": [ [ [ [ -76.213393908999933, 36.83917389100003 ], [ -76.213217291999968, 36.839102541000045 ], [ -76.213178409999955, 36.839111751000075 ], [ -76.213119045999974, 36.839113221000048 ], [ -76.212531467999952, 36.839114370000061 ], [ -76.211572470999954, 36.839092537000056 ], [ -76.210859812999956, 36.839084942000056 ], [ -76.210475938999934, 36.839085656000066 ], [ -76.210530161999941, 36.838380588000064 ], [ -76.210564321999982, 36.836156955000035 ], [ -76.210603803999959, 36.833756895000079 ], [ -76.210609272999989, 36.83284786300004 ], [ -76.21101301899995, 36.832648480000046 ], [ -76.212878202999946, 36.831886700000041 ], [ -76.216121119999968, 36.83256857300006 ], [ -76.216192702999933, 36.832609959000024 ], [ -76.216373613999963, 36.832715083000039 ], [ -76.219778423999969, 36.836333047000039 ], [ -76.219364672999973, 36.836189894000029 ], [ -76.219357000999935, 36.836190667000039 ], [ -76.217873785999984, 36.836340141000051 ], [ -76.217836578999936, 36.836343206000038 ], [ -76.217795549999948, 36.836347340000032 ], [ -76.217725309999935, 36.836391504000062 ], [ -76.217725224999981, 36.836391558000059 ], [ -76.217699810999989, 36.836408825000035 ], [ -76.217680808999944, 36.836421715000029 ], [ -76.217675775999965, 36.836425129000077 ], [ -76.217673855999976, 36.836426457000073 ], [ -76.217640447999941, 36.836449690000052 ], [ -76.217622377999987, 36.83646092400005 ], [ -76.217615456999965, 36.836465450000048 ], [ -76.217539048999981, 36.836515434000034 ], [ -76.217525922999982, 36.83652304900005 ], [ -76.217485058999955, 36.836546757000065 ], [ -76.217456702999982, 36.836563206000051 ], [ -76.217449312999975, 36.836567580000064 ], [ -76.217399545999967, 36.836598661000039 ], [ -76.217381154999941, 36.836607909000065 ], [ -76.217362703999981, 36.836618828000042 ], [ -76.217297966999979, 36.836657137000032 ], [ -76.217292269999973, 36.836659833000056 ], [ -76.217272304999938, 36.836669278000045 ], [ -76.217130770999972, 36.836757483000042 ], [ -76.21694862399994, 36.836878676000026 ], [ -76.216778204999969, 36.836984489000031 ], [ -76.216645168999946, 36.837067091000051 ], [ -76.216536904999941, 36.837134311000057 ], [ -76.216341756999952, 36.837256320000051 ], [ -76.216245932999982, 36.837316230000056 ], [ -76.216135319999978, 36.837382909000041 ], [ -76.21598600599998, 36.837489811000069 ], [ -76.215824195999971, 36.83760565800003 ], [ -76.215714026999933, 36.83763213900005 ], [ -76.215178290999972, 36.837723056000073 ], [ -76.214940930999944, 36.837772098000073 ], [ -76.214879810999946, 36.837779349000073 ], [ -76.214823975999934, 36.837791912000057 ], [ -76.214809181999954, 36.837818120000065 ], [ -76.214804459999982, 36.837826485000051 ], [ -76.214775943999939, 36.837882143000058 ], [ -76.214775318999955, 36.837883451000039 ], [ -76.214710467999964, 36.838008566000042 ], [ -76.21465091999994, 36.838129554000034 ], [ -76.214527389999944, 36.838373669000077 ], [ -76.214504778999981, 36.838424632000056 ], [ -76.214493349999941, 36.83844666400006 ], [ -76.214487247999955, 36.838460918000067 ], [ -76.214470700999982, 36.838493391000043 ], [ -76.214426412999956, 36.838588720000075 ], [ -76.214410274999977, 36.838620408000054 ], [ -76.214365244999954, 36.83872038100003 ], [ -76.214323614999955, 36.838814919000072 ], [ -76.214320319999956, 36.838816756000028 ], [ -76.214236888999949, 36.838863273000072 ], [ -76.214167862999943, 36.838901242000077 ], [ -76.214133109999977, 36.838923062000049 ], [ -76.214090651999982, 36.838948403000074 ], [ -76.214089010999942, 36.838949299000035 ], [ -76.214033407999977, 36.838982548000047 ], [ -76.214014884999983, 36.838994210000067 ], [ -76.213914458999966, 36.839057436000076 ], [ -76.213724597999942, 36.839171265000061 ], [ -76.213639820999958, 36.839210077000075 ], [ -76.213569512999982, 36.839244832000077 ], [ -76.213566535999973, 36.839243629000066 ], [ -76.213504216, 36.839218454000047 ], [ -76.213452075999953, 36.839197391000027 ], [ -76.21342029799996, 36.839184552000063 ], [ -76.21340749999996, 36.839179382000054 ], [ -76.213393908999933, 36.83917389100003 ] ] ] ] } },
{ "type": "Feature", "properties": { "OBJECTID": 115, "UID": 115, "LEAGUE": "Young Terrace", "PRES_ADDRE": "No information Available", "MTG_FREQUE": "No Information Available", "MTG_TIME": "unknown", "MTG_LOCATI": "No Information Available", "SHAPE_LENG": 6523.2457968799999, "NAME1": "Youngs", "NAME2": "Terrace", "PRESIDENT": "Maria Coston", "E_MAIL": "mariacoston1@gmail.com", "created_user": null, "created_date": null, "last_edited_user": "WTILGHM", "last_edited_date": "2024-02-20T04:13:07Z", "Shape_Length": 0.020518982551174188, "Shape_Area": 2.2813480584274446e-05 }, "geometry": { "type": "MultiPolygon", "coordinates": [ [ [ [ -76.280087639999977, 36.853600570000026 ], [ -76.280306992999954, 36.853303901000061 ], [ -76.280310297999961, 36.853305195000075 ], [ -76.280312195999954, 36.853305938000062 ], [ -76.280314018999945, 36.85330347300004 ], [ -76.280316131999939, 36.85330061500008 ], [ -76.280431713999974, 36.853320302000043 ], [ -76.280547943999977, 36.853359055000055 ], [ -76.280579014999944, 36.853369414000042 ], [ -76.280579471999943, 36.853369523000026 ], [ -76.280601479999973, 36.853374485000074 ], [ -76.280813547999969, 36.853420866000079 ], [ -76.280934543999933, 36.853448322000077 ], [ -76.280972808999934, 36.853453986000034 ], [ -76.28106192599995, 36.853467177000027 ], [ -76.281095329999971, 36.853472122000028 ], [ -76.281279883999957, 36.853499441000054 ], [ -76.281491600999971, 36.853524783000069 ], [ -76.28237954399998, 36.853631060000055 ], [ -76.282411388999947, 36.853634635000049 ], [ -76.283066982999969, 36.85370821500004 ], [ -76.283617825999954, 36.853766802000052 ], [ -76.283876787999986, 36.85379369900005 ], [ -76.284600571999988, 36.853873604000057 ], [ -76.284699122999939, 36.853884910000033 ], [ -76.285263658999952, 36.853949672000056 ], [ -76.285270238999942, 36.853950884000028 ], [ -76.28533301799996, 36.853962442000068 ], [ -76.285332564999976, 36.853965336000044 ], [ -76.285322630999985, 36.854028742000025 ], [ -76.285308832999988, 36.854116817000033 ], [ -76.28530662199995, 36.854347972000028 ], [ -76.285304435999933, 36.854465560000051 ], [ -76.285302950999949, 36.854599925000059 ], [ -76.285302620999971, 36.854629820000071 ], [ -76.285310052999989, 36.85470801300005 ], [ -76.285313167999959, 36.854724197000053 ], [ -76.285330745999943, 36.854869118000067 ], [ -76.285348323999983, 36.854949513000065 ], [ -76.285353269999973, 36.854986595000071 ], [ -76.285380409999959, 36.855125157000032 ], [ -76.285393356999975, 36.855209677000062 ], [ -76.285448366999958, 36.855407052000032 ], [ -76.285549333999938, 36.85567848200003 ], [ -76.285618472999943, 36.855863070000055 ], [ -76.285641310999949, 36.855924044000062 ], [ -76.285701060999941, 36.856019505000063 ], [ -76.285742375999973, 36.85608551200005 ], [ -76.285747, 36.856092900000078 ], [ -76.285774930999935, 36.856137523000029 ], [ -76.285834033999947, 36.856231949000062 ], [ -76.286089634999939, 36.856661301000031 ], [ -76.286384410999972, 36.857133021000038 ], [ -76.286648146999937, 36.85758512600006 ], [ -76.286790783999948, 36.857852248000029 ], [ -76.286868746999971, 36.857916810000063 ], [ -76.286890930999959, 36.857935182000062 ], [ -76.286763318999988, 36.857973301000072 ], [ -76.286310636999985, 36.857903642000053 ], [ -76.285731502999965, 36.85783228300005 ], [ -76.284974704999968, 36.857756885000072 ], [ -76.284091478999983, 36.857679097000073 ], [ -76.283311345999948, 36.857583329000079 ], [ -76.282854649999933, 36.857534185000077 ], [ -76.282378051999956, 36.857464059000051 ], [ -76.281976631999953, 36.857395350000047 ], [ -76.281647549999946, 36.857308088000025 ], [ -76.281321304999949, 36.857240796000042 ], [ -76.280872184999964, 36.857049612000026 ], [ -76.280548310999961, 36.856901316000062 ], [ -76.280073064999954, 36.856668425000066 ], [ -76.279600033999941, 36.856476782000072 ], [ -76.279327419999959, 36.856329452000068 ], [ -76.279336254999976, 36.856308608000063 ], [ -76.279378834999989, 36.856208166000044 ], [ -76.279462769999952, 36.856027052000059 ], [ -76.279543891999936, 36.855825281000079 ], [ -76.279602279999949, 36.855582555000069 ], [ -76.279684586999963, 36.855340281000053 ], [ -76.279685324999946, 36.855315062000045 ], [ -76.279690534999986, 36.855137088000049 ], [ -76.279691272999969, 36.855111869000041 ], [ -76.279698853999946, 36.854852892000054 ], [ -76.279782946999944, 36.854549524000049 ], [ -76.279812812999978, 36.85434678200005 ], [ -76.279897487999961, 36.854023507000079 ], [ -76.279952898999966, 36.853882377000048 ], [ -76.280087639999977, 36.853600570000026 ] ] ] ] } },
{ "type": "Feature", "properties": { "OBJECTID": 116, "UID": 116, "LEAGUE": "Wellington Oaks", "PRES_ADDRE": "No information Available", "MTG_FREQUE": "2nd Monday", "MTG_TIME": "6:30 pm", "MTG_LOCATI": "Wellington Oaks Community Center", "SHAPE_LENG": null, "NAME1": "Wellington", "NAME2": "Oaks", "PRESIDENT": "Barbara Bartley", "E_MAIL": "barbaraabartley@yahoo.com", "created_user": null, "created_date": null, "last_edited_user": "NORFOLKGIS", "last_edited_date": "2019-10-21T14:01:21Z", "Shape_Length": 0.015121075422478649, "Shape_Area": 1.4062223113267135e-05 }, "geometry": { "type": "MultiPolygon", "coordinates": [ [ [ [ -76.239018659999942, 36.89982543900004 ], [ -76.235311256999978, 36.90014212400007 ], [ -76.235214247999977, 36.899954118000039 ], [ -76.234909892999951, 36.899232324000025 ], [ -76.234436950999964, 36.89806808700007 ], [ -76.234029787999987, 36.897066934000065 ], [ -76.234382766999943, 36.896985321000045 ], [ -76.235326998999938, 36.896777954000072 ], [ -76.236305339999944, 36.896559038000078 ], [ -76.237513098999955, 36.896285287000069 ], [ -76.237560350999956, 36.89639353900003 ], [ -76.237637968999934, 36.896571360000053 ], [ -76.23776943699994, 36.896636393000051 ], [ -76.237888576999978, 36.896621842000059 ], [ -76.238043947999984, 36.896602865000034 ], [ -76.238257458999954, 36.896576786000026 ], [ -76.238483544999951, 36.896549171000061 ], [ -76.239018659999942, 36.89982543900004 ] ] ] ] } },
{ "type": "Feature", "properties": { "OBJECTID": 117, "UID": 117, "LEAGUE": "Cottage Road Park", "PRES_ADDRE": "7491 Pennington Road", "MTG_FREQUE": "See Facebook Group", "MTG_TIME": "See Facebo", "MTG_LOCATI": "Facebook - Closed Group", "SHAPE_LENG": null, "NAME1": "Cottage Road", "NAME2": "Park", "PRESIDENT": "Katherine Ledsom", "E_MAIL": "katzblz@aol.com", "created_user": null, "created_date": null, "last_edited_user": "WTILGHM", "last_edited_date": "2024-02-18T13:01:20Z", "Shape_Length": 0.020703828072901314, "Shape_Area": 2.3609463839411193e-05 }, "geometry": { "type": "MultiPolygon", "coordinates": [ [ [ [ -76.256728002999978, 36.908742031000031 ], [ -76.256769641999938, 36.90872945600006 ], [ -76.257027112999936, 36.908633681000026 ], [ -76.257159975999969, 36.908510418000049 ], [ -76.257276309999952, 36.908402489000025 ], [ -76.257797416999949, 36.908756008000069 ], [ -76.257889959999943, 36.908755252000049 ], [ -76.258205226999962, 36.908784476000051 ], [ -76.258376003999956, 36.908800306000046 ], [ -76.25883844699996, 36.908877821000033 ], [ -76.259082769999964, 36.908996029000036 ], [ -76.259133246999966, 36.909019449000027 ], [ -76.259525818999975, 36.909336650000057 ], [ -76.260316911999951, 36.909989381000059 ], [ -76.260923240999944, 36.910532759000034 ], [ -76.261649045999945, 36.91126687700006 ], [ -76.262305337999976, 36.912054234000038 ], [ -76.262731126999938, 36.912599173000046 ], [ -76.261785705999955, 36.912820482000029 ], [ -76.260711134999951, 36.913072011000054 ], [ -76.26028404799996, 36.913172479000025 ], [ -76.259235513999954, 36.913419120000071 ], [ -76.259179434999965, 36.913430824000045 ], [ -76.258721917999935, 36.91352630800003 ], [ -76.258638261999977, 36.913543767000078 ], [ -76.257826117999969, 36.913728598000034 ], [ -76.257825216999947, 36.913730387000044 ], [ -76.257823888999951, 36.913730689000033 ], [ -76.257735987999979, 36.913905045000035 ], [ -76.257674755999972, 36.913880921000043 ], [ -76.257415724999987, 36.91376851900003 ], [ -76.257017137999981, 36.913595556000075 ], [ -76.256916918999934, 36.913573323000037 ], [ -76.256667485999969, 36.913516723000043 ], [ -76.256471260999945, 36.913474730000075 ], [ -76.256458171999952, 36.913471928000035 ], [ -76.256458197999962, 36.913471850000064 ], [ -76.256736179999962, 36.912616386000025 ], [ -76.255296355999974, 36.912321977000033 ], [ -76.255593627999986, 36.911461698000039 ], [ -76.255862936999961, 36.910685896000075 ], [ -76.256192166999938, 36.90961932600004 ], [ -76.256256517999986, 36.909475943000075 ], [ -76.256282269999986, 36.909372757000028 ], [ -76.25636799199998, 36.909138383000027 ], [ -76.256400043999975, 36.909071398000037 ], [ -76.256530249999969, 36.90894318200003 ], [ -76.256622855999979, 36.90889012100007 ], [ -76.256776732999981, 36.908828505000031 ], [ -76.256728002999978, 36.908742031000031 ] ] ] ] } },
{ "type": "Feature", "properties": { "OBJECTID": 118, "UID": 118, "LEAGUE": "Lafayette Shores Homeowners Association", "PRES_ADDRE": "No Information Available", "MTG_FREQUE": "No information Available", "MTG_TIME": "Unknown", "MTG_LOCATI": "No information Available", "SHAPE_LENG": null, "NAME1": "Lafayette Shores  ", "NAME2": "Homeowners Association", "PRESIDENT": "No Information Available", "E_MAIL": "clubhouse@lshoa.hrcoxmail.com", "created_user": null, "created_date": null, "last_edited_user": "WTILGHM", "last_edited_date": "2024-02-19T20:39:19Z", "Shape_Length": 0.029981062380944966, "Shape_Area": 3.4573333204297564e-05 }, "geometry": { "type": "MultiPolygon", "coordinates": [ [ [ [ -76.274609688999988, 36.88338064800007 ], [ -76.274789187999943, 36.884296067000037 ], [ -76.274809858999959, 36.884402674000057 ], [ -76.274907543999973, 36.884906494000063 ], [ -76.27498404399995, 36.885301034000065 ], [ -76.274934761999987, 36.885299345000078 ], [ -76.274829931999989, 36.88529245400008 ], [ -76.274575509999977, 36.885281912000039 ], [ -76.274349363999988, 36.885279060000073 ], [ -76.274317569999937, 36.885237761000042 ], [ -76.274283237999953, 36.885185273000047 ], [ -76.274278834999961, 36.885187449000057 ], [ -76.274088021999944, 36.885281740000039 ], [ -76.273999309999965, 36.885282456000027 ], [ -76.273915296999974, 36.885284213000034 ], [ -76.273568773999955, 36.88529145800004 ], [ -76.273566389999985, 36.885292952000043 ], [ -76.27327330199995, 36.885476489000041 ], [ -76.272766545999957, 36.88579108600004 ], [ -76.272107033999987, 36.886218363000069 ], [ -76.272031665999975, 36.886268397000038 ], [ -76.272030032999965, 36.886268249000068 ], [ -76.271981914999969, 36.886263892000045 ], [ -76.271912769999972, 36.886261345000037 ], [ -76.271732765999957, 36.886254715000064 ], [ -76.271732597999971, 36.886249863000046 ], [ -76.271735024999941, 36.886215562000075 ], [ -76.271557792999943, 36.88613562200004 ], [ -76.271265755999934, 36.88615975700003 ], [ -76.271201835999989, 36.886165153000036 ], [ -76.271138457999939, 36.886168479000048 ], [ -76.271092996999982, 36.886173851000024 ], [ -76.270789845999957, 36.886193840000033 ], [ -76.270532338999942, 36.886210825000035 ], [ -76.27030807999995, 36.886219299000061 ], [ -76.269745239999963, 36.886204752000026 ], [ -76.268388258999948, 36.886133943000061 ], [ -76.268318631999989, 36.886135473000024 ], [ -76.268208844999947, 36.88612695900008 ], [ -76.268089977999978, 36.886130663000074 ], [ -76.268018600999937, 36.886129307000033 ], [ -76.267923060999976, 36.886115884000048 ], [ -76.267108625999981, 36.886133237000024 ], [ -76.267106257999956, 36.886135275000072 ], [ -76.267087820999961, 36.886135472000035 ], [ -76.266925539999988, 36.886290744000064 ], [ -76.266881511999941, 36.886328620000029 ], [ -76.266845538999974, 36.886367288000031 ], [ -76.266782318999958, 36.886427776000062 ], [ -76.266604800999971, 36.88659283100003 ], [ -76.266593672999988, 36.886607515000037 ], [ -76.266592859999946, 36.886608103000071 ], [ -76.266581859999974, 36.886623102000044 ], [ -76.26645057099995, 36.886796338000067 ], [ -76.266323642999964, 36.886859909000066 ], [ -76.266187714999944, 36.886929032000069 ], [ -76.266053001999978, 36.887218619000066 ], [ -76.265936650999947, 36.887433093000027 ], [ -76.265931691999981, 36.887442233000058 ], [ -76.265837705999957, 36.887420540000051 ], [ -76.26573519699997, 36.887400864000028 ], [ -76.265703923999979, 36.887394861000075 ], [ -76.265578050999977, 36.887375723000048 ], [ -76.265272363999941, 36.887315820000026 ], [ -76.265084976999958, 36.887278133000052 ], [ -76.264239419999967, 36.887110176000078 ], [ -76.264030743999967, 36.88706637000007 ], [ -76.26381388599998, 36.887023356000043 ], [ -76.263555933999953, 36.886975776000043 ], [ -76.263515993999988, 36.886968409000076 ], [ -76.263423562999947, 36.886949627000035 ], [ -76.263520009999979, 36.886654408000027 ], [ -76.26358853399995, 36.886439755000026 ], [ -76.263611195999943, 36.886368765000043 ], [ -76.263611662999949, 36.886368856000047 ], [ -76.263613688999953, 36.886362646000066 ], [ -76.26367543799995, 36.886379045000069 ], [ -76.26370523099996, 36.886376517000031 ], [ -76.263820898999938, 36.885991256000068 ], [ -76.264129881999963, 36.885090858000069 ], [ -76.264192342999934, 36.884908839000047 ], [ -76.264236620999952, 36.884756294000056 ], [ -76.264307919999965, 36.88451066500005 ], [ -76.264383004999956, 36.884311908000029 ], [ -76.264397581999958, 36.884269655000026 ], [ -76.26440463199998, 36.88424866400004 ], [ -76.264432552999949, 36.884165839000048 ], [ -76.264092491999975, 36.884091953000052 ], [ -76.264092860999938, 36.884090617000027 ], [ -76.264087653999979, 36.884089518000053 ], [ -76.264106027999958, 36.884031868000079 ], [ -76.264147142999946, 36.883875964000026 ], [ -76.264237011999967, 36.883566388000077 ], [ -76.26431587999997, 36.883265161000054 ], [ -76.264360003999968, 36.883086995000042 ], [ -76.264799124999968, 36.883080151000058 ], [ -76.265155296999978, 36.88293494900006 ], [ -76.265317079999988, 36.882866722000074 ], [ -76.265458321999972, 36.882806505000076 ], [ -76.265602955999952, 36.882744821000074 ], [ -76.265999564999959, 36.882563772000026 ], [ -76.26601126199995, 36.882555746000037 ], [ -76.266049104, 36.882511062000049 ], [ -76.266138615999978, 36.882436924000046 ], [ -76.266422549999959, 36.88217484200004 ], [ -76.267078380999976, 36.88213259500003 ], [ -76.267223502999968, 36.882156542000075 ], [ -76.267774179999947, 36.882285718000048 ], [ -76.268009060999987, 36.882324053000048 ], [ -76.26801530299997, 36.882327315000055 ], [ -76.268258105999962, 36.882454532000054 ], [ -76.268461288999958, 36.882574875000046 ], [ -76.268647388999966, 36.882684606000055 ], [ -76.268744895999987, 36.882739180000044 ], [ -76.269118678999973, 36.88296456900008 ], [ -76.269294471999956, 36.883076410000058 ], [ -76.269427004999955, 36.883158024000068 ], [ -76.269561536999959, 36.883252755000058 ], [ -76.269771163999962, 36.883400362000032 ], [ -76.270069805999981, 36.883628276000024 ], [ -76.270119518999934, 36.883623215000057 ], [ -76.270209764999947, 36.883617222000055 ], [ -76.27038055099996, 36.883603734000076 ], [ -76.270856520999985, 36.883573391000027 ], [ -76.27087245599995, 36.883573221000063 ], [ -76.271068826999965, 36.883571120000056 ], [ -76.271283065999967, 36.883553593000045 ], [ -76.27147830499996, 36.883531248000054 ], [ -76.271611224999958, 36.88352535100006 ], [ -76.272105462999946, 36.883503420000068 ], [ -76.27292585899994, 36.883490091000056 ], [ -76.273116614999935, 36.883489128000065 ], [ -76.273424106999983, 36.883481993000032 ], [ -76.273923606999972, 36.883470337000063 ], [ -76.273978119999981, 36.88346318400005 ], [ -76.273978242999988, 36.883463167000059 ], [ -76.274609688999988, 36.88338064800007 ] ] ], [ [ [ -76.274609856999973, 36.883380626000076 ], [ -76.274609688999988, 36.88338064800007 ], [ -76.274609357999964, 36.883378039000036 ], [ -76.274609845999976, 36.883380567000074 ], [ -76.274609856999973, 36.883380626000076 ] ] ] ] } },
{ "type": "Feature", "properties": { "OBJECTID": 119, "UID": 119, "LEAGUE": "No Civic League", "PRES_ADDRE": " ", "MTG_FREQUE": " ", "MTG_TIME": " ", "MTG_LOCATI": " ", "SHAPE_LENG": 984423.75920500001, "NAME1": "", "NAME2": "", "PRESIDENT": " ", "E_MAIL": "None", "created_user": null, "created_date": null, "last_edited_user": "WTILGHM", "last_edited_date": "2024-02-20T04:49:32Z", "Shape_Length": 0.03458425833181511, "Shape_Area": 5.2083592008938388e-05 }, "geometry": { "type": "MultiPolygon", "coordinates": [ [ [ [ -76.253434771999935, 36.908429319000049 ], [ -76.253527412999972, 36.908450394000056 ], [ -76.253432532999966, 36.908557451000036 ], [ -76.253434589999983, 36.90855920100006 ], [ -76.253434528999946, 36.908559269000079 ], [ -76.253451535999943, 36.908573613000044 ], [ -76.253620478999949, 36.908716091000031 ], [ -76.253636610999934, 36.908730457000047 ], [ -76.253658428999984, 36.908738281000069 ], [ -76.254055111999946, 36.908818278000069 ], [ -76.254287465999937, 36.908857620000049 ], [ -76.254496078999978, 36.90889899900003 ], [ -76.254488135999964, 36.90892651200005 ], [ -76.254589099999976, 36.908949957000061 ], [ -76.254570797999975, 36.908984675000056 ], [ -76.254977080999936, 36.909072184000024 ], [ -76.255528545999937, 36.909186119000026 ], [ -76.255807049999987, 36.909243659000026 ], [ -76.255948599999954, 36.90927201900007 ], [ -76.255943901999956, 36.909288716000049 ], [ -76.255939369999965, 36.909298659000058 ], [ -76.255957360999957, 36.909302127000046 ], [ -76.255964149999954, 36.909303436000073 ], [ -76.256282269999986, 36.909372757000028 ], [ -76.256256517999986, 36.909475943000075 ], [ -76.256192166999938, 36.90961932600004 ], [ -76.255862936999961, 36.910685896000075 ], [ -76.255593627999986, 36.911461698000039 ], [ -76.255296355999974, 36.912321977000033 ], [ -76.256736179999962, 36.912616386000025 ], [ -76.256458197999962, 36.913471850000064 ], [ -76.256458171999952, 36.913471928000035 ], [ -76.255171777999976, 36.913237671000047 ], [ -76.254584740999974, 36.914949138000054 ], [ -76.254215730999988, 36.916229532000045 ], [ -76.251932078999971, 36.915573936000044 ], [ -76.251931961999958, 36.915574133000064 ], [ -76.251852835999955, 36.915707730000065 ], [ -76.250490652999986, 36.915467461000048 ], [ -76.250464951999959, 36.915463062000072 ], [ -76.250527581999961, 36.915278963000048 ], [ -76.250318204999985, 36.915236596000057 ], [ -76.250320951999981, 36.915236649000065 ], [ -76.25041631199997, 36.915153050000072 ], [ -76.250475936999976, 36.915065473000027 ], [ -76.250488150999956, 36.915014194000037 ], [ -76.250475430999984, 36.914962437000042 ], [ -76.250350426999944, 36.914731095000036 ], [ -76.248928128999978, 36.913903730000072 ], [ -76.248734866999939, 36.913788323000063 ], [ -76.248324046999983, 36.91354300100005 ], [ -76.248141460999989, 36.913433968000049 ], [ -76.248078751999969, 36.913396424000041 ], [ -76.248021556999959, 36.913363734000029 ], [ -76.247971243999984, 36.913329801000032 ], [ -76.247962880999978, 36.913324291000038 ], [ -76.247944398999948, 36.913312115000053 ], [ -76.247914459999947, 36.913291428000036 ], [ -76.247856206999984, 36.913246487000038 ], [ -76.247806036999975, 36.913207750000026 ], [ -76.247759346999942, 36.91316701900007 ], [ -76.247716096999966, 36.913125665000052 ], [ -76.24761984099996, 36.913029281000036 ], [ -76.247541575999946, 36.912947983000038 ], [ -76.247168142999953, 36.912567748000072 ], [ -76.24709182099997, 36.912487983000062 ], [ -76.24704203899995, 36.912436203000027 ], [ -76.246995695999942, 36.912383801000033 ], [ -76.246949374999986, 36.912330713000074 ], [ -76.246903073999988, 36.912276937000058 ], [ -76.246860212999934, 36.912222541000062 ], [ -76.246817371999953, 36.912167460000035 ], [ -76.246774530999971, 36.912112377000028 ], [ -76.246735150999939, 36.912055988000077 ], [ -76.246692555999971, 36.911992668000039 ], [ -76.246627124999975, 36.91189182100004 ], [ -76.246591225999964, 36.911833437000041 ], [ -76.246580675999951, 36.911816282000075 ], [ -76.246574571999986, 36.911806351000052 ], [ -76.246550558999957, 36.911761154000033 ], [ -76.24652124399995, 36.911707209000042 ], [ -76.24649081299998, 36.911651892000066 ], [ -76.246487848999948, 36.911646258000076 ], [ -76.246474823999961, 36.911621503000049 ], [ -76.246462501999986, 36.911593544000027 ], [ -76.246459784999956, 36.911587893000046 ], [ -76.246432781999943, 36.911531732000071 ], [ -76.246430790999966, 36.911527579000051 ], [ -76.246403230999988, 36.911469578000037 ], [ -76.246371988999954, 36.911411668000028 ], [ -76.246141910999938, 36.910950465000042 ], [ -76.245663444999934, 36.910012670000071 ], [ -76.247591150999938, 36.909386132000066 ], [ -76.248112711999966, 36.909214398000074 ], [ -76.248171574999958, 36.909197179000046 ], [ -76.248708195999939, 36.909040198000071 ], [ -76.248973796999962, 36.908977145000051 ], [ -76.249007552999956, 36.908969131000049 ], [ -76.249031383999977, 36.908967595000036 ], [ -76.249317276999989, 36.908949177000068 ], [ -76.249504477999949, 36.908976797000037 ], [ -76.249776191999956, 36.909016887000064 ], [ -76.249723433999975, 36.909196199000064 ], [ -76.249698380999973, 36.909298152000076 ], [ -76.249728839999989, 36.909651481000026 ], [ -76.249729194999986, 36.909655602000043 ], [ -76.250135385999954, 36.909443270000054 ], [ -76.250149944999976, 36.909435660000042 ], [ -76.250154768999948, 36.909433139000043 ], [ -76.25018427599997, 36.90930043000003 ], [ -76.250751481999941, 36.909016989000065 ], [ -76.25150780599995, 36.909103677000076 ], [ -76.251775605999967, 36.908747583000036 ], [ -76.252155036999966, 36.908954721000043 ], [ -76.252332783999975, 36.909047785000041 ], [ -76.252654898999936, 36.909225947000039 ], [ -76.252659910999967, 36.909220825000034 ], [ -76.252670205999948, 36.909226359000058 ], [ -76.25283528999995, 36.909050916000069 ], [ -76.253135971999939, 36.908740487000046 ], [ -76.253154799999947, 36.908722394000051 ], [ -76.253197140999987, 36.90867733500005 ], [ -76.253214090999961, 36.908659835000037 ], [ -76.25343438799996, 36.908429719000026 ], [ -76.253434771999935, 36.908429319000049 ] ] ] ] } },
{ "type": "Feature", "properties": { "OBJECTID": 120, "UID": 120, "LEAGUE": "No Civic League", "PRES_ADDRE": " ", "MTG_FREQUE": " ", "MTG_TIME": " ", "MTG_LOCATI": " ", "SHAPE_LENG": 984423.75920500001, "NAME1": "", "NAME2": "", "PRESIDENT": " ", "E_MAIL": "None", "created_user": null, "created_date": null, "last_edited_user": "WTILGHM", "last_edited_date": "2024-02-19T18:21:55Z", "Shape_Length": 0.011959199945483936, "Shape_Area": 5.5292798185942902e-06 }, "geometry": { "type": "MultiPolygon", "coordinates": [ [ [ [ -76.237944461999973, 36.914470382000047 ], [ -76.236992167999972, 36.913132613000073 ], [ -76.236775253999951, 36.91283446500006 ], [ -76.237092992999976, 36.913078920000032 ], [ -76.237130012999955, 36.913099551000073 ], [ -76.237429502999987, 36.91311963000004 ], [ -76.237734451999984, 36.912934084000028 ], [ -76.237933718999955, 36.912881492000054 ], [ -76.23840484599998, 36.913290304000043 ], [ -76.238801507999938, 36.91329793500006 ], [ -76.238807444999964, 36.913298050000037 ], [ -76.238839121999945, 36.913298659000077 ], [ -76.238992548999988, 36.913316722000047 ], [ -76.239229190999936, 36.913412623000056 ], [ -76.239237496999976, 36.913415851000025 ], [ -76.239451383999949, 36.913498979000053 ], [ -76.239655337999977, 36.913571586000046 ], [ -76.239951875999964, 36.913646927000059 ], [ -76.240111172999946, 36.913659133000067 ], [ -76.240334136999934, 36.913676217000045 ], [ -76.240709428999935, 36.913654008000037 ], [ -76.240788322999947, 36.913647282000056 ], [ -76.241235235999966, 36.913606418000029 ], [ -76.241450473999976, 36.914761421000037 ], [ -76.238912398999958, 36.914943558000061 ], [ -76.23807557899994, 36.915004780000061 ], [ -76.238094640999975, 36.91480708000006 ], [ -76.237944461999973, 36.914470382000047 ] ] ] ] } },
{ "type": "Feature", "properties": { "OBJECTID": 121, "UID": 121, "LEAGUE": "No Civic League", "PRES_ADDRE": "", "MTG_FREQUE": "", "MTG_TIME": "", "MTG_LOCATI": "", "SHAPE_LENG": 20910.742633099999, "NAME1": "", "NAME2": "", "PRESIDENT": "", "E_MAIL": "", "created_user": null, "created_date": null, "last_edited_user": "WTILGHM", "last_edited_date": "2024-02-19T20:39:19Z", "Shape_Length": 0.038288197177004026, "Shape_Area": 4.6988006635210852e-05 }, "geometry": { "type": "MultiPolygon", "coordinates": [ [ [ [ -76.258164761999979, 36.891642362000027 ], [ -76.258727692999969, 36.890621066000051 ], [ -76.258936890999962, 36.89012303800007 ], [ -76.259025734999966, 36.889922437000052 ], [ -76.259123937999959, 36.889621010000042 ], [ -76.259290161999957, 36.889119839000045 ], [ -76.259298203999947, 36.889095595000072 ], [ -76.259868842999936, 36.88743558200008 ], [ -76.259979554999973, 36.887456772000064 ], [ -76.260575046999975, 36.887578616000042 ], [ -76.260526289999973, 36.887741659000028 ], [ -76.260778395999978, 36.887794041000063 ], [ -76.261475737999945, 36.887929473000042 ], [ -76.261604532999968, 36.887954164000064 ], [ -76.262263982999968, 36.888089066000077 ], [ -76.262285528999939, 36.888000988000044 ], [ -76.26230594499998, 36.887936400000058 ], [ -76.262313431999985, 36.887915679000059 ], [ -76.262352651999947, 36.887923740000076 ], [ -76.262405562999959, 36.88772820500003 ], [ -76.26242661699996, 36.887653580000062 ], [ -76.262427355999989, 36.887650961000077 ], [ -76.262596149999979, 36.887684859000046 ], [ -76.262758730999963, 36.887716556000044 ], [ -76.263134946999969, 36.887789903000055 ], [ -76.263335124999969, 36.887829746000079 ], [ -76.263361264999958, 36.887835327000062 ], [ -76.263401801999976, 36.887844271000063 ], [ -76.263436496999987, 36.887851392000073 ], [ -76.26365905199998, 36.88789706700004 ], [ -76.26401821099995, 36.887975594000068 ], [ -76.264075936999973, 36.887987919000068 ], [ -76.264822910999953, 36.888126863000025 ], [ -76.264824321999981, 36.888127126000029 ], [ -76.265067089999945, 36.887338357000033 ], [ -76.265084976999958, 36.887278133000052 ], [ -76.265272363999941, 36.887315820000026 ], [ -76.265578050999977, 36.887375723000048 ], [ -76.265703923999979, 36.887394861000075 ], [ -76.26573519699997, 36.887400864000028 ], [ -76.265837705999957, 36.887420540000051 ], [ -76.265931691999981, 36.887442233000058 ], [ -76.265936650999947, 36.887433093000027 ], [ -76.266053001999978, 36.887218619000066 ], [ -76.266187714999944, 36.886929032000069 ], [ -76.266323642999964, 36.886859909000066 ], [ -76.26645057099995, 36.886796338000067 ], [ -76.266581859999974, 36.886623102000044 ], [ -76.266592859999946, 36.886608103000071 ], [ -76.266593672999988, 36.886607515000037 ], [ -76.266604800999971, 36.88659283100003 ], [ -76.266782318999958, 36.886427776000062 ], [ -76.266845538999974, 36.886367288000031 ], [ -76.266881511999941, 36.886328620000029 ], [ -76.266925539999988, 36.886290744000064 ], [ -76.267087820999961, 36.886135472000035 ], [ -76.267106257999956, 36.886135275000072 ], [ -76.267108625999981, 36.886133237000024 ], [ -76.267923060999976, 36.886115884000048 ], [ -76.268018600999937, 36.886129307000033 ], [ -76.268089977999978, 36.886130663000074 ], [ -76.268208844999947, 36.88612695900008 ], [ -76.268318631999989, 36.886135473000024 ], [ -76.268388258999948, 36.886133943000061 ], [ -76.269745239999963, 36.886204752000026 ], [ -76.27030807999995, 36.886219299000061 ], [ -76.270532338999942, 36.886210825000035 ], [ -76.270789845999957, 36.886193840000033 ], [ -76.271092996999982, 36.886173851000024 ], [ -76.271138457999939, 36.886168479000048 ], [ -76.271201835999989, 36.886165153000036 ], [ -76.271265755999934, 36.88615975700003 ], [ -76.271557792999943, 36.88613562200004 ], [ -76.271735024999941, 36.886215562000075 ], [ -76.271732597999971, 36.886249863000046 ], [ -76.271728159999952, 36.886286897000048 ], [ -76.271698923999963, 36.886470245000055 ], [ -76.271689846999948, 36.886547864000079 ], [ -76.271678536999957, 36.886756104000028 ], [ -76.271640973999979, 36.887059669000053 ], [ -76.271634178999989, 36.887063979000061 ], [ -76.271633556999973, 36.887068863000025 ], [ -76.271551991999956, 36.887119979000033 ], [ -76.271526173999973, 36.887132498000028 ], [ -76.27151192599996, 36.887141537000048 ], [ -76.271424233999937, 36.887181930000054 ], [ -76.271281859999988, 36.887247513000034 ], [ -76.271332301999962, 36.887310005000074 ], [ -76.27164092199996, 36.88769234800003 ], [ -76.271289030999981, 36.887878336000028 ], [ -76.271303219999936, 36.887962884000046 ], [ -76.271316591999948, 36.888042555000027 ], [ -76.27140228899998, 36.888228513000058 ], [ -76.271452480999983, 36.888337425000032 ], [ -76.271548444999951, 36.888684366000064 ], [ -76.271565898999938, 36.888744921000068 ], [ -76.271665244999951, 36.889089604000048 ], [ -76.271576355999969, 36.889103326000054 ], [ -76.271281817999977, 36.889144669000075 ], [ -76.270886326999971, 36.889171601000044 ], [ -76.270779551999965, 36.889177413000027 ], [ -76.270441690999974, 36.889151770000069 ], [ -76.269647373999987, 36.888978823000059 ], [ -76.268819643999961, 36.888830448000078 ], [ -76.26813593199995, 36.888683019000041 ], [ -76.267258938999987, 36.888517135000029 ], [ -76.267258337999976, 36.888519103000078 ], [ -76.267046946999983, 36.889211629000044 ], [ -76.266770144999953, 36.890132236000056 ], [ -76.266634601999954, 36.890553443000044 ], [ -76.26641280299998, 36.891152978000036 ], [ -76.265435541999977, 36.890945515000055 ], [ -76.265334374999952, 36.891266061000067 ], [ -76.265324607999958, 36.891289187000041 ], [ -76.265290162999975, 36.891370743000039 ], [ -76.265287108999985, 36.891384201000051 ], [ -76.265284741999949, 36.891388358000029 ], [ -76.265282887999945, 36.891402807000077 ], [ -76.265277652999941, 36.891443585000047 ], [ -76.265195508999966, 36.891605102000028 ], [ -76.265014896999958, 36.891932179000037 ], [ -76.264975018999962, 36.892004396000061 ], [ -76.264408123999942, 36.89211769700006 ], [ -76.263640699999939, 36.892270846000031 ], [ -76.263618836999967, 36.892275159000064 ], [ -76.263618296999937, 36.892275317000042 ], [ -76.263616037999952, 36.892275768000047 ], [ -76.263247657999955, 36.892383231000053 ], [ -76.262796630999958, 36.892512966000027 ], [ -76.262590103999969, 36.892577087000063 ], [ -76.262583723999967, 36.892578959000048 ], [ -76.262392018999947, 36.892550047000043 ], [ -76.26190964999995, 36.892474224000068 ], [ -76.260400187999949, 36.892246556000032 ], [ -76.259004303999973, 36.892035999000029 ], [ -76.258164761999979, 36.891642362000027 ] ] ] ] } },
{ "type": "Feature", "properties": { "OBJECTID": 122, "UID": 122, "LEAGUE": "No Civic League", "PRES_ADDRE": "", "MTG_FREQUE": "", "MTG_TIME": "", "MTG_LOCATI": "", "SHAPE_LENG": 11488.5187621, "NAME1": "", "NAME2": "", "PRESIDENT": "", "E_MAIL": "", "created_user": null, "created_date": null, "last_edited_user": "WTILGHM", "last_edited_date": "2024-02-19T19:54:15Z", "Shape_Length": 0.024607098984967515, "Shape_Area": 2.2938509441533961e-05 }, "geometry": { "type": "MultiPolygon", "coordinates": [ [ [ [ -76.255379323999989, 36.897561246000066 ], [ -76.255179939999948, 36.897060454000041 ], [ -76.254780030999939, 36.895991565000031 ], [ -76.254652927999985, 36.895659089000048 ], [ -76.254561702999979, 36.89528699400006 ], [ -76.254540449, 36.895097797000062 ], [ -76.254769310999961, 36.89448890400007 ], [ -76.254934116999948, 36.894054919000041 ], [ -76.255044035999958, 36.893363967000028 ], [ -76.254741513999988, 36.893037293000077 ], [ -76.254570581999985, 36.892852703000074 ], [ -76.254258056999959, 36.892207112000051 ], [ -76.254144695999969, 36.892007465000063 ], [ -76.254283598999962, 36.891627726000024 ], [ -76.253762563999942, 36.891251861000057 ], [ -76.253725619999955, 36.890668048000066 ], [ -76.253478592999954, 36.890275256000052 ], [ -76.253476415999955, 36.890274921000071 ], [ -76.25317973999995, 36.890229283000053 ], [ -76.253296580999972, 36.89003789700007 ], [ -76.253021426999965, 36.889710102000038 ], [ -76.25299266199994, 36.889675834000059 ], [ -76.25292434499994, 36.889477705000047 ], [ -76.252806819999989, 36.889059713000051 ], [ -76.252788635999934, 36.888995043000079 ], [ -76.253575104999982, 36.888805151000042 ], [ -76.254141626999967, 36.888873774000047 ], [ -76.254150378999952, 36.888920232000032 ], [ -76.254165987999954, 36.888982363000025 ], [ -76.254166487999953, 36.888984353000069 ], [ -76.255428964999965, 36.889002041000026 ], [ -76.256048459999988, 36.889219240000045 ], [ -76.256807599999945, 36.889814860000058 ], [ -76.256442000999982, 36.890392801000075 ], [ -76.257460219999984, 36.891086381000036 ], [ -76.258060518999969, 36.891492885000048 ], [ -76.258164761999979, 36.891642362000027 ], [ -76.258153470999957, 36.89167717600003 ], [ -76.258136218999937, 36.891713443000071 ], [ -76.257628269999941, 36.892781220000074 ], [ -76.256993245999979, 36.895284333000063 ], [ -76.256905472999961, 36.895562831000063 ], [ -76.256811023999944, 36.895832194000036 ], [ -76.256806927999946, 36.895831869000062 ], [ -76.256481129999941, 36.895806013000026 ], [ -76.256363186999977, 36.89585945500005 ], [ -76.256290289999981, 36.895888832000026 ], [ -76.256235952999987, 36.895915540000033 ], [ -76.25622459799996, 36.895919844000048 ], [ -76.256177294999986, 36.895936258000063 ], [ -76.256260190999967, 36.89613077100006 ], [ -76.256269237999959, 36.89615199800005 ], [ -76.256272754999941, 36.896194761000061 ], [ -76.256319549999944, 36.896763565000072 ], [ -76.256413174999977, 36.896955757000057 ], [ -76.256419517999973, 36.896968780000066 ], [ -76.256105951999984, 36.897508150000078 ], [ -76.25601476199995, 36.897468632000027 ], [ -76.255803344999947, 36.897446050000042 ], [ -76.255569200999958, 36.897497900000076 ], [ -76.255379323999989, 36.897561246000066 ] ] ] ] } },
{ "type": "Feature", "properties": { "OBJECTID": 123, "UID": 123, "LEAGUE": "Braywood Manor", "PRES_ADDRE": "No Information Available", "MTG_FREQUE": "2nd Thursday, monthly", "MTG_TIME": "6:00 pm", "MTG_LOCATI": "Community Room", "SHAPE_LENG": null, "NAME1": "Braywood", "NAME2": "Manor", "PRESIDENT": "Kenneth Dolberry", "E_MAIL": "dolberry32@yahoo.com", "created_user": null, "created_date": null, "last_edited_user": "RFRASHE", "last_edited_date": "2022-12-02T18:03:23Z", "Shape_Length": 0.0066503025867827234, "Shape_Area": 2.4849843496845947e-06 }, "geometry": { "type": "MultiPolygon", "coordinates": [ [ [ [ -76.238201773999947, 36.904900216000044 ], [ -76.238215197999978, 36.90489972000006 ], [ -76.238228865999986, 36.904900001000044 ], [ -76.238243662999935, 36.904901197000072 ], [ -76.238259846999938, 36.904903596000054 ], [ -76.238276905999953, 36.904907424000044 ], [ -76.238290196999969, 36.904911393000077 ], [ -76.238303502999941, 36.904916319000051 ], [ -76.238323371999968, 36.90492598000003 ], [ -76.238340286999971, 36.904935533000071 ], [ -76.238356242999942, 36.904944393000051 ], [ -76.238371222999945, 36.904952570000034 ], [ -76.238391883999952, 36.904963641000052 ], [ -76.238407184999971, 36.904971689000035 ], [ -76.238421059999951, 36.90497887600003 ], [ -76.238432784999986, 36.904984865000074 ], [ -76.238445912999964, 36.904991481000025 ], [ -76.238461557999983, 36.904999253000028 ], [ -76.238480853999988, 36.905008656000064 ], [ -76.238502095999934, 36.905018787000074 ], [ -76.238521008999953, 36.905027614000062 ], [ -76.238542504999941, 36.905037436000043 ], [ -76.238569189999964, 36.905049304000045 ], [ -76.238591378999956, 36.905058913000062 ], [ -76.238619256999982, 36.905070658000056 ], [ -76.238641088999941, 36.905079602000058 ], [ -76.238662725999973, 36.905088256000056 ], [ -76.238681631999953, 36.905095642000049 ], [ -76.238711207999984, 36.905106885000066 ], [ -76.238727068999935, 36.905112754000072 ], [ -76.238753666999969, 36.905122347000031 ], [ -76.238777915999947, 36.905130838000048 ], [ -76.238802787999987, 36.905139289000033 ], [ -76.238823837999973, 36.905146244000036 ], [ -76.23885138299994, 36.905155068000056 ], [ -76.238867931999948, 36.905160225000031 ], [ -76.238885866999965, 36.905165691000036 ], [ -76.238899409999988, 36.905169732000047 ], [ -76.238930584999935, 36.905181574000039 ], [ -76.238948429999937, 36.90518886600006 ], [ -76.238970945999938, 36.905198555000027 ], [ -76.239001895999934, 36.905212784000071 ], [ -76.239027520999969, 36.905225403000031 ], [ -76.239060842999947, 36.905243019000068 ], [ -76.23907513599994, 36.905251019000048 ], [ -76.239091279999968, 36.905260383000041 ], [ -76.239115467999966, 36.905275118000077 ], [ -76.239135740999984, 36.905288140000039 ], [ -76.239157663999947, 36.905302960000029 ], [ -76.239186916999984, 36.905324026000073 ], [ -76.239199859999985, 36.905333852000069 ], [ -76.239223047999985, 36.905352292000032 ], [ -76.239240054999982, 36.905366540000045 ], [ -76.239253021999957, 36.90537785600003 ], [ -76.239266809999947, 36.905390343000079 ], [ -76.239278443999979, 36.905401252000047 ], [ -76.239304147999974, 36.905426734000059 ], [ -76.239316198999973, 36.905439384000033 ], [ -76.239331925999977, 36.905456645000072 ], [ -76.23934703599997, 36.905474114000071 ], [ -76.239360328999965, 36.905490266000072 ], [ -76.23937566799998, 36.905509922000078 ], [ -76.239385064999965, 36.905522566000059 ], [ -76.239397463999978, 36.905540038000026 ], [ -76.239411582999935, 36.905561146000025 ], [ -76.239422873999956, 36.905579104000026 ], [ -76.239442162999978, 36.905612441000073 ], [ -76.239453846999936, 36.905634616000043 ], [ -76.239461345999985, 36.905649822000044 ], [ -76.23947108699997, 36.905670919000045 ], [ -76.239477828999952, 36.905686595000077 ], [ -76.239482651999936, 36.905698459000064 ], [ -76.239488290999986, 36.905713090000063 ], [ -76.239493591999974, 36.905727754000054 ], [ -76.239500223999983, 36.905747602000076 ], [ -76.239507765999974, 36.905772865000074 ], [ -76.239515391999987, 36.90580258500006 ], [ -76.239519757999972, 36.905823736000059 ], [ -76.239524223999979, 36.905845687000067 ], [ -76.239532735999944, 36.905887583000037 ], [ -76.239539888999957, 36.905922787000065 ], [ -76.239544612999964, 36.905946031000042 ], [ -76.239548436999939, 36.905964858000061 ], [ -76.239552579999952, 36.905985250000072 ], [ -76.239558328999976, 36.90601354000006 ], [ -76.239562275999958, 36.906032943000071 ], [ -76.23956617999994, 36.906052177000049 ], [ -76.239571593999983, 36.906078811000043 ], [ -76.239575613999989, 36.906098581000037 ], [ -76.239580018999959, 36.906120261000069 ], [ -76.239582469999959, 36.906139827000061 ], [ -76.239583405999952, 36.90615190300008 ], [ -76.239584229999934, 36.90616465800008 ], [ -76.239585474999956, 36.906193642000062 ], [ -76.239585789999978, 36.906210101000056 ], [ -76.239585782999939, 36.906230975000028 ], [ -76.239585081999962, 36.906258494000042 ], [ -76.239583272999937, 36.906290519000038 ], [ -76.239581517999966, 36.906311310000035 ], [ -76.239579653999954, 36.906329178000078 ], [ -76.239576140999986, 36.906356484000071 ], [ -76.23957222599995, 36.906381588000045 ], [ -76.239567895999983, 36.906405334000056 ], [ -76.239563156999964, 36.906428177000066 ], [ -76.239560413999982, 36.906440289000045 ], [ -76.23955602999996, 36.906458317000045 ], [ -76.239549787999977, 36.906481767000059 ], [ -76.239543714999968, 36.906502643000067 ], [ -76.23953886399994, 36.906518209000069 ], [ -76.239532365999935, 36.906537800000024 ], [ -76.239520380999977, 36.906570851000026 ], [ -76.239512443999956, 36.906590999000059 ], [ -76.239501150999956, 36.906617717000074 ], [ -76.239487032999989, 36.906648528000062 ], [ -76.239478466999969, 36.906666036000047 ], [ -76.239470273999984, 36.906682072000024 ], [ -76.239459484999941, 36.906702227000039 ], [ -76.239448600999935, 36.906721599000036 ], [ -76.239441179999972, 36.906734308000068 ], [ -76.239431967999963, 36.906749559000048 ], [ -76.239414056999976, 36.906777797000075 ], [ -76.239394133999951, 36.906808243000057 ], [ -76.239376968999977, 36.906833801000062 ], [ -76.239363870999966, 36.906852922000041 ], [ -76.239355012999965, 36.906865659000061 ], [ -76.239337347999935, 36.906890640000029 ], [ -76.239328194999985, 36.906903365000062 ], [ -76.239314175999937, 36.906922587000054 ], [ -76.239294878999942, 36.906948509000074 ], [ -76.23927879699994, 36.906969665000076 ], [ -76.239260172999934, 36.906993687000067 ], [ -76.239244146999965, 36.907013950000078 ], [ -76.239226851999945, 36.907035427000039 ], [ -76.239210396999965, 36.907055495000066 ], [ -76.239193285999988, 36.907075990000067 ], [ -76.239177785999971, 36.907093630000077 ], [ -76.239161153999987, 36.907111653000072 ], [ -76.239154134999978, 36.907119598000065 ], [ -76.238180565999983, 36.906833066000047 ], [ -76.238158662999979, 36.906825604000062 ], [ -76.238134962999936, 36.906816787000025 ], [ -76.238119169999948, 36.906810457000063 ], [ -76.238099237999961, 36.906801943000062 ], [ -76.238078909999956, 36.906792611000071 ], [ -76.238063040999975, 36.906784856000058 ], [ -76.238044190999972, 36.906775079000056 ], [ -76.238027536999937, 36.906765897000071 ], [ -76.238012054999956, 36.906756883000071 ], [ -76.237989401999982, 36.906742798000039 ], [ -76.23797688999997, 36.90673453800008 ], [ -76.237965952999957, 36.906727019000073 ], [ -76.237950334999937, 36.906715763000079 ], [ -76.237937097999975, 36.906705713000065 ], [ -76.237923205999948, 36.906694636000054 ], [ -76.237915056999952, 36.906687868000063 ], [ -76.23790441999995, 36.906678706000037 ], [ -76.237895365999975, 36.906670553000026 ], [ -76.237892315999943, 36.906667804000051 ], [ -76.237881337999966, 36.906657449000079 ], [ -76.237875638999981, 36.906651887000066 ], [ -76.237866714999939, 36.90664289800003 ], [ -76.237860245999968, 36.906636156000047 ], [ -76.237851279999973, 36.906626480000057 ], [ -76.237799573999951, 36.906571204000045 ], [ -76.237806690999946, 36.906568686000071 ], [ -76.237825227999963, 36.906561964000048 ], [ -76.237843988999941, 36.906555016000027 ], [ -76.237865651999982, 36.906546813000034 ], [ -76.237870768999983, 36.90654482900004 ], [ -76.237885811999945, 36.906539003000034 ], [ -76.237906755999973, 36.906530696000061 ], [ -76.237922373999936, 36.906524385000068 ], [ -76.237934219999943, 36.906519527000057 ], [ -76.237942969999949, 36.906515103000061 ], [ -76.237953085999948, 36.906509519000053 ], [ -76.237967506999951, 36.906501234000075 ], [ -76.237978164999959, 36.906494861000056 ], [ -76.23799102199996, 36.90648686000003 ], [ -76.238008258999969, 36.906475589000024 ], [ -76.238020517999985, 36.906467172000077 ], [ -76.238033319999943, 36.906457999000054 ], [ -76.238045150999938, 36.906449162000058 ], [ -76.238060023999935, 36.906437520000054 ], [ -76.238073304999944, 36.906426589000034 ], [ -76.23808668199996, 36.906415025000058 ], [ -76.238100927999938, 36.906402060000062 ], [ -76.238115658999959, 36.906387866000046 ], [ -76.238130076999937, 36.906373114000075 ], [ -76.238145313999951, 36.906356499000026 ], [ -76.238154695999981, 36.906345674000079 ], [ -76.238165840999955, 36.906332177000024 ], [ -76.238174412999967, 36.906321251000065 ], [ -76.238183585999934, 36.906308987000045 ], [ -76.238190715999963, 36.906299002000026 ], [ -76.23819806399996, 36.906288257000028 ], [ -76.238206927999954, 36.906274602000053 ], [ -76.238214750999987, 36.906261828000027 ], [ -76.238222358999963, 36.906248667000057 ], [ -76.238229943999954, 36.906234702000063 ], [ -76.238237559999959, 36.906219685000053 ], [ -76.238243668999985, 36.906206776000033 ], [ -76.238251029999958, 36.906189976000064 ], [ -76.238257274999967, 36.906174409000073 ], [ -76.23826239899995, 36.906160486000033 ], [ -76.238269223999964, 36.906139804000077 ], [ -76.238273654999944, 36.906124635000026 ], [ -76.23827750199996, 36.906109849000075 ], [ -76.238282206999941, 36.906088812000064 ], [ -76.238285683999948, 36.906069776000038 ], [ -76.238287478999951, 36.906057967000038 ], [ -76.238288444999966, 36.906050693000054 ], [ -76.23828989499998, 36.906037791000074 ], [ -76.238291104999973, 36.906023792000042 ], [ -76.238292, 36.906008094000072 ], [ -76.23829243299997, 36.905991262000043 ], [ -76.238292337999951, 36.905976119000059 ], [ -76.238291712999967, 36.905959255000027 ], [ -76.23829066899998, 36.905943987000057 ], [ -76.238289278999957, 36.905929753000066 ], [ -76.238287949999972, 36.905918902000053 ], [ -76.23828647199997, 36.905908593000049 ], [ -76.238283771999988, 36.905892673000039 ], [ -76.23828092499997, 36.905878451000035 ], [ -76.238278560999959, 36.905867963000048 ], [ -76.238276035999945, 36.905857719000039 ], [ -76.238274077999961, 36.905850327000053 ], [ -76.238272248999976, 36.905843765000043 ], [ -76.238269912999954, 36.905835859000035 ], [ -76.238267815999961, 36.905829100000062 ], [ -76.238186647999953, 36.905573336000032 ], [ -76.23803965999997, 36.905107545000078 ], [ -76.238034937999942, 36.905096477000029 ], [ -76.238030566999953, 36.905082360000051 ], [ -76.238029124999969, 36.905075783000029 ], [ -76.23802756799995, 36.905065259000025 ], [ -76.238027017999968, 36.905057596000063 ], [ -76.238026985999966, 36.905048328000078 ], [ -76.238028704999977, 36.905031633000078 ], [ -76.23803133399997, 36.905019788000061 ], [ -76.238035235999973, 36.905007845000057 ], [ -76.238043691999962, 36.904989800000067 ], [ -76.238050300999987, 36.904979146000073 ], [ -76.238056633999975, 36.904970541000068 ], [ -76.238064994999945, 36.904960827000025 ], [ -76.238074883999957, 36.90495110300003 ], [ -76.238097889999949, 36.904933558000039 ], [ -76.238111584999956, 36.90492542700008 ], [ -76.238124078999988, 36.904919275000054 ], [ -76.238147889999937, 36.904910219000044 ], [ -76.23816207699997, 36.904906271000073 ], [ -76.238178389999973, 36.90490292800007 ], [ -76.238190138999983, 36.904901270000039 ], [ -76.238201773999947, 36.904900216000044 ] ] ] ] } },
{ "type": "Feature", "properties": { "OBJECTID": 124, "UID": 124, "LEAGUE": "Sherwood Forest", "PRES_ADDRE": "No information Available", "MTG_FREQUE": "No information Available", "MTG_TIME": "unknown", "MTG_LOCATI": "No information Available", "SHAPE_LENG": null, "NAME1": "Sherwood", "NAME2": "Forest", "PRESIDENT": "No Inorfomation Available", "E_MAIL": "No information available", "created_user": null, "created_date": null, "last_edited_user": "WTILGHM", "last_edited_date": "2024-02-20T04:49:32Z", "Shape_Length": 0.031128884022946387, "Shape_Area": 4.3838543890354367e-05 }, "geometry": { "type": "MultiPolygon", "coordinates": [ [ [ [ -76.229900880999935, 36.874392079000074 ], [ -76.232045881999966, 36.871113066000078 ], [ -76.232147556999962, 36.870957580000038 ], [ -76.23214767199994, 36.870957668000074 ], [ -76.232124179999971, 36.871059832000071 ], [ -76.232121490999987, 36.871149757000069 ], [ -76.232353433999947, 36.872663749000026 ], [ -76.232479834999936, 36.872610781000049 ], [ -76.23281960099996, 36.872468422000054 ], [ -76.233147567999936, 36.872331361000079 ], [ -76.233426071999986, 36.872214968000037 ], [ -76.233482722999952, 36.872338074000027 ], [ -76.233591048999983, 36.872573475000024 ], [ -76.23370568699994, 36.872822585000051 ], [ -76.233776467999974, 36.872794381000062 ], [ -76.234038473999988, 36.87268997700005 ], [ -76.234055650999949, 36.872684962000051 ], [ -76.234300666999957, 36.87261342100004 ], [ -76.234324802999936, 36.872606374000043 ], [ -76.234372782999969, 36.872592042000065 ], [ -76.234394106999957, 36.872585672000071 ], [ -76.234434202999978, 36.872580633000041 ], [ -76.234475530999987, 36.872575438000069 ], [ -76.234632674999943, 36.87255889100004 ], [ -76.236083535999967, 36.872406105000039 ], [ -76.236242494999942, 36.873253151000029 ], [ -76.236265105999962, 36.873363916000073 ], [ -76.23627333099995, 36.873416062000047 ], [ -76.236419067999975, 36.874136873000054 ], [ -76.236513520999949, 36.874640162000048 ], [ -76.236536934999947, 36.874790859000029 ], [ -76.236556624999935, 36.87488544100006 ], [ -76.236616022999954, 36.875153118000071 ], [ -76.236654982999937, 36.875292430000059 ], [ -76.236695648999955, 36.875437844000032 ], [ -76.236712138999962, 36.875467767000032 ], [ -76.236733819999984, 36.875507113000026 ], [ -76.236808143999951, 36.87563738800003 ], [ -76.236855056999957, 36.875737710000067 ], [ -76.236870057999965, 36.875769790000049 ], [ -76.236888120999936, 36.875803741000027 ], [ -76.236946140999976, 36.875912800000037 ], [ -76.236976359999971, 36.875979961000041 ], [ -76.237047138999969, 36.876121309000041 ], [ -76.237092435999955, 36.876211770000054 ], [ -76.237179298999934, 36.87642852700003 ], [ -76.237212964999969, 36.876512537000053 ], [ -76.237284367999962, 36.876626539000029 ], [ -76.237307085999987, 36.876669355000047 ], [ -76.237346872999979, 36.876724225000032 ], [ -76.237352742999974, 36.876732320000031 ], [ -76.237348016999988, 36.876753321000024 ], [ -76.23737005199996, 36.876784617000055 ], [ -76.237359326999979, 36.876857370000039 ], [ -76.237325341999963, 36.876961651000045 ], [ -76.237174767999988, 36.87702044100007 ], [ -76.236096012999951, 36.877357393000068 ], [ -76.235502627999949, 36.877549381000051 ], [ -76.234982141999978, 36.877706291000038 ], [ -76.233543846999964, 36.878123822000077 ], [ -76.233367389999955, 36.878149289000078 ], [ -76.233275434999939, 36.878172262000078 ], [ -76.233229565999977, 36.878183720000038 ], [ -76.232168409999986, 36.87832406800004 ], [ -76.230645368999944, 36.878586923000057 ], [ -76.230351145999975, 36.87863769900008 ], [ -76.229980462999947, 36.87870829700006 ], [ -76.229156757999988, 36.878860906000057 ], [ -76.228907109999966, 36.878907158000061 ], [ -76.228047559999936, 36.879023163000056 ], [ -76.227919439999937, 36.879040453000073 ], [ -76.227863429999957, 36.879048012000055 ], [ -76.227472674999945, 36.87907754500003 ], [ -76.227199064999979, 36.879082869000058 ], [ -76.226895270999989, 36.879073935000065 ], [ -76.226954860999967, 36.878979901000037 ], [ -76.227081458999976, 36.878780126000038 ], [ -76.227299810999966, 36.878439674000049 ], [ -76.227305752999939, 36.87843044400006 ], [ -76.227548639999952, 36.878052628000034 ], [ -76.227849119999973, 36.877585427000042 ], [ -76.229900880999935, 36.874392079000074 ] ] ] ] } },
{ "type": "Feature", "properties": { "OBJECTID": 125, "UID": 125, "LEAGUE": "Northside", "PRES_ADDRE": "8718 Tidewater Drive", "MTG_FREQUE": "1st Tuesday March, June, Sept, Dec", "MTG_TIME": "7:00 pm", "MTG_LOCATI": "Mary Calcott Elementary School\r\nSt John Lutheran Church", "SHAPE_LENG": null, "NAME1": "Northside", "NAME2": null, "PRESIDENT": "Elgin Sanders\r\n", "E_MAIL": "northsidecivic@gmail.com", "created_user": null, "created_date": null, "last_edited_user": "WTILGHM", "last_edited_date": "2024-02-15T22:39:24Z", "Shape_Length": 0.080992471206543834, "Shape_Area": 0.00032836657181446093 }, "geometry": { "type": "MultiPolygon", "coordinates": [ [ [ [ -76.260446298999966, 36.946389679000049 ], [ -76.260080042999959, 36.945860374000063 ], [ -76.260052420999955, 36.945818963000079 ], [ -76.259186597999985, 36.946160314000053 ], [ -76.258112325999946, 36.946362136000062 ], [ -76.258081248999986, 36.945672069000068 ], [ -76.251262121999957, 36.944215950000057 ], [ -76.247968416999981, 36.943512469000041 ], [ -76.246489698999937, 36.943563690000076 ], [ -76.246523622999973, 36.943824471000028 ], [ -76.246303046999969, 36.943835024000066 ], [ -76.246003371999961, 36.943948198000044 ], [ -76.2458749, 36.944057714000053 ], [ -76.245425985999987, 36.944082384000069 ], [ -76.24563397299994, 36.943620926000051 ], [ -76.245641534999947, 36.94360284000004 ], [ -76.245672273999958, 36.943534452000051 ], [ -76.245800524999936, 36.943231059000027 ], [ -76.245799447999957, 36.943225106000057 ], [ -76.245799396999985, 36.94322481100005 ], [ -76.245718635999935, 36.942777295000042 ], [ -76.245682255999952, 36.942546175000075 ], [ -76.245544803999962, 36.941836869000042 ], [ -76.245362133999947, 36.940614212000071 ], [ -76.245176151999942, 36.939388056000041 ], [ -76.244332081999971, 36.933825570000067 ], [ -76.25016040099996, 36.933249021000051 ], [ -76.253640316999963, 36.932923370000026 ], [ -76.253454952999959, 36.931787906000068 ], [ -76.253185282999937, 36.930030448000025 ], [ -76.255258382999955, 36.930019851000054 ], [ -76.255890173999944, 36.930002101000071 ], [ -76.256427653999936, 36.929974835000053 ], [ -76.256706770999983, 36.92997101900005 ], [ -76.257180140999935, 36.929952427000046 ], [ -76.257689716999948, 36.929950586000075 ], [ -76.257832537999946, 36.92993780300003 ], [ -76.257938462999959, 36.929930332000026 ], [ -76.257960221999952, 36.929944646000024 ], [ -76.258204304999936, 36.930041477000032 ], [ -76.258512605999954, 36.93016233000003 ], [ -76.25922077599995, 36.930123361000028 ], [ -76.259927319999974, 36.930050616000074 ], [ -76.260677659999942, 36.930093386000067 ], [ -76.261353267999937, 36.930259423000052 ], [ -76.262037617999965, 36.930566446000057 ], [ -76.26297967499994, 36.931359459000078 ], [ -76.263850163999962, 36.932061671000042 ], [ -76.264126661999967, 36.931500521000032 ], [ -76.265309609999974, 36.930926944000078 ], [ -76.265943184999969, 36.931199968000044 ], [ -76.267561500999989, 36.932132200000069 ], [ -76.268175754999959, 36.93271026900004 ], [ -76.269018843999959, 36.933084001000054 ], [ -76.269310491999988, 36.933268400000031 ], [ -76.270771961999969, 36.932819144000064 ], [ -76.271502846999965, 36.933220541000026 ], [ -76.271632025999963, 36.933878830000026 ], [ -76.271164743999975, 36.934615245000032 ], [ -76.270852047999938, 36.935145914000032 ], [ -76.271561611999971, 36.935010310000052 ], [ -76.271935389999953, 36.934927961000028 ], [ -76.270992346999947, 36.937950799000077 ], [ -76.270785726999975, 36.938662344000079 ], [ -76.269847568999978, 36.940254343000049 ], [ -76.269450079999956, 36.941141131000052 ], [ -76.268977468999935, 36.942056303000072 ], [ -76.268706233999978, 36.942438699000036 ], [ -76.267694377999987, 36.942747414000053 ], [ -76.267348895999987, 36.943128396000077 ], [ -76.267164070999968, 36.943509789000075 ], [ -76.267060997999977, 36.943467524000027 ], [ -76.26570305599995, 36.944590166000069 ], [ -76.264885454999956, 36.945611808000024 ], [ -76.264721964999978, 36.945629890000077 ], [ -76.264632867999978, 36.945642236000026 ], [ -76.264457945999936, 36.945671699000059 ], [ -76.264255456999933, 36.945709303000058 ], [ -76.264111321999962, 36.945736169000043 ], [ -76.264019978999954, 36.945745200000033 ], [ -76.263913674999969, 36.945731460000047 ], [ -76.263468094999951, 36.945780970000044 ], [ -76.262824270999943, 36.945878127000071 ], [ -76.262446921999981, 36.946007984000062 ], [ -76.26228075399996, 36.946053549000055 ], [ -76.262140221999971, 36.946082750000073 ], [ -76.261746665999965, 36.946129005000046 ], [ -76.261293929999965, 36.946319018000054 ], [ -76.260914305999961, 36.946341657000062 ], [ -76.260873261999961, 36.94628184000004 ], [ -76.260834981999949, 36.946298357000046 ], [ -76.260608944999944, 36.946395890000076 ], [ -76.260484718999976, 36.946447639000041 ], [ -76.260446298999966, 36.946389679000049 ] ] ] ] } },
{ "type": "Feature", "properties": { "OBJECTID": 130, "UID": 104, "LEAGUE": "Talbot Hall West", "PRES_ADDRE": "No Information Available", "MTG_FREQUE": "Quarterly", "MTG_TIME": "7:00 pm", "MTG_LOCATI": "6721 Talbot Hall Crescent", "SHAPE_LENG": 11657.7372841, "NAME1": "Talbot Hall West", "NAME2": null, "PRESIDENT": "Gregory Adams", "E_MAIL": "THWCL2023@gmail.com", "created_user": "WTILGHM", "created_date": "2023-08-15T12:15:32Z", "last_edited_user": "WTILGHM", "last_edited_date": "2024-02-19T19:11:07Z", "Shape_Length": 0.01590440461186874, "Shape_Area": 1.2456363631991472e-05 }, "geometry": { "type": "MultiPolygon", "coordinates": [ [ [ [ -76.285441517999971, 36.905042786000024 ], [ -76.285470199999963, 36.904871987000035 ], [ -76.285813248999943, 36.904914940000026 ], [ -76.285852507999948, 36.904676902000062 ], [ -76.285806310999988, 36.904671761000031 ], [ -76.285854815999983, 36.904342911000072 ], [ -76.285923200999946, 36.90423962300008 ], [ -76.285972862999984, 36.903909270000042 ], [ -76.285727203999954, 36.903881713000033 ], [ -76.285793661999946, 36.903465162000032 ], [ -76.285806806999972, 36.90340662400007 ], [ -76.285769013999982, 36.903361353000037 ], [ -76.285686356999975, 36.903361271000051 ], [ -76.285699099999988, 36.903032760000031 ], [ -76.28552534399995, 36.902867417000039 ], [ -76.285633508999979, 36.902654772000062 ], [ -76.286096928999939, 36.902408561000072 ], [ -76.286104702999978, 36.90226006100005 ], [ -76.286496375999945, 36.902168188000076 ], [ -76.287362110999936, 36.901573889000076 ], [ -76.287349519999964, 36.901557819000061 ], [ -76.287104866999982, 36.901245543000073 ], [ -76.287114722999945, 36.901231966000068 ], [ -76.28733660499995, 36.900933003000034 ], [ -76.287570698999957, 36.901012346000073 ], [ -76.288575309999942, 36.901381056000048 ], [ -76.289508176999959, 36.904042051000033 ], [ -76.289525953999942, 36.904142233000073 ], [ -76.288679470999966, 36.904572785000028 ], [ -76.288668099999938, 36.904650342000025 ], [ -76.288577177999969, 36.905467587000032 ], [ -76.288525921999963, 36.905776242000059 ], [ -76.287439246999952, 36.905743041000051 ], [ -76.287138420999952, 36.905400597000039 ], [ -76.287119120999989, 36.905366665000031 ], [ -76.286418923999975, 36.905289111000059 ], [ -76.286143252999977, 36.905239962000053 ], [ -76.285441517999971, 36.905042786000024 ] ] ] ] } }
]
}
